comment_id,video_id,video_title,channel_id,channel_name,author_channel_id,author_handle_norm,texto_original,texto_sentimiento,texto_limpio,like_count,reply_count_num,len_original,n_emojis,source_query,source_group,predicted_label,prob_NEG,prob_NEU,prob_POS,confidence,margen,entropia,significado_label,prediccion_de_baja_confianza,modelo
Ugw-J65a1iYL9hqhELh4AaABAg,j43HgwYFKfk,La cooptación de Walter Mazariegos en la USAC,UCE4rsXcgDb6e1-a9iTbWzfg,Quorum,UCdFlugHJJa4l3YqWuNRmvXw,@MarcosCarillo-b1r,Ese corrupto amigo de la vieja fiscal los tengo que verbose en la carcel,Ese corrupto amigo de la vieja fiscal los tengo que verbose en la carcel,corrupto amigo viejo fiscal verbo el carcel,0,0,72,0,@quorumgt,topic,NEG,0.807787,0.146285,0.045928,0.807787,0.661502,0.595106,"polaridad negativa (critica, queja, rechazo, insulto)",False,pysentimiento/robertuito-sentiment-analysis
Ugw-ZT9t9wU2V-tCaUZ4AaABAg,06mFNPU0aB8,Capturan a presuntos delincuentes disfrazados de mujer señalados de cometer asalto,UCVpSRoZgngfSL03Nlbjtq9A,Noti7,UCvl1tzQeBeGy6efPTRJXSCw,@RaulPerez-cw2vi,"Están jóvenes porque no buscan un trabajo,  tuvieron suerte que no hay policías que le gusta del otro vando , por ir vestido de mujer se los hubieran ensamblado la maquinaria.","Están jóvenes porque no buscan un trabajo, tuvieron suerte que no hay policías que le gusta del otro vando , por ir vestido de mujer se los hubieran ensamblado la maquinaria.",joven buscar trabajo suerte policia gustar var vestido mujer ensamblado maquinario,0,0,175,0,guatemala noticias,topic,NEG,0.957398,0.036838,0.005764,0.957398,0.92056,0.193012,"polaridad negativa (critica, queja, rechazo, insulto)",False,pysentimiento/robertuito-sentiment-analysis
Ugw0xaOb2CYXXoudtwJ4AaABAg,j43HgwYFKfk,La cooptación de Walter Mazariegos en la USAC,UCE4rsXcgDb6e1-a9iTbWzfg,Quorum,UCRAquv8el-tQ30bN7MlmySQ,@iamjimalesssa,"Me dejaron con ganas de demandar la ilegalidad de las reuniones virtuales, esto no es una maquila","Me dejaron con ganas de demandar la ilegalidad de las reuniones virtuales, esto no es una maquila",dejar gana demandar ilegalidad reunion virtual maquila,4,0,97,0,@quorumgt,topic,NEG,0.971377,0.025967,0.002656,0.971377,0.94541,0.138765,"polaridad negativa (critica, queja, rechazo, insulto)",False,pysentimiento/robertuito-sentiment-analysis
Ugw0xgUc2ISpBr5_T654AaABAg,j43HgwYFKfk,La cooptación de Walter Mazariegos en la USAC,UCE4rsXcgDb6e1-a9iTbWzfg,Quorum,UCkbsS_3D-pvg1iHOld9uvIg,@gonzalo6075,Veremos a este mafioso de Mazariegos en la cárcel y un buen tiempo en la sombra.,Veremos a este mafioso de Mazariegos en la cárcel y un buen tiempo en la sombra.,mafioso mazariegos carcel tiempo sombra,0,0,80,0,@quorumgt/videos,channel,NEG,0.701865,0.267648,0.030487,0.701865,0.434217,0.707665,"polaridad negativa (critica, queja, rechazo, insulto)",False,pysentimiento/robertuito-sentiment-analysis
Ugw1ZzA21njWhaqQQTh4AaABAg,OkXlHx0hx-8,EE.UU. envía a mexicanos deportados a Guatemala antes de su regreso a México | Noticias Telemundo,UCRwA1NUcUnwsly35ikGhp0A,Noticias Telemundo,UCOLHH4ZpMxPYF-Q6e6wvn5A,@luisroldan7374,"eso es para que salga de USA por su propio pie 
que se auto deporten",eso es para que salga de USA por su propio pie que se auto deporten,salir pie auto deportar,2,1,68,0,guatemala noticias,topic,NEG,0.698098,0.27964,0.022261,0.698098,0.418458,0.691927,"polaridad negativa (critica, queja, rechazo, insulto)",False,pysentimiento/robertuito-sentiment-analysis
Ugw1ZzA21njWhaqQQTh4AaABAg.Aa9Tf29tBouAaB_XZQglTL,OkXlHx0hx-8,EE.UU. envía a mexicanos deportados a Guatemala antes de su regreso a México | Noticias Telemundo,UCRwA1NUcUnwsly35ikGhp0A,Noticias Telemundo,UCi2KiZq63sRq8Mfbcp-MelQ,@eugeneramirez4405,Imagine if they had to walk back home.,Imagine if they had to walk back home.,imagine they had walk back home,0,0,38,0,guatemala noticias,topic,NEU,0.308975,0.539604,0.151421,0.539604,0.230629,0.981618,"polaridad neutra (informativo, pregunta, sin carga afectiva clara)",False,pysentimiento/robertuito-sentiment-analysis
Ugw2014OIYf336oytFt4AaABAg,yLZS3JiEBg8,Arroz con pollo a la MONOPOLIO,UCE4rsXcgDb6e1-a9iTbWzfg,Quorum,UCXl30Y_upRqbti52fmjK4YA,@capitanfrans,buenísima investigacion :hand-purple-blue-peace::hand-purple-blue-peace::hand-purple-blue-peace:,buenísima investigacion :hand-purple-blue-peace::hand-purple-blue-peace::hand-purple-blue-peace:,buenisima investigacion,0,0,96,0,@quorumgt/videos,channel,POS,0.021916,0.388819,0.589265,0.589265,0.200447,0.762676,"polaridad positiva (aprobacion, agradecimiento, elogio, apoyo)",False,pysentimiento/robertuito-sentiment-analysis
Ugw2bSVOoNn2pc8ZcUl4AaABAg,n8iP75gIpmw,Qué rico come tu diputado,UCE4rsXcgDb6e1-a9iTbWzfg,Quorum,UCRelkU8JiZBytTzebJxaa-w,@danyraymundo2942,"Lleven su lonchera, sacrifiquense un poco. Y reintevren ese dinero. O están robando.","Lleven su lonchera, sacrifiquense un poco. Y reintevren ese dinero. O están robando.",lonchero sacrifiquense reintevrir dinero robar,3,0,84,0,@quorumgt/videos,channel,NEG,0.583548,0.376686,0.039767,0.583548,0.206862,0.810328,"polaridad negativa (critica, queja, rechazo, insulto)",False,pysentimiento/robertuito-sentiment-analysis
Ugw3gnUvLp6AqO0_odt4AaABAg,lj983NWyAQY,Plan 2032 Ciudad de Guatemala,UCXa6LVjBzUtmcM3cwbd9e2w,Municipalidad de Guatemala,UCgLurCo-e019HGODcjXHWCw,@perritojuega1,Viva Guatemala 🇬🇹🇬🇹🇬🇹🥳🥳🥳,Viva Guatemala emoji bandera guatemala emoji emoji bandera guatemala emoji emoji bandera guatemala emoji emoji cara de fiesta emoji emoji cara de fiesta emoji emoji cara de fiesta emoji,vivo guatemala,2,0,24,6,Municipalidad de Guatemala,topic,NEU,0.136546,0.68019,0.183264,0.68019,0.496926,0.844976,"polaridad neutra (informativo, pregunta, sin carga afectiva clara)",False,pysentimiento/robertuito-sentiment-analysis
Ugw4C1ijI36l6LAiSZh4AaABAg,n8iP75gIpmw,Qué rico come tu diputado,UCE4rsXcgDb6e1-a9iTbWzfg,Quorum,UCDIMztpVm7G27qBuiWuT6oQ,@lizardomorataya8274,LADRONES !!!!,LADRONES !!!,ladron,0,0,13,0,@quorumgt/videos,channel,NEG,0.581595,0.289842,0.128563,0.581595,0.291753,0.937886,"polaridad negativa (critica, queja, rechazo, insulto)",False,pysentimiento/robertuito-sentiment-analysis
Ugw4St_YnT9_Ya5xSPt4AaABAg,ndAZjHqzzT8,Internet: escoger el menos malo,UCE4rsXcgDb6e1-a9iTbWzfg,Quorum,UCZOmq6MwFDVoCaEl99BRRaw,@daniloarevalo3170,"Otro pequeño truco es que tenés un plan mensual de Gb y redes ilimitadas y luego te mandan mensaje que consumiste el 95% de tu plan y ahi viene el caos verificas el consumo de tus datos y solo has utilizado redes, con un mínimo de internet y por ende hay que hacer una recarga adicional,,, porque vas a averiguar y solo te dicen que sí consumiste tus datos y ya,,,,a recargar,,un negoció redondo para ambas empresas 🤮🤮😠😠💵💵","Otro pequeño truco es que tenés un plan mensual de Gb y redes ilimitadas y luego te mandan mensaje que consumiste el 95% de tu plan y ahi viene el caos verificas el consumo de tus datos y solo has utilizado redes, con un mínimo de internet y por ende hay que hacer una recarga adicional,,, porque vas a averiguar y solo te dicen que sí consumiste tus datos y ya,,,a recargar,,un negoció redondo para ambas empresas emoji cara vomitando emoji emoji cara vomitando emoji emoji cara enfadada emoji emoji cara enfadada emoji emoji billete de dólar emoji emoji billete de dólar emoji",pequeno truco ten plar mensual red ilimitado mandar mensaje consumistir plan venir cao verifica consumo dato utilizado red minimo internet ende recargar adicional vas averiguar consumiste dato recargar negocio redondo empresa,0,0,422,6,@quorumgt/videos,channel,NEG,0.946094,0.050359,0.003547,0.946094,0.895735,0.222941,"polaridad negativa (critica, queja, rechazo, insulto)",False,pysentimiento/robertuito-sentiment-analysis
Ugw4ccnmIWJaE6VNRWN4AaABAg,6W4u8sGEnGM,Inician los trabajos de recuperación del Puente Belice II.,UC-ZtFBHzgkYFh7whZkuR_Ag,Gobierno de la República de Guatemala,UCFybmWapGvBKcQod7cPPH9w,@vitalianochavez8382,Que bien que cambio de nombre,Que bien que cambio de nombre,cambio nombre,1,0,29,0,Gobierno de la República de Guatemala,topic,POS,0.024984,0.075266,0.89975,0.89975,0.824484,0.381919,"polaridad positiva (aprobacion, agradecimiento, elogio, apoyo)",False,pysentimiento/robertuito-sentiment-analysis
Ugw5E402-fn52PLXFIJ4AaABAg,n8iP75gIpmw,Qué rico come tu diputado,UCE4rsXcgDb6e1-a9iTbWzfg,Quorum,UCh5ESQvtzyHDhCA7XyekCFA,@andyB5280,Tiene un poquito de oro y no habla como resolver los problemas .,Tiene un poquito de oro y no habla como resolver los problemas .,poquito oro resolver problema,0,0,64,0,@quorumgt/videos,channel,NEG,0.719691,0.255251,0.025058,0.719691,0.46444,0.677656,"polaridad negativa (critica, queja, rechazo, insulto)",False,pysentimiento/robertuito-sentiment-analysis
Ugw5URsiAF9QVoniY-l4AaABAg,n8iP75gIpmw,Qué rico come tu diputado,UCE4rsXcgDb6e1-a9iTbWzfg,Quorum,UCWIZUtKJ636y-4TYrNvok0g,@cesarandreas7824,"Si a los diputados no les alcanza el sueldo que se busquen otro trabajo,  ya sea de los departamentos o de la capital.","Si a los diputados no les alcanza el sueldo que se busquen otro trabajo, ya sea de los departamentos o de la capital.",diputado alcanzar sueldo buscar trabajo departamento capital,5,0,118,0,@quorumgt/videos,channel,NEG,0.888064,0.105316,0.006619,0.888064,0.782748,0.375682,"polaridad negativa (critica, queja, rechazo, insulto)",False,pysentimiento/robertuito-sentiment-analysis
Ugw5xMAuDaygo77ynI94AaABAg,n8iP75gIpmw,Qué rico come tu diputado,UCE4rsXcgDb6e1-a9iTbWzfg,Quorum,UCzoL2l5H5eVlorWGH8AZfAg,@jor77cas,"Lamentable son las EXCUSAS,  reclama que porque no se ve el trabajo que realizan, sueldon para que se costeen sus propios alimentos, pero tienen que ir a restaurantes de lujo y el PUEBLO luchando para llevar un pan a su mesa, muchos ni a eso llegan  ...","Lamentable son las EXCUSAS, reclama que porque no se ve el trabajo que realizan, sueldon para que se costeen sus propios alimentos, pero tienen que ir a restaurantes de lujo y el PUEBLO luchando para llevar un pan a su mesa, muchos ni a eso llegan ...",lamentable excusa reclamar trabajo sueldon costeir alimento restaurante lujo pueblo luchar pan mesa llegar,6,0,253,0,@quorumgt/videos,channel,NEG,0.981262,0.016041,0.002697,0.981262,0.965221,0.100808,"polaridad negativa (critica, queja, rechazo, insulto)",False,pysentimiento/robertuito-sentiment-analysis
Ugw6cfXYfV4H-asKlDR4AaABAg,TT4qJ5FXHYE,"I’x K’at: el primer equipo guatemalteco de pelota maya, conformado únicamente por mujeres.",UCE4rsXcgDb6e1-a9iTbWzfg,Quorum,UCKVzDUqbtdSMBcexaEtMmzQ,@rotorairgroup8409,No se ve un deporte dinamico ni entretenido. El trasfondo de este juego era bastante macabro y refleja la oscuridad de las culturas pre colombinas en America. No le encuentro sentido a recrear algo tan negativo y arcaico.,No se ve un deporte dinamico ni entretenido. El trasfondo de este juego era bastante macabro y refleja la oscuridad de las culturas pre colombinas en America. No le encuentro sentido a recrear algo tan negativo y arcaico.,deporte dinamico entretenido trasfondo juego macabro reflejar oscuridad cultura pre colombina americo encuentro recrear negativo arcaico,0,0,221,0,@quorumgt/videos,channel,NEG,0.975022,0.021453,0.003525,0.975022,0.953569,0.126992,"polaridad negativa (critica, queja, rechazo, insulto)",False,pysentimiento/robertuito-sentiment-analysis
Ugw74asIfir0_SVC6OB4AaABAg,j43HgwYFKfk,La cooptación de Walter Mazariegos en la USAC,UCE4rsXcgDb6e1-a9iTbWzfg,Quorum,UCNpt5CQlTzNjlAKY6CJtClQ,@eustaquiogomez9975,Denle golpe universitario (de estado). Lo puede hacer el CSU?,Denle golpe universitario (de estado). Lo puede hacer el CSU?,denle golpe universitario csu,0,0,61,0,@quorumgt/videos,channel,NEU,0.298365,0.685453,0.016182,0.685453,0.387088,0.686465,"polaridad neutra (informativo, pregunta, sin carga afectiva clara)",False,pysentimiento/robertuito-sentiment-analysis
Ugw86zOgTwKzYotlT9l4AaABAg,n8iP75gIpmw,Qué rico come tu diputado,UCE4rsXcgDb6e1-a9iTbWzfg,Quorum,UCut6b9S98nv84cVX89PmKzA,@yeniferaguirre4498,Y el pueblo muriéndose de hambre muchas madres de familia ganando 50 quetzales al día y en algunos departamentos solo ganan 30 te voy a dar mención una aldea llamada el jabalí 30 quetzales al día gana algunas personas ganan 300 quetzales a la semana fiestas sanguijuelas se los comieron en un almuerzo,Y el pueblo muriéndose de hambre muchas madres de familia ganando 50 quetzales al día y en algunos departamentos solo ganan 30 te voy a dar mención una aldea llamada el jabalí 30 quetzales al día gana algunas personas ganan 300 quetzales a la semana fiestas sanguijuelas se los comieron en un almuerzo,pueblo morir el hambre madre familia ganar quetzales departamento ganar mencion aldea llamado jabali quetzales ganar persona ganar quetzales semana fiesta sanguijuela comer almuerzo,1,0,301,0,@quorumgt/videos,channel,NEG,0.904509,0.088963,0.006529,0.904509,0.815546,0.338877,"polaridad negativa (critica, queja, rechazo, insulto)",False,pysentimiento/robertuito-sentiment-analysis
Ugw8iZ_G2Cwq-9ZYctt4AaABAg,j43HgwYFKfk,La cooptación de Walter Mazariegos en la USAC,UCE4rsXcgDb6e1-a9iTbWzfg,Quorum,UCQyOePccUP-fIJYzchAgZYw,@aguilar4254,"Pues son muchos los alumnos hay que unirse se han quedado con la pata del Walter en el cuello, fuera hay que sacarlos","Pues son muchos los alumnos hay que unirse se han quedado con la pata del Walter en el cuello, fuera hay que sacarlos",alumno unir el quedado patar walter cuello sacar el,0,0,117,0,@quorumgt/videos,channel,NEG,0.944885,0.043585,0.01153,0.944885,0.9013,0.241577,"polaridad negativa (critica, queja, rechazo, insulto)",False,pysentimiento/robertuito-sentiment-analysis
Ugw8pyxscJNUQpfoKuF4AaABAg,n8iP75gIpmw,Qué rico come tu diputado,UCE4rsXcgDb6e1-a9iTbWzfg,Quorum,UCOLGv5Pf6BF2wFcwUzgcvHg,@welfrealdana5559,Todos lis que trabajan en la capital pagamos apartamento y no tenemos carro y gasolina gratis,Todos lis que trabajan en la capital pagamos apartamento y no tenemos carro y gasolina gratis,trabajar capital pagar apartamento carro gasolina gratis,4,0,93,0,@quorumgt/videos,channel,NEG,0.794072,0.195315,0.010613,0.794072,0.598757,0.550317,"polaridad negativa (critica, queja, rechazo, insulto)",False,pysentimiento/robertuito-sentiment-analysis
Ugw9_Qw_QaSdggWuKJt4AaABAg,06mFNPU0aB8,Capturan a presuntos delincuentes disfrazados de mujer señalados de cometer asalto,UCVpSRoZgngfSL03Nlbjtq9A,Noti7,UCAxvOOHQk7dYPOajzFEVtbA,@ruddydepaz322,Las dos se ubieran vestido de rosita con tacones y medias.Dia y noche no les ba faltar de todos calibres .delen una bolsa de pintalabios también .,Las dos se ubieran vestido de rosita con tacones y medias.Dia y noche no les ba faltar de todos calibres .delen una bolsa de pintalabios también .,ubeir vestido rositar tacon noche faltar calibre delen bolsa pintalabio,0,0,146,0,guatemala noticias,topic,NEU,0.12266,0.815262,0.062079,0.815262,0.692602,0.596435,"polaridad neutra (informativo, pregunta, sin carga afectiva clara)",False,pysentimiento/robertuito-sentiment-analysis
Ugw9eye2GML6RHRSu-14AaABAg,n8iP75gIpmw,Qué rico come tu diputado,UCE4rsXcgDb6e1-a9iTbWzfg,Quorum,UCQ_-LPP8JAbfkc-b1Q6NvWw,@MegaKristenstewart,La gente muriendose de hambre y esos ladrones comiendo de maravilla que verguenza...,La gente muriendose de hambre y esos ladrones comiendo de maravilla que verguenza...,morir el hambre ladron comer maravilla verguenza,31,0,84,0,@quorumgt/videos,channel,NEG,0.952802,0.037278,0.00992,0.952802,0.915524,0.214448,"polaridad negativa (critica, queja, rechazo, insulto)",False,pysentimiento/robertuito-sentiment-analysis
UgwA5aTmgACLCuTUT494AaABAg,lj983NWyAQY,Plan 2032 Ciudad de Guatemala,UCXa6LVjBzUtmcM3cwbd9e2w,Municipalidad de Guatemala,UCXmrpc6Li0spcKxtS0Q_ptg,@melvinperez6710,Guatemala nunca se tube que llamar guatemala dino guatebella guatehermosa guatelinda la eterna primavera es guatebella abrazos hnos de un salvadoreno que viva el amor y la armonia,Guatemala nunca se tube que llamar guatemala dino guatebella guatehermosa guatelinda la eterna primavera es guatebella abrazos hnos de un salvadoreno que viva el amor y la armonia,guatemala tube llamar guatemala dino guatebella guatehermos guatelinda eterno primavera guatebello abrazo hno salvadoreno viva amor armonia,10,0,179,0,Municipalidad de Guatemala,topic,POS,0.010685,0.131398,0.857917,0.857917,0.726519,0.446648,"polaridad positiva (aprobacion, agradecimiento, elogio, apoyo)",False,pysentimiento/robertuito-sentiment-analysis
UgwARHTnVAzzPrHbNox4AaABAg,n8iP75gIpmw,Qué rico come tu diputado,UCE4rsXcgDb6e1-a9iTbWzfg,Quorum,UCZ51R_9Q9C0c8I3pAWhtmjQ,@belvettzapeta1251,Me parece excelente esta entrevista,Me parece excelente esta entrevista,excelente entrevista,8,0,35,0,@quorumgt/videos,channel,POS,0.002945,0.023276,0.973779,0.973779,0.950503,0.130564,"polaridad positiva (aprobacion, agradecimiento, elogio, apoyo)",False,pysentimiento/robertuito-sentiment-analysis
UgwBIwUPLGxEWAu3Mh14AaABAg,X_FAIef8qlE,Cruzando la ciudad a puro Transmetro,UCE4rsXcgDb6e1-a9iTbWzfg,Quorum,UCPLW0HE3siElqCgXfgWxMqg,@elizabethmonterroso7719,"¿Como se subscribe uno al boletín informativo? 
Yo intenté desde la pagina web pero  los teléfonos que tienen colocados  dice telgua que no existen. Y WhatsApp igual dice que ese teléfono no existe.",¿Como se subscribe uno al boletín informativo? Yo intenté desde la pagina web pero los teléfonos que tienen colocados dice telgua que no existen. Y WhatsApp igual dice que ese teléfono no existe.,subscribir boletin informativo intentar pagina web telefono colocado telguo whatsapp telefono,0,0,198,0,@quorumgt/videos,channel,NEG,0.853716,0.142097,0.004188,0.853716,0.711619,0.435218,"polaridad negativa (critica, queja, rechazo, insulto)",False,pysentimiento/robertuito-sentiment-analysis
UgwCW5PErySUmwse3bZ4AaABAg,OkXlHx0hx-8,EE.UU. envía a mexicanos deportados a Guatemala antes de su regreso a México | Noticias Telemundo,UCRwA1NUcUnwsly35ikGhp0A,Noticias Telemundo,UCxhtlxPV8AYWaNNyU6S9H8Q,@WilR-s8r,Pero hay que ver el lado bueno si los deportan por la Frontera los carteles los secuestran para sacar dinero a los familiares en USA,Pero hay que ver el lado bueno si los deportan por la Frontera los carteles los secuestran para sacar dinero a los familiares en USA,deportar frontera cartel secuestrar sacar dinero familiar,0,0,132,0,guatemala noticias,topic,NEU,0.465587,0.472742,0.061671,0.472742,0.007154,0.881914,"polaridad neutra (informativo, pregunta, sin carga afectiva clara)",True,pysentimiento/robertuito-sentiment-analysis
UgwCfRlzeiXz172UQQV4AaABAg,yLZS3JiEBg8,Arroz con pollo a la MONOPOLIO,UCE4rsXcgDb6e1-a9iTbWzfg,Quorum,UCvcu1kR8xMYy_I1Ty-2mV2Q,@hashojea7348,"Este video debe llegar a muchas personas, es muy buena información","Este video debe llegar a muchas personas, es muy buena información",video llegar persona informacion,0,0,66,0,@quorumgt/videos,channel,POS,0.002826,0.035512,0.961662,0.961662,0.92615,0.172715,"polaridad positiva (aprobacion, agradecimiento, elogio, apoyo)",False,pysentimiento/robertuito-sentiment-analysis
UgwCw9bhAw6suYQfCWx4AaABAg,j43HgwYFKfk,La cooptación de Walter Mazariegos en la USAC,UCE4rsXcgDb6e1-a9iTbWzfg,Quorum,UCaKAjTW9MVub_clgr4DRYjQ,@josecastillo4390,Qué lujooo de contenidooooo 🔥,Qué lujooo de contenidooo emoji fuego emoji,lujoo contenidoo,6,0,29,1,@quorumgt,topic,POS,0.034691,0.203314,0.761995,0.761995,0.558681,0.647609,"polaridad positiva (aprobacion, agradecimiento, elogio, apoyo)",False,pysentimiento/robertuito-sentiment-analysis
UgwEOUk-ofXNqkHW5Cx4AaABAg,n8iP75gIpmw,Qué rico come tu diputado,UCE4rsXcgDb6e1-a9iTbWzfg,Quorum,UCxff05WuyvwELNITi7bj7UA,@markoherrera,"Desde que dijo que qué hacían los periodistas por el país lo deje de escuchar, no me quiero picar el hígado","Desde que dijo que qué hacían los periodistas por el país lo deje de escuchar, no me quiero picar el hígado",haciar periodista dejar escuchar querer picar higado,3,0,107,0,@quorumgt/videos,channel,NEG,0.959826,0.037203,0.002971,0.959826,0.922622,0.179092,"polaridad negativa (critica, queja, rechazo, insulto)",False,pysentimiento/robertuito-sentiment-analysis
UgwEQHx8Ik7SbxBTQ914AaABAg,n8iP75gIpmw,Qué rico come tu diputado,UCE4rsXcgDb6e1-a9iTbWzfg,Quorum,UCZLG9qH0tUjNhEGFIUt0CYw,@SoniaMarroquin-y6e,Otros nuevos corruptos,Otros nuevos corruptos,corrupto,1,0,22,0,@quorumgt/videos,channel,NEU,0.354859,0.523925,0.121215,0.523925,0.169066,0.962102,"polaridad neutra (informativo, pregunta, sin carga afectiva clara)",False,pysentimiento/robertuito-sentiment-analysis
UgwEjfj5ueeimHg-Hbt4AaABAg,j43HgwYFKfk,La cooptación de Walter Mazariegos en la USAC,UCE4rsXcgDb6e1-a9iTbWzfg,Quorum,UCwgCc9Jd_gG-uLE_SY-FfPg,@armindapenados2841,¡¡¡La USAC NO tiene rector sólo un usurpador!!!,¡¡¡La USAC NO tiene rector sólo un usurpador!!!,usac rector usurpador,0,0,47,0,@quorumgt/videos,channel,NEG,0.879448,0.104429,0.016123,0.879448,0.77502,0.415453,"polaridad negativa (critica, queja, rechazo, insulto)",False,pysentimiento/robertuito-sentiment-analysis
UgwG3XiEgFlHKtrtTqd4AaABAg,n8iP75gIpmw,Qué rico come tu diputado,UCE4rsXcgDb6e1-a9iTbWzfg,Quorum,UCXSkL3ejZ8qWYyF_M7s_QKA,@JacintaTzoy,"Entoces las mismas 💩😡 Junta Directiva haciéndose de las suyas con el dinero del Estado. Ya basta de tanto robo, barriles sin fondos..💩😡","Entoces las mismas emoji caca con ojos emoji emoji cara cabreada emoji Junta Directiva haciéndose de las suyas con el dinero del Estado. Ya basta de tanto robo, barriles sin fondos.. emoji caca con ojos emoji emoji cara cabreada emoji",entoz directivo hacer el dinero bastar robo barril fondo,0,0,135,4,@quorumgt/videos,channel,NEG,0.965241,0.031285,0.003474,0.965241,0.933956,0.162211,"polaridad negativa (critica, queja, rechazo, insulto)",False,pysentimiento/robertuito-sentiment-analysis
UgwGm1V-_GN1ZPcijdl4AaABAg,n8iP75gIpmw,Qué rico come tu diputado,UCE4rsXcgDb6e1-a9iTbWzfg,Quorum,UChs3tU2BcKOT0CezykvAsGw,@byronpontaza,"Eso es lo que yo no entiendo de los periodistas, porque ahora atacan con tanto entusiasmo estas cosas, en el gobierno anterior estuvieron callados, o en ese tiempo también ellos recibían sus pagos","Eso es lo que yo no entiendo de los periodistas, porque ahora atacan con tanto entusiasmo estas cosas, en el gobierno anterior estuvieron callados, o en ese tiempo también ellos recibían sus pagos",entender periodista atacar entusiasmo gobierno callado tiempo recibiar pago,2,0,196,0,@quorumgt/videos,channel,NEG,0.933831,0.06276,0.003409,0.933831,0.871072,0.257043,"polaridad negativa (critica, queja, rechazo, insulto)",False,pysentimiento/robertuito-sentiment-analysis
UgwHY5LtTiQ0lBONp8N4AaABAg,n8iP75gIpmw,Qué rico come tu diputado,UCE4rsXcgDb6e1-a9iTbWzfg,Quorum,UC6PvO1_k5lHKGdAPo5_C6TA,@johnmejia992,"Tanto mierda este programa... tiene razón pero 
Y porque no le tira así a los corruptos",Tanto mierda este programa... tiene razón pero Y porque no le tira así a los corruptos,mierdo programa razon tirar corrupto,1,0,87,0,@quorumgt/videos,channel,NEG,0.945689,0.045767,0.008544,0.945689,0.899922,0.234654,"polaridad negativa (critica, queja, rechazo, insulto)",False,pysentimiento/robertuito-sentiment-analysis
UgwIB06iEQnFOFLc9et4AaABAg,6W4u8sGEnGM,Inician los trabajos de recuperación del Puente Belice II.,UC-ZtFBHzgkYFh7whZkuR_Ag,Gobierno de la República de Guatemala,UCwxoKK59nGCeBqB2sXfDBIw,@vic-bonivideos,"Indignante COMO EXISTEN unos GUATEMALTECOS ESTÚPIDOS , los PROYECTOS, SON PROYECTOS DE ESTADOS no de PARTIDOS POLÍTICOS, lo que hubiera estado HACIENDO EL ZURDO PRESIDENTE era INAURANDO su CONSTRUCCIÓN no reempezar lo que hace 3 años empezó así como el el puente Roosevelt no tuvo ningún cambio fue lo que ya estaba expuesto, lo que sucede que siempre llega otro delincuente y quiere su mordida ese PROSUPUESTO YA ESTABA ECHO ..","Indignante COMO EXISTEN unos GUATEMALTECOS ESTÚPIDOS , los PROYECTOS, SON PROYECTOS DE ESTADOS no de PARTIDOS POLÍTICOS, lo que hubiera estado HACIENDO EL ZURDO PRESIDENTE era INAURANDO su CONSTRUCCIÓN no reempezar lo que hace 3 años empezó así como el el puente Roosevelt no tuvo ningún cambio fue lo que ya estaba expuesto, lo que sucede que siempre llega otro delincuente y quiere su mordida ese PROSUPUESTO YA ESTABA ECHO ..",indignante guatemalteco estupido proyecto proyecto partido politico zurdo presidente inaurar construccion reempezar ano empezo puente roosevelt cambio expuesto suceder llegar delincuente mordido prosupuesto echo,0,1,428,0,Gobierno de la República de Guatemala,topic,NEG,0.962308,0.033109,0.004583,0.962308,0.929198,0.174488,"polaridad negativa (critica, queja, rechazo, insulto)",False,pysentimiento/robertuito-sentiment-analysis
UgwIB06iEQnFOFLc9et4AaABAg.Aa-0m2jDJt2Aa42DVzs9Zy,6W4u8sGEnGM,Inician los trabajos de recuperación del Puente Belice II.,UC-ZtFBHzgkYFh7whZkuR_Ag,Gobierno de la República de Guatemala,UCWaRixDdpgllTBf4V0jPnKQ,@hectormaaz5523,Tantos.que empezaron y no llegaron ni siquiera a la mitad puentes donde no hay Rio para robar el dinero y este presidente llegó para hacer algo diferente y eso que no vote por el pues tampoco he cotado por los corruptos pero a este presente si votaría por el si fuera posible,Tantos.que empezaron y no llegaron ni siquiera a la mitad puentes donde no hay Rio para robar el dinero y este presidente llegó para hacer algo diferente y eso que no vote por el pues tampoco he cotado por los corruptos pero a este presente si votaría por el si fuera posible,empezar llegar siquiera mitad puente rio robar dinero presidente vote cotado corrupto presente votario,0,0,275,0,Gobierno de la República de Guatemala,topic,NEG,0.833404,0.13864,0.027956,0.833404,0.694764,0.525813,"polaridad negativa (critica, queja, rechazo, insulto)",False,pysentimiento/robertuito-sentiment-analysis
UgwIBBqN6fh6MURkwkN4AaABAg,j43HgwYFKfk,La cooptación de Walter Mazariegos en la USAC,UCE4rsXcgDb6e1-a9iTbWzfg,Quorum,UCkVtmkK07b2zaVVNssX4lOg,@HectorElias-u2l,"Mucha importancia le dan a éste ladrón maldito,","Mucha importancia le dan a éste ladrón maldito,",importancia ladron maldito,0,0,47,0,@quorumgt,topic,NEG,0.971289,0.022602,0.006109,0.971289,0.948687,0.145095,"polaridad negativa (critica, queja, rechazo, insulto)",False,pysentimiento/robertuito-sentiment-analysis
UgwIiqrp6EYNoFmnBAR4AaABAg,n8iP75gIpmw,Qué rico come tu diputado,UCE4rsXcgDb6e1-a9iTbWzfg,Quorum,UCN6qbfPSzFtjhqUDZ3Cv3CQ,@carlosmedranovelasquez6380,"O sea que si es válido que se den sus gustos con el dinero de los guatemaltecos, es una sinverguenzada, para eso tienen jugosos salarios no le roben al pueblo","O sea que si es válido que se den sus gustos con el dinero de los guatemaltecos, es una sinverguenzada, para eso tienen jugosos salarios no le roben al pueblo",valido gusto dinero guatemalteco sinverguenzado jugoso salario robir pueblo,2,0,158,0,@quorumgt/videos,channel,NEG,0.920977,0.062556,0.016468,0.920977,0.858421,0.316823,"polaridad negativa (critica, queja, rechazo, insulto)",False,pysentimiento/robertuito-sentiment-analysis
UgwIlv8gtF3WKYfHSJJ4AaABAg,j43HgwYFKfk,La cooptación de Walter Mazariegos en la USAC,UCE4rsXcgDb6e1-a9iTbWzfg,Quorum,UC95PSMouTx2N5CbSq0hIyrQ,@lisss1908,😮,emoji cara con la boca abierta emoji,,0,0,1,1,@quorumgt/videos,channel,NEU,0.256014,0.702154,0.041832,0.702154,0.44614,0.729888,"polaridad neutra (informativo, pregunta, sin carga afectiva clara)",False,pysentimiento/robertuito-sentiment-analysis
UgwJ4UehO5E4j0niJU14AaABAg,n8iP75gIpmw,Qué rico come tu diputado,UCE4rsXcgDb6e1-a9iTbWzfg,Quorum,UCueV9cTyTDwgQSec1x2dYgA,@fredydomingo7062,😂😂😂😂solo pajas😅😅que político gasta su dinero por el país,emoji cara llorando de risa emoji emoji cara llorando de risa emoji emoji cara llorando de risa emoji solo pajas emoji cara sonriendo con sudor frío emoji emoji cara sonriendo con sudor frío emoji que político gasta su dinero por el país,paja politico gastar dinero,0,0,56,6,@quorumgt/videos,channel,NEG,0.786862,0.200193,0.012946,0.786862,0.586669,0.566893,"polaridad negativa (critica, queja, rechazo, insulto)",False,pysentimiento/robertuito-sentiment-analysis
UgwJMFYT7I9czw_oa0V4AaABAg,n8iP75gIpmw,Qué rico come tu diputado,UCE4rsXcgDb6e1-a9iTbWzfg,Quorum,UC5H8ASmMC9WrURmzeB4ySog,@ManuelEdran,No es el tema centrese y aclare...,No es el tema centrese y aclare...,tema centrese aclare,1,0,34,0,@quorumgt/videos,channel,NEU,0.12742,0.786834,0.085746,0.786834,0.659413,0.661777,"polaridad neutra (informativo, pregunta, sin carga afectiva clara)",False,pysentimiento/robertuito-sentiment-analysis
UgwJN55EmMcKPRb_AfB4AaABAg,n8iP75gIpmw,Qué rico come tu diputado,UCE4rsXcgDb6e1-a9iTbWzfg,Quorum,UCHhHUjaMAZ8SiXdCUCj9DkQ,@fredymendez1786,hay cosas que yo no entiendo de Guatemala que a mi suena ilogico. Dandole almuerzos gratis a funcionarios publico? a poco no es suficiente con todos los robos que hacen aparte de los salarios incontables que tienen. Porque no crean un fondo mas para las escuelas para que los niños desnutridos que seria de gran ayuda para los padres.,hay cosas que yo no entiendo de Guatemala que a mi suena ilogico. Dandole almuerzos gratis a funcionarios publico? a poco no es suficiente con todos los robos que hacen aparte de los salarios incontables que tienen. Porque no crean un fondo mas para las escuelas para que los niños desnutridos que seria de gran ayuda para los padres.,entender guatemala sonar ilogico dar el almuerzo gratis funcionario publico suficiente robo aparte salario incontabl crear fondo escuela nino desnutrido ayuda padr,1,0,334,0,@quorumgt/videos,channel,NEG,0.974812,0.021796,0.003392,0.974812,0.953016,0.127549,"polaridad negativa (critica, queja, rechazo, insulto)",False,pysentimiento/robertuito-sentiment-analysis
UgwKjHT5lyjLiqR9ym94AaABAg,n8iP75gIpmw,Qué rico come tu diputado,UCE4rsXcgDb6e1-a9iTbWzfg,Quorum,UCgvw7xIdGFupzpt1Y_BFkEA,@fredygarcia9151,Si hacen algo bueno para guate es por eso que se les paga.,Si hacen algo bueno para guate es por eso que se les paga.,guate pagar,1,0,58,0,@quorumgt/videos,channel,POS,0.100737,0.203233,0.696031,0.696031,0.492798,0.807262,"polaridad positiva (aprobacion, agradecimiento, elogio, apoyo)",False,pysentimiento/robertuito-sentiment-analysis
UgwL_UlN82zRUeNgVDh4AaABAg,j43HgwYFKfk,La cooptación de Walter Mazariegos en la USAC,UCE4rsXcgDb6e1-a9iTbWzfg,Quorum,UCeDNEtI8_a42bZ47wJiJMwQ,@EdgarcalderonCalderong,SECUESTRADOR DE LA U DE SAN CARLOS,SECUESTRADOR DE LA U DE SAN CARLOS,secuestrador san carlos,0,0,34,0,@quorumgt/videos,channel,NEU,0.39245,0.565305,0.042245,0.565305,0.172856,0.823196,"polaridad neutra (informativo, pregunta, sin carga afectiva clara)",False,pysentimiento/robertuito-sentiment-analysis
UgwMfCTNaiukOxMqfON4AaABAg,6W4u8sGEnGM,Inician los trabajos de recuperación del Puente Belice II.,UC-ZtFBHzgkYFh7whZkuR_Ag,Gobierno de la República de Guatemala,UCiOZX__1gahg1ypIj0_XG_w,@mariogonzalezorellana8956,Pero ya enseña,Pero ya enseña,ensena,1,0,14,0,Gobierno de la República de Guatemala,topic,NEU,0.081364,0.756609,0.162027,0.756609,0.594582,0.71004,"polaridad neutra (informativo, pregunta, sin carga afectiva clara)",False,pysentimiento/robertuito-sentiment-analysis
UgwNvErOoJ_qRYF6TB94AaABAg,j43HgwYFKfk,La cooptación de Walter Mazariegos en la USAC,UCE4rsXcgDb6e1-a9iTbWzfg,Quorum,UCqCrvuoJpC-aVb0f4logQRQ,@Lyrics_GT,"Es una buena universidad, ahí estudio mi hermano, sin embargo es una universidad manchada por los malditos rojos, los asquerosos Comunistas que salen a manifestar en la huelga.","Es una buena universidad, ahí estudio mi hermano, sin embargo es una universidad manchada por los malditos rojos, los asquerosos Comunistas que salen a manifestar en la huelga.",universidad estudio hermano universidad manchado maldito rojo asqueroso comunista salir manifestar huelga,0,0,176,0,@quorumgt/videos,channel,NEG,0.87157,0.089359,0.03907,0.87157,0.782211,0.462297,"polaridad negativa (critica, queja, rechazo, insulto)",False,pysentimiento/robertuito-sentiment-analysis
UgwO8kzHC551ofxNYCV4AaABAg,TT4qJ5FXHYE,"I’x K’at: el primer equipo guatemalteco de pelota maya, conformado únicamente por mujeres.",UCE4rsXcgDb6e1-a9iTbWzfg,Quorum,UCld2stqxaVSk0QdGncM224A,@sarahernandez3873,¡Que excelente iniciativa y equipo de emprendimeitno por rescatar las tradiciones de Guatemala! Esperamos que puedan seguir avanzando y que este juego se vuelva algo mucho más popular entre las nuevas generaciones. ¡Bravo!,¡Que excelente iniciativa y equipo de emprendimeitno por rescatar las tradiciones de Guatemala! Esperamos que puedan seguir avanzando y que este juego se vuelva algo mucho más popular entre las nuevas generaciones. ¡Bravo!,excelente iniciativa equipo emprendimeitno rescatar tradicion guatemala esperar seguir avanzar juego volver popular generacion bravo,4,0,222,0,@quorumgt/videos,channel,POS,0.004454,0.02567,0.969875,0.969875,0.944205,0.147797,"polaridad positiva (aprobacion, agradecimiento, elogio, apoyo)",False,pysentimiento/robertuito-sentiment-analysis
UgwPCZZx2gI444cg2AV4AaABAg,n8iP75gIpmw,Qué rico come tu diputado,UCE4rsXcgDb6e1-a9iTbWzfg,Quorum,UCpIdtvoFHVLGASGB5ySqIEA,@VidalVillatoro-p4w,Este diputado no deja  hablar a los periodistas  y trata de confundir a la población con sus respuestas justificando las armadas que se da con el dinero del pu3blo,Este diputado no deja hablar a los periodistas y trata de confundir a la población con sus respuestas justificando las armadas que se da con el dinero del pu3blo,diputado dejar hablar periodista confundir poblacion respuesta justificar armada dinero pu3blo,1,0,163,0,@quorumgt/videos,channel,NEG,0.97259,0.022271,0.005139,0.97259,0.95032,0.138846,"polaridad negativa (critica, queja, rechazo, insulto)",False,pysentimiento/robertuito-sentiment-analysis
UgwRLgDGrh-_TEVNOYh4AaABAg,OkXlHx0hx-8,EE.UU. envía a mexicanos deportados a Guatemala antes de su regreso a México | Noticias Telemundo,UCRwA1NUcUnwsly35ikGhp0A,Noticias Telemundo,UCtiHFjFu7d5v2XxHnKFUYig,@Paul-gf7ec,También hay personas que se hacen pasar por mexicanos para que los deporté a México y regresar más rápido a Usa,También hay personas que se hacen pasar por mexicanos para que los deporté a México y regresar más rápido a Usa,persona pasar mexicano deporte mexico regresar rapido,0,0,111,0,guatemala noticias,topic,NEU,0.22977,0.729685,0.040545,0.729685,0.499915,0.697833,"polaridad neutra (informativo, pregunta, sin carga afectiva clara)",False,pysentimiento/robertuito-sentiment-analysis
UgwSDn5aIUEZwOlx9c94AaABAg,zweosulrwA8,Edén por Salud: empleo inclusivo para personas con discapacidad en Antigua | Super - Episodio 2,UCE4rsXcgDb6e1-a9iTbWzfg,Quorum,UCQM2tCKRRytVDRxNUfCDqQQ,@elioelias7267,❤🎉,emoji corazón rojo emoji emoji cañón de confeti emoji,,0,0,2,2,@quorumgt/videos,channel,NEU,0.065814,0.585332,0.348853,0.585332,0.236479,0.859944,"polaridad neutra (informativo, pregunta, sin carga afectiva clara)",False,pysentimiento/robertuito-sentiment-analysis
UgwSt406Q1HWBWCewI14AaABAg,6W4u8sGEnGM,Inician los trabajos de recuperación del Puente Belice II.,UC-ZtFBHzgkYFh7whZkuR_Ag,Gobierno de la República de Guatemala,UCWvntqPQx99k_Z_skWKqNSA,@AntonioChiyal-x5s,5 anos mas precidente,5 anos mas precidente,ano precidente,2,1,21,0,Gobierno de la República de Guatemala,topic,NEU,0.108842,0.645596,0.245562,0.645596,0.400034,0.868716,"polaridad neutra (informativo, pregunta, sin carga afectiva clara)",False,pysentimiento/robertuito-sentiment-analysis
UgwSt406Q1HWBWCewI14AaABAg.Aa-KmSVE5UgAa-M7iXQwik,6W4u8sGEnGM,Inician los trabajos de recuperación del Puente Belice II.,UC-ZtFBHzgkYFh7whZkuR_Ag,Gobierno de la República de Guatemala,UCoGdCoJg2Lh0OX_jv6cG16g,@Israel-u5i7i,Ojalá se pudiera,Ojalá se pudiera,ojala,0,0,16,0,Gobierno de la República de Guatemala,topic,NEU,0.180844,0.553958,0.265198,0.553958,0.28876,0.988461,"polaridad neutra (informativo, pregunta, sin carga afectiva clara)",False,pysentimiento/robertuito-sentiment-analysis
UgwTyYcT2aNvGA5DK4J4AaABAg,n8iP75gIpmw,Qué rico come tu diputado,UCE4rsXcgDb6e1-a9iTbWzfg,Quorum,UChgkn5Jt5tWKYMoEOuCjz3Q,@pablochitay46,Por primera vez deacuerdo con pedro.,Por primera vez deacuerdo con pedro.,deacuerdo pedro,2,0,36,0,@quorumgt/videos,channel,POS,0.014366,0.204049,0.781585,0.781585,0.577537,0.577876,"polaridad positiva (aprobacion, agradecimiento, elogio, apoyo)",False,pysentimiento/robertuito-sentiment-analysis
UgwUZL4XYbr2lbEi1r94AaABAg,j43HgwYFKfk,La cooptación de Walter Mazariegos en la USAC,UCE4rsXcgDb6e1-a9iTbWzfg,Quorum,UCiC-Jn7wdgyQV4_Urk0DkWQ,@pedroros6358,"En julio de 2022 al haber asumido como Rector de Facto, eligieron a Héctor Hugo Pérez Aguilera como representante Titular de la USAC ante la Corte de Constitucionalidad.","En julio de 2022 al haber asumido como Rector de Facto, eligieron a Héctor Hugo Pérez Aguilera como representante Titular de la USAC ante la Corte de Constitucionalidad.",julio asumido rector facto elegir hector hugo perez aguilero representante titular usac corte constitucionalidad,1,0,169,0,@quorumgt/videos,channel,NEU,0.150235,0.776454,0.07331,0.776454,0.626219,0.672799,"polaridad neutra (informativo, pregunta, sin carga afectiva clara)",False,pysentimiento/robertuito-sentiment-analysis
UgwXm2HjtCzRKiDHflJ4AaABAg,JkpVO1hx2f8,10 Preguntas a un año del Paro Nacional,UCE4rsXcgDb6e1-a9iTbWzfg,Quorum,UCQIdKuZ-OzuFqy0KjGrgesg,@lyacausa,Guatemala solo cambia de dictadura cada 4 años,Guatemala solo cambia de dictadura cada 4 años,guatemala cambiar dictadura ano,1,0,46,0,@quorumgt/videos,channel,NEG,0.729414,0.254127,0.016459,0.729414,0.475287,0.645871,"polaridad negativa (critica, queja, rechazo, insulto)",False,pysentimiento/robertuito-sentiment-analysis
UgwY0wdDJRzHsTCnLbN4AaABAg,n8iP75gIpmw,Qué rico come tu diputado,UCE4rsXcgDb6e1-a9iTbWzfg,Quorum,UCXr8_5WtGeipe4haOoQDgyQ,@amyherrera7352,"Ala! Que tipo necio y descarado!  Hipócrita!
Comen y después hablan de desnutrición! Que colmo!
Gracias por cumplir con el mandato periodístico!",Ala! Que tipo necio y descarado! Hipócrita! Comen y después hablan de desnutrición! Que colmo! Gracias por cumplir con el mandato periodístico!,ala tipo necio descarado hipocritar comen desnutricion colmo cumplir mandato periodistico,0,0,144,0,@quorumgt/videos,channel,NEG,0.968581,0.023656,0.007763,0.968581,0.944925,0.157207,"polaridad negativa (critica, queja, rechazo, insulto)",False,pysentimiento/robertuito-sentiment-analysis
UgwY2FW-3sBGV2CGxaJ4AaABAg,06mFNPU0aB8,Capturan a presuntos delincuentes disfrazados de mujer señalados de cometer asalto,UCVpSRoZgngfSL03Nlbjtq9A,Noti7,UC_3xuTXvMIWU5MYP9HkJ3vQ,@Historia-wm4os,Excelente trabajo señores agentes que Dios me los cuide mucho,Excelente trabajo señores agentes que Dios me los cuide mucho,excelente trabajo senor agente cuidir,4,0,61,0,guatemala noticias,topic,POS,0.004271,0.030406,0.965322,0.965322,0.934916,0.163585,"polaridad positiva (aprobacion, agradecimiento, elogio, apoyo)",False,pysentimiento/robertuito-sentiment-analysis
UgwYTL5-XYvmQxsC3Bt4AaABAg,n8iP75gIpmw,Qué rico come tu diputado,UCE4rsXcgDb6e1-a9iTbWzfg,Quorum,UCFjudnPLoaSL1BaRuLahyHg,@HaroldoCastillo-rh9iw,"Estos siempre andan viendo como comen del pueblo. Si no les basta el sueldo, busquen otro trabajo y por qué lugares tan caros, porque no es su dinero...","Estos siempre andan viendo como comen del pueblo. Si no les basta el sueldo, busquen otro trabajo y por qué lugares tan caros, porque no es su dinero...",andar comen pueblo bastar sueldo buscar trabajo lugar caro dinero,1,0,152,0,@quorumgt/videos,channel,NEG,0.970553,0.025769,0.003678,0.970553,0.944783,0.143905,"polaridad negativa (critica, queja, rechazo, insulto)",False,pysentimiento/robertuito-sentiment-analysis
UgwYaHf9EYIl5Pf-y514AaABAg,n8iP75gIpmw,Qué rico come tu diputado,UCE4rsXcgDb6e1-a9iTbWzfg,Quorum,UC-pNP6RMFuLg_-x7Ah_0kEA,@almacatalan2717,"Bien mentirosito ese diputado Nery Rodas, si tanto quiere a Guatemala que ellos paguen su almuerzo, porque el pueblo?","Bien mentirosito ese diputado Nery Rodas, si tanto quiere a Guatemala que ellos paguen su almuerzo, porque el pueblo?",mentirosito diputado nery roda guatemala pagar almuerzo pueblo,5,0,117,0,@quorumgt/videos,channel,NEG,0.953538,0.037694,0.008768,0.953538,0.915844,0.210467,"polaridad negativa (critica, queja, rechazo, insulto)",False,pysentimiento/robertuito-sentiment-analysis
UgwZw9X6DpxCIJ6YkXZ4AaABAg,PjmxCj-a9Hg,Conferencia de Prensa del Gobierno de Guatemala. #LaRondaGt,UC-ZtFBHzgkYFh7whZkuR_Ag,Gobierno de la República de Guatemala,UC1Y7x3h0c95Z8kUhi-Tzaeg,@rosadiaz9235,Siii por tanta corrupción;; ay mucha muerte como en colombia ;; y en Guatemala;; todo porque no ay personas con un corazón;; dispuesto a cuidar del país y sacar adelante;;;,Siii por tanta corrupción;; ay mucha muerte como en colombia ;; y en Guatemala;; todo porque no ay personas con un corazón;; dispuesto a cuidar del país y sacar adelante;;;,sii corrupcion muerte colombia guatemala persona corazon dispuesto cuidar sacar,0,0,172,0,@GobiernodeGuatemala,topic,NEG,0.917756,0.07356,0.008684,0.917756,0.844196,0.311948,"polaridad negativa (critica, queja, rechazo, insulto)",False,pysentimiento/robertuito-sentiment-analysis
Ugw_g00Bv3m-cnSxhMp4AaABAg,OkXlHx0hx-8,EE.UU. envía a mexicanos deportados a Guatemala antes de su regreso a México | Noticias Telemundo,UCRwA1NUcUnwsly35ikGhp0A,Noticias Telemundo,UC1WlJfQmaIskYhP4gmWoamw,@marthareiss5434,Que pena! Que la administración de Trump no ofrezca AMNISTÍA a los mexicanos u otros grupos de personas trabajadoras que ayudan a la mejora de este país. 😢,Que pena! Que la administración de Trump no ofrezca AMNISTÍA a los mexicanos u otros grupos de personas trabajadoras que ayudan a la mejora de este país. emoji cara llorando emoji,pena administracion trump ofrezca amnistia mexicano grupo persona trabajador ayudar mejora,2,1,155,1,guatemala noticias,topic,NEG,0.982066,0.015173,0.002761,0.982066,0.966893,0.097589,"polaridad negativa (critica, queja, rechazo, insulto)",False,pysentimiento/robertuito-sentiment-analysis
Ugw_wfk-1nUcdyG3muZ4AaABAg,n8iP75gIpmw,Qué rico come tu diputado,UCE4rsXcgDb6e1-a9iTbWzfg,Quorum,UC3MYTqpQqlWBuCB7Th0e0PA,@isaaclopez7220,"Me llega que saquen videos cortos porque el vídeo del programa de Con criterio es muy largo, pero vaya que es bueno","Me llega que saquen videos cortos porque el vídeo del programa de Con criterio es muy largo, pero vaya que es bueno",llegar saquen video corto video programa criterio,4,0,115,0,@quorumgt/videos,channel,POS,0.007436,0.053966,0.938598,0.938598,0.884632,0.253472,"polaridad positiva (aprobacion, agradecimiento, elogio, apoyo)",False,pysentimiento/robertuito-sentiment-analysis
UgwaGYcI3FekgL1PZct4AaABAg,j43HgwYFKfk,La cooptación de Walter Mazariegos en la USAC,UCE4rsXcgDb6e1-a9iTbWzfg,Quorum,UCOcUI5XkTYNMSFhZNMIPpGg,@hendersonlopez3864,"Urge convocar elecciones, los estudiantes estamos sufriendo con cada vez mas deficientes instalaciones, laboratorios y aulas. Ademas del abandono de Rectoria a las Facultades que siguen luchando contra su oposicion, o que se muestran renuentes a seguir sus ordenes, afectan directamente a los estudiantes, catedraticos, personal de servicios y limita su capacidad de brindar una educacion de calidad, y atender a la poblacion guatemalteca a travez de EPS y otros que ofrecen estas unidades academicas.","Urge convocar elecciones, los estudiantes estamos sufriendo con cada vez mas deficientes instalaciones, laboratorios y aulas. Ademas del abandono de Rectoria a las Facultades que siguen luchando contra su oposicion, o que se muestran renuentes a seguir sus ordenes, afectan directamente a los estudiantes, catedraticos, personal de servicios y limita su capacidad de brindar una educacion de calidad, y atender a la poblacion guatemalteca a travez de EPS y otros que ofrecen estas unidades academicas.",urge convocar eleccion estudiant sufrir deficiente instalacion laboratorio aula abandono rectorio facultad seguir luchar oposicion mostrar renuent seguir orden afectar directamente estudiante catedratico personal servicio limitar capacidad brindar educacion calidad atender poblacion guatemalteca travez eps ofrecer unidad academica,3,0,501,0,@quorumgt/videos,channel,NEG,0.975932,0.021061,0.003007,0.975932,0.954871,0.122541,"polaridad negativa (critica, queja, rechazo, insulto)",False,pysentimiento/robertuito-sentiment-analysis
UgwaokeDKlLgSdqHpW94AaABAg,n8iP75gIpmw,Qué rico come tu diputado,UCE4rsXcgDb6e1-a9iTbWzfg,Quorum,UCOS8ViEkccrTZx2w2ccxotA,@OscarHernandez-q8y,"Pero porque un desayuno de 250.00,  no habrá uno de 75.00?","Pero porque un desayuno de 250.00, no habrá uno de 75.00?",desayuno,4,0,58,0,@quorumgt/videos,channel,NEU,0.369603,0.607372,0.023025,0.607372,0.237768,0.757551,"polaridad neutra (informativo, pregunta, sin carga afectiva clara)",False,pysentimiento/robertuito-sentiment-analysis
Ugwbnz3tRoBa7Vs3A3d4AaABAg,b_Hkrkl3adA,Bloqueos en Guatemala este 31 de agosto por alza en combustibles afectan rutas principales,UCEepOY2svuxbsJ-zsAPT9Fg,PrensaLibreOficial,UC3iIU62XKUOWuqL8BqBzj9A,@antonioduarte2288,Puro show esto solo para que los diputranzas les den su parte y autorizar subsidios al gas,Puro show esto solo para que los diputranzas les den su parte y autorizar subsidios al gas,puro show diputranzas autorizar subsidio gas,0,0,90,0,guatemala noticias,topic,NEG,0.901704,0.089875,0.008422,0.901704,0.811829,0.350068,"polaridad negativa (critica, queja, rechazo, insulto)",False,pysentimiento/robertuito-sentiment-analysis
Ugwc0TMrFYylioxh_Sh4AaABAg,6W4u8sGEnGM,Inician los trabajos de recuperación del Puente Belice II.,UC-ZtFBHzgkYFh7whZkuR_Ag,Gobierno de la República de Guatemala,UCV3fr-YOixFKCZBbJP1-X4w,@albertoshernandez5251,Que viva viva el Presidente Bernardo Arevalo 🎉🎉👏🎉🎉,Que viva viva el Presidente Bernardo Arevalo emoji cañón de confeti emoji emoji cañón de confeti emoji emoji manos aplaudiendo emoji emoji cañón de confeti emoji emoji cañón de confeti emoji,vivo vivo presidente bernardo arevalo,3,0,50,5,Gobierno de la República de Guatemala,topic,POS,0.071643,0.373771,0.554586,0.554586,0.180815,0.883635,"polaridad positiva (aprobacion, agradecimiento, elogio, apoyo)",False,pysentimiento/robertuito-sentiment-analysis
UgwcF8V3__81jxC8Eh14AaABAg,n8iP75gIpmw,Qué rico come tu diputado,UCE4rsXcgDb6e1-a9iTbWzfg,Quorum,UCmjppp6ujz3SAnULvP3sZMw,@marcomendez7509,pues quien le pidió que la guesiara para Diputado si será descarado seve que son unos Corruptos mientras el pueblo no tiene ni un Cinco u con eso le pagan a los Electores si serán Comen Cuando hay,pues quien le pidió que la guesiara para Diputado si será descarado seve que son unos Corruptos mientras el pueblo no tiene ni un Cinco u con eso le pagan a los Electores si serán Comen Cuando hay,pidio guesiar diputado descarado seve corrupto pueblo pagar elector comen,0,0,196,0,@quorumgt/videos,channel,NEG,0.93743,0.054537,0.008032,0.93743,0.882893,0.257962,"polaridad negativa (critica, queja, rechazo, insulto)",False,pysentimiento/robertuito-sentiment-analysis
UgwdC_aDdYB1wpgGNAt4AaABAg,lj983NWyAQY,Plan 2032 Ciudad de Guatemala,UCXa6LVjBzUtmcM3cwbd9e2w,Municipalidad de Guatemala,UC5PyGvSfFM--OVKmQ3COu6g,@FreddyGmez,Que belleza si se llegara a construir todos esos proyectos 💙👌,Que belleza si se llegara a construir todos esos proyectos emoji corazón azul emoji emoji señal de aprobación con la mano emoji,belleza llegar construir proyecto,3,0,61,2,Municipalidad de Guatemala,topic,POS,0.009982,0.104219,0.885799,0.885799,0.78158,0.389068,"polaridad positiva (aprobacion, agradecimiento, elogio, apoyo)",False,pysentimiento/robertuito-sentiment-analysis
Ugwe0V0ssRP-r167Lzh4AaABAg,n8iP75gIpmw,Qué rico come tu diputado,UCE4rsXcgDb6e1-a9iTbWzfg,Quorum,UCQqetiwzzmRNTM5OWuXarGQ,@isaiaslopezvelasquez1539,si no les gusta  renuncie,si no les gusta renuncie,gustar renuncie,1,0,25,0,@quorumgt/videos,channel,NEG,0.670032,0.297123,0.032845,0.670032,0.372909,0.74109,"polaridad negativa (critica, queja, rechazo, insulto)",False,pysentimiento/robertuito-sentiment-analysis
UgwgSP2G2qKwGGl5CSp4AaABAg,6W4u8sGEnGM,Inician los trabajos de recuperación del Puente Belice II.,UC-ZtFBHzgkYFh7whZkuR_Ag,Gobierno de la República de Guatemala,UCV3fr-YOixFKCZBbJP1-X4w,@albertoshernandez5251,EL PRESIDENTE BERNARDO AREVALO SI ES UN PRESIDENTE QUE QUIERE A SU PUEBLO Y AL PAIS DE GUATEMALA 👍 EL NO ES COMO LOS RATAS  PRESIDENTES ANTERIORES 🐭🐭ASI QUE TODO EL APOYO PARA EL PRESIDENTE BERNARDO AREVALO 👍 🎉👍🎉👍🎉👍🎉👍🎉👍,EL PRESIDENTE BERNARDO AREVALO SI ES UN PRESIDENTE QUE QUIERE A SU PUEBLO Y AL PAIS DE GUATEMALA emoji pulgar hacia arriba emoji EL NO ES COMO LOS RATAS PRESIDENTES ANTERIORES emoji cara de ratón emoji emoji cara de ratón emoji ASI QUE TODO EL APOYO PARA EL PRESIDENTE BERNARDO AREVALO emoji pulgar hacia arriba emoji emoji cañón de confeti emoji emoji pulgar hacia arriba emoji emoji cañón de confeti emoji emoji pulgar hacia arriba emoji emoji cañón de confeti emoji emoji pulgar hacia arriba emoji emoji cañón de confeti emoji emoji pulgar hacia arriba emoji emoji cañón de confeti emoji emoji pulgar hacia arriba emoji,presidente bernardo arevalo presidente pueblo guatemala rata president apoyo presidente bernardo arevalo,3,0,219,14,Gobierno de la República de Guatemala,topic,NEU,0.188568,0.547193,0.264239,0.547193,0.282955,0.996195,"polaridad neutra (informativo, pregunta, sin carga afectiva clara)",False,pysentimiento/robertuito-sentiment-analysis
UgwgoKatyznihVvDVVd4AaABAg,n8iP75gIpmw,Qué rico come tu diputado,UCE4rsXcgDb6e1-a9iTbWzfg,Quorum,UCCaYwkkbQGcvFoUmothVdQQ,@OsvaldoAguirre-l3i,Cuando los agarran con la manos en la masa ya ni Allan que decir estos buenos para nada! Solo para comer de gratis son buenos a que hijos de la gran patria! De Guatemala. Mantenidos estos corruptos solo para wuabiar son bueno.,Cuando los agarran con la manos en la masa ya ni Allan que decir estos buenos para nada! Solo para comer de gratis son buenos a que hijos de la gran patria! De Guatemala. Mantenidos estos corruptos solo para wuabiar son bueno.,agarrar mano masa allar comer gratis hijo patria guatemala mantenido corrupto wuabiar,0,0,226,0,@quorumgt/videos,channel,NEG,0.953928,0.034468,0.011604,0.953928,0.91946,0.212787,"polaridad negativa (critica, queja, rechazo, insulto)",False,pysentimiento/robertuito-sentiment-analysis
UgwguqWom06c5opgpiF4AaABAg,n8iP75gIpmw,Qué rico come tu diputado,UCE4rsXcgDb6e1-a9iTbWzfg,Quorum,UCQgYjVngJRfPHDLGB5X6ZjA,@oscarnavas9996,Sin vergüenza. Que no se vuelva a lanzar para diputado ladrón,Sin vergüenza. Que no se vuelva a lanzar para diputado ladrón,verguenza volver lanzar diputado ladron,0,0,61,0,@quorumgt/videos,channel,NEG,0.849597,0.119531,0.030872,0.849597,0.730065,0.499754,"polaridad negativa (critica, queja, rechazo, insulto)",False,pysentimiento/robertuito-sentiment-analysis
UgwhphOY9n46ofElDut4AaABAg,PjmxCj-a9Hg,Conferencia de Prensa del Gobierno de Guatemala. #LaRondaGt,UC-ZtFBHzgkYFh7whZkuR_Ag,Gobierno de la República de Guatemala,UCN2N_wYOw6fMwCeSzdXLPIw,@danielantoniogonzalezflore4901,Mejor saque a guatemala del parlacen y dejen de hablar de tsnta babosadas o ustedes van s ir avrefujiase al parlacen cuando salgan ese dinero que pagamos invertirlo en meducina sehan realustas por sus acciones nadie cree ya en nadie de ver que los gobiernos solo sirven para enriqueserse ya vasta,Mejor saque a guatemala del parlacen y dejen de hablar de tsnta babosadas o ustedes van s ir avrefujiase al parlacen cuando salgan ese dinero que pagamos invertirlo en meducina sehan realustas por sus acciones nadie cree ya en nadie de ver que los gobiernos solo sirven para enriqueserse ya vasta,saque guatemala parlacir dejen hablar tsnta babosada avrefujiar parlacir salir dinero pagar invertir el meducin sehaber realusta accion creer gobierno servir enriqueser el vasta,0,0,296,0,@GobiernodeGuatemala,topic,NEG,0.968819,0.027144,0.004036,0.968819,0.941675,0.150837,"polaridad negativa (critica, queja, rechazo, insulto)",False,pysentimiento/robertuito-sentiment-analysis
UgwiGxmosawIyTVTjnB4AaABAg,n8iP75gIpmw,Qué rico come tu diputado,UCE4rsXcgDb6e1-a9iTbWzfg,Quorum,UC9vMq1YF-e7C-VO0SHkbUTA,@ErvinLeonardoCarreraLatín,19:27 Basuras de diputados  artense  porque los que sufrieron  hambre serán saciados y los que se saciaron a costillas de los demás tendrán hambre y sed  de todo,19:27 Basuras de diputados artense porque los que sufrieron hambre serán saciados y los que se saciaron a costillas de los demás tendrán hambre y sed de todo,basura diputado artense sufrir hambre saciado saciar costilla hambrir sed,0,0,161,0,@quorumgt/videos,channel,NEG,0.861747,0.120852,0.017401,0.861747,0.740895,0.454101,"polaridad negativa (critica, queja, rechazo, insulto)",False,pysentimiento/robertuito-sentiment-analysis
Ugwih8O9PeaJ_zd7FWV4AaABAg,n8iP75gIpmw,Qué rico come tu diputado,UCE4rsXcgDb6e1-a9iTbWzfg,Quorum,UC8F2V63KZ4ZEay6opX2hAQw,@carmenr6311,"Los alimentos tienen k pagarlos d su sueldo como cualquier otro ciudadano k a pesar de el salario miserable pagan sus alimentos, segun entiendo ese señor  kiere k el pueblo le siga pagando ,si el trabaja haciéndose el pendejo como muchos otros k solo llegan a ocupar la silla y a bla bla hasta el momento no se ve k se trabaje en algo bueno para el pueblo a ese fulano k no esta contento con el alto sueldo k tienen por hacer nada ,k renuncie y k empleen a personas k realmente kieren hacer algo por el hambriento pueblo, braaavo seño por recordarle a ese inepto.,ellos ganan Q25,000 0 mas cuanto gana un médico, una enfermera,una profesora y esos siii trabajan especialmente los médicos.","Los alimentos tienen k pagarlos d su sueldo como cualquier otro ciudadano k a pesar de el salario miserable pagan sus alimentos, segun entiendo ese señor kiere k el pueblo le siga pagando ,si el trabaja haciéndose el pendejo como muchos otros k solo llegan a ocupar la silla y a bla bla hasta el momento no se ve k se trabaje en algo bueno para el pueblo a ese fulano k no esta contento con el alto sueldo k tienen por hacer nada ,k renuncie y k empleen a personas k realmente kieren hacer algo por el hambriento pueblo, braaavo seño por recordarle a ese inepto.,ellos ganan Q25,000 0 mas cuanto gana un médico, una enfermera,una profesora y esos siii trabajan especialmente los médicos.",alimento pagarlo sueldo ciudadano salario miserable pagar alimento enteir senor kierar pueblo seguir pagar trabajar hacer el pendejo llegar ocupar silla bla bla momento trabaje pueblo fulano contento alto sueldo renunciar emplear persona realmente kierir hambriento pueblo braavo seno recordar el inepto ganar q25 ganar medico enfermera profesoro sii trabajar especialmente medico,0,0,688,0,@quorumgt/videos,channel,NEG,0.973739,0.022132,0.004129,0.973739,0.951606,0.132921,"polaridad negativa (critica, queja, rechazo, insulto)",False,pysentimiento/robertuito-sentiment-analysis
Ugwije36G_n35mshRfp4AaABAg,6W4u8sGEnGM,Inician los trabajos de recuperación del Puente Belice II.,UC-ZtFBHzgkYFh7whZkuR_Ag,Gobierno de la República de Guatemala,UCheEJ5GZuIvV0fj-nXyVwXw,@rosaoliva9389,Gracias por concluir lo q otros empiezan y no terminan,Gracias por concluir lo q otros empiezan y no terminan,concluir empezar terminar,0,0,54,0,Gobierno de la República de Guatemala,topic,NEU,0.14883,0.565988,0.285182,0.565988,0.280806,0.963462,"polaridad neutra (informativo, pregunta, sin carga afectiva clara)",False,pysentimiento/robertuito-sentiment-analysis
UgwjKxflp7TiD0e7_494AaABAg,n8iP75gIpmw,Qué rico come tu diputado,UCE4rsXcgDb6e1-a9iTbWzfg,Quorum,UCujPF2nBgsTD62nWE3lcpIg,@victorarturoruanobautista7588,Que se les quite todos los privilegios lo que pasa no les gusta,Que se les quite todos los privilegios lo que pasa no les gusta,quitar privilegio pasar gusta,0,0,63,0,@quorumgt/videos,channel,NEG,0.900956,0.085026,0.014018,0.900956,0.815931,0.36336,"polaridad negativa (critica, queja, rechazo, insulto)",False,pysentimiento/robertuito-sentiment-analysis
Ugwjtq_DUb6ISU-ppsh4AaABAg,n8iP75gIpmw,Qué rico come tu diputado,UCE4rsXcgDb6e1-a9iTbWzfg,Quorum,UChs3tU2BcKOT0CezykvAsGw,@byronpontaza,"Estoy seguro que si a los conductores los envían a hacer un trabajo a un departamento y les dan viáticos, buscan Buenos restaurantes para ir a comer y no se van al mercado","Estoy seguro que si a los conductores los envían a hacer un trabajo a un departamento y les dan viáticos, buscan Buenos restaurantes para ir a comer y no se van al mercado",seguro conductor enviar trabajo departamento viatico buscar restaurante comer mercado,1,0,171,0,@quorumgt/videos,channel,POS,0.021482,0.40215,0.576368,0.576368,0.174218,0.766417,"polaridad positiva (aprobacion, agradecimiento, elogio, apoyo)",False,pysentimiento/robertuito-sentiment-analysis
UgwkiP4fW1xfpXbZcV14AaABAg,n8iP75gIpmw,Qué rico come tu diputado,UCE4rsXcgDb6e1-a9iTbWzfg,Quorum,UCV0iizTBoOfdAFX_thfI9BA,@BenjaminLarios-jd8nk,Lo que este diputado ase por el paiz es robarle  al paiz   porque otro beneficio que tiene el paiz  con ellos nada,Lo que este diputado ase por el paiz es robarle al paiz porque otro beneficio que tiene el paiz con ellos nada,diputado ase paiz robar el paiz beneficio paiz,0,0,114,0,@quorumgt/videos,channel,NEG,0.954289,0.040019,0.005693,0.954289,0.91427,0.20287,"polaridad negativa (critica, queja, rechazo, insulto)",False,pysentimiento/robertuito-sentiment-analysis
Ugwm9VajlW3ydbsf-BJ4AaABAg,6W4u8sGEnGM,Inician los trabajos de recuperación del Puente Belice II.,UC-ZtFBHzgkYFh7whZkuR_Ag,Gobierno de la República de Guatemala,UCp29O_C7cchZV8IxV7Crdag,@robertoescobar5507,Excelente.,Excelente.,excelente,0,0,10,0,Gobierno de la República de Guatemala,topic,POS,0.028718,0.127901,0.843381,0.843381,0.71548,0.508642,"polaridad positiva (aprobacion, agradecimiento, elogio, apoyo)",False,pysentimiento/robertuito-sentiment-analysis
UgwmvtMMEFg5rWbrmtV4AaABAg,yLZS3JiEBg8,Arroz con pollo a la MONOPOLIO,UCE4rsXcgDb6e1-a9iTbWzfg,Quorum,UCkxdJ_yGN2gghOMo2ybQtXQ,@11223344An,Y no olvidemos y quizá el más cruel. Las farmacéuticas con las medicinas,Y no olvidemos y quizá el más cruel. Las farmacéuticas con las medicinas,olvidar cruel farmaceutica medicina,1,0,72,0,@quorumgt/videos,channel,NEG,0.910822,0.082075,0.007103,0.910822,0.828747,0.325414,"polaridad negativa (critica, queja, rechazo, insulto)",False,pysentimiento/robertuito-sentiment-analysis
UgwnCwptihjhFCfQK_l4AaABAg,6W4u8sGEnGM,Inician los trabajos de recuperación del Puente Belice II.,UC-ZtFBHzgkYFh7whZkuR_Ag,Gobierno de la República de Guatemala,UCjZgFEowMBrsjodqfovzdKw,@franciscoflores3120,Pero  sería bueno que  le cambien  nombre,Pero sería bueno que le cambien nombre,cambiar nombre,0,0,41,0,Gobierno de la República de Guatemala,topic,NEU,0.066904,0.808643,0.124453,0.808643,0.68419,0.612034,"polaridad neutra (informativo, pregunta, sin carga afectiva clara)",False,pysentimiento/robertuito-sentiment-analysis
UgwopmNYOXxE5kyT7fF4AaABAg,n8iP75gIpmw,Qué rico come tu diputado,UCE4rsXcgDb6e1-a9iTbWzfg,Quorum,UC4wq3DcbfaG6dtCqn8Oyu3w,@hugoasencio7764,Ya viste Nery más de lo mismo.,Ya viste Nery más de lo mismo.,viste nery,1,0,30,0,@quorumgt/videos,channel,NEG,0.822886,0.160841,0.016273,0.822886,0.662044,0.521338,"polaridad negativa (critica, queja, rechazo, insulto)",False,pysentimiento/robertuito-sentiment-analysis
UgwovhZaCiV0r6XOH_R4AaABAg,ndAZjHqzzT8,Internet: escoger el menos malo,UCE4rsXcgDb6e1-a9iTbWzfg,Quorum,UCVC2QugcI1G4RvlCiUqd1aQ,@rwdm76,excelente,excelente,excelente,0,0,9,0,@quorumgt/videos,channel,NEU,0.203415,0.477862,0.318723,0.477862,0.15914,1.041247,"polaridad neutra (informativo, pregunta, sin carga afectiva clara)",True,pysentimiento/robertuito-sentiment-analysis
UgwoyDvqZ6NlBCvXB7t4AaABAg,yLZS3JiEBg8,Arroz con pollo a la MONOPOLIO,UCE4rsXcgDb6e1-a9iTbWzfg,Quorum,UCXVLc8CmAO813ubM-fLvCDw,@herminiasaquimux7565,"Ahora comprendí porque los cañeros y grupo cacif, estan contra la ley de competencia y siguen tratando de impedir su discusión en el legislativo.","Ahora comprendí porque los cañeros y grupo cacif, estan contra la ley de competencia y siguen tratando de impedir su discusión en el legislativo.",comprendi canero grupo cacif ley competencia seguir tratar impedir discusion legislativo,7,0,145,0,@quorumgt/videos,channel,NEG,0.960891,0.034626,0.004483,0.960891,0.926265,0.179028,"polaridad negativa (critica, queja, rechazo, insulto)",False,pysentimiento/robertuito-sentiment-analysis
Ugwp1SacIqA0qS_netd4AaABAg,n8iP75gIpmw,Qué rico come tu diputado,UCE4rsXcgDb6e1-a9iTbWzfg,Quorum,UCwW2OFy95P7ZBkOPxWkpvYg,@TeresaLucero-b5o,No se justifica nada... es su obligación trabajar...,No se justifica nada... es su obligación trabajar...,justificar obligacion trabajar,1,0,52,0,@quorumgt/videos,channel,NEG,0.750559,0.229239,0.020202,0.750559,0.52132,0.631857,"polaridad negativa (critica, queja, rechazo, insulto)",False,pysentimiento/robertuito-sentiment-analysis
UgwpY9PE_PBfwa2_g_N4AaABAg,n8iP75gIpmw,Qué rico come tu diputado,UCE4rsXcgDb6e1-a9iTbWzfg,Quorum,UC3XTwHxygNCgjndsg-UiCQA,@marioajset4283,"Repito como siempre, cuantas horas hombre de trabajo se pagan por el cansancio y fatiga del pueblo que hacen productivo al país y que generan renta gravada para los contribuyentes, solo para que estos infelices se den estos gustos.","Repito como siempre, cuantas horas hombre de trabajo se pagan por el cansancio y fatiga del pueblo que hacen productivo al país y que generan renta gravada para los contribuyentes, solo para que estos infelices se den estos gustos.",repito hora hombre trabajo pagar cansancio fatigar pueblo productivo generar renta gravado contribuyente infeliz gusto,1,0,231,0,@quorumgt/videos,channel,NEG,0.981775,0.015529,0.002696,0.981775,0.966246,0.098685,"polaridad negativa (critica, queja, rechazo, insulto)",False,pysentimiento/robertuito-sentiment-analysis
Ugwqsca_nj4eGguiyTJ4AaABAg,j43HgwYFKfk,La cooptación de Walter Mazariegos en la USAC,UCE4rsXcgDb6e1-a9iTbWzfg,Quorum,UCgQw_Sbq3ugruDUKsq1e0-A,@marlenareano-h4t,"buen reportaje, tristeza da q la USAC este coptada por esos corruptos.","buen reportaje, tristeza da q la USAC este coptada por esos corruptos.",reportaje tristeza usac coptado corrupto,0,0,70,0,@quorumgt,topic,NEG,0.98005,0.014931,0.005019,0.98005,0.96512,0.109095,"polaridad negativa (critica, queja, rechazo, insulto)",False,pysentimiento/robertuito-sentiment-analysis
UgwrIvqGid-S983oU9J4AaABAg,n8iP75gIpmw,Qué rico come tu diputado,UCE4rsXcgDb6e1-a9iTbWzfg,Quorum,UCL13XhnRzbGokEkCkEOb0-g,@raquelprado3643,Por querer justificarse le sacaron a luz sus artadas a costillas del pobre pueblo de Guatemala,Por querer justificarse le sacaron a luz sus artadas a costillas del pobre pueblo de Guatemala,querer justificar el sacar luz artada costilla pobre pueblo guatemala,1,0,94,0,@quorumgt/videos,channel,NEG,0.938149,0.048094,0.013757,0.938149,0.890056,0.264807,"polaridad negativa (critica, queja, rechazo, insulto)",False,pysentimiento/robertuito-sentiment-analysis
UgwsCWap2Jq1pNrLOWl4AaABAg,n8iP75gIpmw,Qué rico come tu diputado,UCE4rsXcgDb6e1-a9iTbWzfg,Quorum,UCQtSFINs1h6GHkpg9o5kMvg,@MacarioMartinezruiz,Lo felicito  periodista de alto valor por decirle la verdad al diputado Rodas,Lo felicito periodista de alto valor por decirle la verdad al diputado Rodas,felicito periodista alto valor decir el diputado roda,12,0,77,0,@quorumgt/videos,channel,POS,0.02438,0.080869,0.894751,0.894751,0.813882,0.393431,"polaridad positiva (aprobacion, agradecimiento, elogio, apoyo)",False,pysentimiento/robertuito-sentiment-analysis
UgwtcR5U0FAkeZsiVVt4AaABAg,06mFNPU0aB8,Capturan a presuntos delincuentes disfrazados de mujer señalados de cometer asalto,UCVpSRoZgngfSL03Nlbjtq9A,Noti7,UC2ngpd8UBQu4gcUYy0goAtg,@juliohernandez7438,Metanlos a la carcel y como se bisten de mujer que les echen chuso por maricones,Metanlos a la carcel y como se bisten de mujer que les echen chuso por maricones,metanlo carcel bistar mujer echar chuso maricon,0,0,80,0,guatemala noticias,topic,NEG,0.84893,0.129011,0.022058,0.84893,0.719919,0.487365,"polaridad negativa (critica, queja, rechazo, insulto)",False,pysentimiento/robertuito-sentiment-analysis
Ugwvm2HYh08HI1HkcXV4AaABAg,PjmxCj-a9Hg,Conferencia de Prensa del Gobierno de Guatemala. #LaRondaGt,UC-ZtFBHzgkYFh7whZkuR_Ag,Gobierno de la República de Guatemala,UC7IMsCxfZyWN7YQo8-JYa6Q,@Burgos68,"Muchísimas gracias Sr. y excelentísimo Presidente Constitucional de la República de Guatemala,  por trabajar enormemente por todos los ciudadanos y también por unir sus esfuerzos con el Gobierno de los Estados Unidos Mexicanos,  porque el Turismo va hacer el mejor puente para incrementar la economía de todas aquellas personas al rededor del mundo, que quieran conocer más de esta cultura Maya compartida y la cual nos hace sentirnos hermanos con ese gran país. MÉXICO Y GUATEMALA UNIDOS POR SIEMPRE 💕","Muchísimas gracias Sr. y excelentísimo Presidente Constitucional de la República de Guatemala, por trabajar enormemente por todos los ciudadanos y también por unir sus esfuerzos con el Gobierno de los Estados Unidos Mexicanos, porque el Turismo va hacer el mejor puente para incrementar la economía de todas aquellas personas al rededor del mundo, que quieran conocer más de esta cultura Maya compartida y la cual nos hace sentirnos hermanos con ese gran país. MÉXICO Y GUATEMALA UNIDOS POR SIEMPRE emoji dos corazones emoji",muchisima excelentisimo presidente constitucional republico guatemala trabajar enormemente ciudadano unir esfuerzo gobierno unido mexicano turismo puente incrementar economia persona rededor mundo querer cultura maya compartido sentir yo hermano mexico guatemala unidos,1,0,502,1,@GobiernodeGuatemala,topic,POS,0.006692,0.04219,0.951118,0.951118,0.908928,0.214729,"polaridad positiva (aprobacion, agradecimiento, elogio, apoyo)",False,pysentimiento/robertuito-sentiment-analysis
UgwvvK1L0aLOhCMUzfN4AaABAg,n8iP75gIpmw,Qué rico come tu diputado,UCE4rsXcgDb6e1-a9iTbWzfg,Quorum,UCzSfZlOVxBSs5ObD25ywxDQ,@GilmarMaldonado-q9m,Y haci vienen corriéndo para que él pueblo voté por ustedes no piensan en él pueblo que está sufriendo por un sueldo minusioso partida de ladrones corruptos hijos de la fiscal nietos de giamatey hijastros de Miguel Martínez sinó gana en el congreso renuncien también aprueben la ley para sacar ala fiscal aganlo,Y haci vienen corriéndo para que él pueblo voté por ustedes no piensan en él pueblo que está sufriendo por un sueldo minusioso partida de ladrones corruptos hijos de la fiscal nietos de giamatey hijastros de Miguel Martínez sinó gana en el congreso renuncien también aprueben la ley para sacar ala fiscal aganlo,haci venir correr pueblo vote pensar pueblo sufrir sueldo minusioso partida ladron corrupto hijo fiscal nieto giamatey hijastros miguel martinez ganar congreso renuncien apruebir ley sacar ala fiscal aganlo,0,0,311,0,@quorumgt/videos,channel,NEG,0.967102,0.028193,0.004705,0.967102,0.93891,0.158176,"polaridad negativa (critica, queja, rechazo, insulto)",False,pysentimiento/robertuito-sentiment-analysis
UgwwH4OIcVCCN6SbBX14AaABAg,n8iP75gIpmw,Qué rico come tu diputado,UCE4rsXcgDb6e1-a9iTbWzfg,Quorum,UCLFdHr9BEbXHkoJopbEPLZw,@kanterra4584,"Deberían ir a comer al mercado central les queda cerca, llegan a pie y contribuyen con la pequeña empresa.
Ir a donde van y pagar con dinero de los tributos es lujurioso e insulta al pueblo soberano.","Deberían ir a comer al mercado central les queda cerca, llegan a pie y contribuyen con la pequeña empresa. Ir a donde van y pagar con dinero de los tributos es lujurioso e insulta al pueblo soberano.",deberiar comer mercado central quedar cerca llegar pie contribuir pequen empresa pagar dinero tributo lujurioso insulta pueblo soberano,13,0,199,0,@quorumgt/videos,channel,NEG,0.961988,0.03079,0.007221,0.961988,0.931198,0.180054,"polaridad negativa (critica, queja, rechazo, insulto)",False,pysentimiento/robertuito-sentiment-analysis
UgwwKfLmhHVU-Oxzqtl4AaABAg,n8iP75gIpmw,Qué rico come tu diputado,UCE4rsXcgDb6e1-a9iTbWzfg,Quorum,UCNkcuy42zEwddwEcOd_HpnA,@vanigomez492,"No justifico lo del diputado, pero quisiera ver una entrevista similar en la administración anterior, ahí no! Porq tambien a los d con criterio les salpicaba la corrupción","No justifico lo del diputado, pero quisiera ver una entrevista similar en la administración anterior, ahí no! Porq tambien a los d con criterio les salpicaba la corrupción",justifico diputado querer entrevista similar administracion porq criterio salpicar corrupcion,3,0,171,0,@quorumgt/videos,channel,NEG,0.85619,0.131442,0.012369,0.85619,0.724748,0.453986,"polaridad negativa (critica, queja, rechazo, insulto)",False,pysentimiento/robertuito-sentiment-analysis
UgwwPrhCy2levkb6TRd4AaABAg,ndAZjHqzzT8,Internet: escoger el menos malo,UCE4rsXcgDb6e1-a9iTbWzfg,Quorum,UCJp3OrVYcBorC94sKwdch_A,@ULJoshmg2011,"Otro detalle muy interesante es para la mayoría que usamos líneas prepago; hay muchos abusos por parte de las empresas, una de ellas por ejemplo te roba el saldo cuando haces una recarga sin haberte asignado ningún paquete; aluden a que sino te asignas un paquete el consumo del saldo corre si usas internet; una recarga de Q100 se consume en 5 min.  Esto no está regulado  la verdad en Guate; la otra compañía es más legal en esto; almenos no te permite navegar sino has asignado paquete. El monopolio nunca será nada bueno, en mi caso opté por quitar cable y servicios asociados tuve demasiados abusos, cobros anticipados,  costos  muy altos y final quedas indefenso. Solo opté por un prepago para Internet lo mínimo necesario, para poder ver YouTube. No consumimos nada más, dejamos de ver TV desde la pandemia, es mejor leer y escuchar la radio, no hay que darles gusto a estas empresas que abusan y roban.  Los que puedan tener internet satelital los felicito es mejor que la corrupcion de las dos empresas  actuales.","Otro detalle muy interesante es para la mayoría que usamos líneas prepago; hay muchos abusos por parte de las empresas, una de ellas por ejemplo te roba el saldo cuando haces una recarga sin haberte asignado ningún paquete; aluden a que sino te asignas un paquete el consumo del saldo corre si usas internet; una recarga de Q100 se consume en 5 min. Esto no está regulado la verdad en Guate; la otra compañía es más legal en esto; almenos no te permite navegar sino has asignado paquete. El monopolio nunca será nada bueno, en mi caso opté por quitar cable y servicios asociados tuve demasiados abusos, cobros anticipados, costos muy altos y final quedas indefenso. Solo opté por un prepago para Internet lo mínimo necesario, para poder ver YouTube. No consumimos nada más, dejamos de ver TV desde la pandemia, es mejor leer y escuchar la radio, no hay que darles gusto a estas empresas que abusan y roban. Los que puedan tener internet satelital los felicito es mejor que la corrupcion de las dos empresas actuales.",detalle interesante mayoria line prepago abuso empresa ejemplo robar saldo recargar haberte asignado paquete aludir asigna paquete consumo saldo correr internet recargar q100 consumir min regulado guate compania legal almeno permitir navegar asignado paquete monopolio caso opte quitar cable servicio asociado abuso cobro anticipado costo alto queda indefenso opte prepago internet minimo necesario youtube consumir dejar pandemia leer escuchar radio dar el gusto empresa abusan ror internet satelital felicito corrupcion empresa actual,0,0,1022,0,@quorumgt/videos,channel,NEG,0.942063,0.053725,0.004211,0.942063,0.888338,0.236346,"polaridad negativa (critica, queja, rechazo, insulto)",False,pysentimiento/robertuito-sentiment-analysis
UgwxjmtBoAozs0ZUAcd4AaABAg,is3Mk5oC19g,Capturan a ladrón que había quedado grabado mientras robaba en una parroquia de Retalhuleu,UCt5Dw7ePnn0AqPqRF8Xpjkw,TN23 Guatemala,UCdFlugHJJa4l3YqWuNRmvXw,@MarcosCarillo-b1r,Al que tienen que enjuiciar es al comparator por comparator obgwtos robados,Al que tienen que enjuiciar es al comparator por comparator obgwtos robados,enjuiciar comparator comparator obgwto robado,0,1,75,0,guatemala noticias,topic,NEG,0.907932,0.077718,0.01435,0.907932,0.830215,0.347137,"polaridad negativa (critica, queja, rechazo, insulto)",False,pysentimiento/robertuito-sentiment-analysis
UgwxjmtBoAozs0ZUAcd4AaABAg.AaAbqoGVGipAaAjNG9oPRN,is3Mk5oC19g,Capturan a ladrón que había quedado grabado mientras robaba en una parroquia de Retalhuleu,UCt5Dw7ePnn0AqPqRF8Xpjkw,TN23 Guatemala,UCLh1Kde4_vI1sTZBkTNP7RQ,@JoelReynoso-d4r,que?,que?,,0,0,4,0,guatemala noticias,topic,NEU,0.214274,0.586072,0.199654,0.586072,0.371798,0.964911,"polaridad neutra (informativo, pregunta, sin carga afectiva clara)",False,pysentimiento/robertuito-sentiment-analysis
UgwypjUeZBU45DrrW0d4AaABAg,n8iP75gIpmw,Qué rico come tu diputado,UCE4rsXcgDb6e1-a9iTbWzfg,Quorum,UCThW2XNsAaBKme5PUt7n-Zg,@thelmamoran8565,Yo no entiendo por qué están ahorita con todas estas cosas por qué no lo hacían cuando estaban los corruptos Alvaro Arzú Alan Rodríguez. La señora está evangélica que acaba de salir no entiendo por qué no les decían eso a ellos porque tiene que ser hasta ahora es tonto,Yo no entiendo por qué están ahorita con todas estas cosas por qué no lo hacían cuando estaban los corruptos Alvaro Arzú Alan Rodríguez. La señora está evangélica que acaba de salir no entiendo por qué no les decían eso a ellos porque tiene que ser hasta ahora es tonto,entender ahorito haciar corrupto alvaro arzu alan rodriguez senoro evangelico acabar salir enteir decian tonto,0,0,269,0,@quorumgt/videos,channel,NEG,0.967539,0.029424,0.003037,0.967539,0.938116,0.15328,"polaridad negativa (critica, queja, rechazo, insulto)",False,pysentimiento/robertuito-sentiment-analysis
Ugwz_6qtdDTbTWEUQQ94AaABAg,n8iP75gIpmw,Qué rico come tu diputado,UCE4rsXcgDb6e1-a9iTbWzfg,Quorum,UC6YSZqL0vEcI-niPKIMUGfw,@maxwellsales885,"Ni el mismo lo cree, estos son sinverguenzas y se pasan de pija, cómo se sentirá la familia tener a alguien mañoso, mafioso, sin vergüenza como marido y como padre, es triste","Ni el mismo lo cree, estos son sinverguenzas y se pasan de pija, cómo se sentirá la familia tener a alguien mañoso, mafioso, sin vergüenza como marido y como padre, es triste",creer sinverguenza pasar pijo sentira familio alguien manoso mafioso verguenza marido padre triste,2,0,174,0,@quorumgt/videos,channel,NEG,0.985687,0.010809,0.003504,0.985687,0.974879,0.082957,"polaridad negativa (critica, queja, rechazo, insulto)",False,pysentimiento/robertuito-sentiment-analysis
Ugx-G2kCu5aSwh3IR5l4AaABAg,n8iP75gIpmw,Qué rico come tu diputado,UCE4rsXcgDb6e1-a9iTbWzfg,Quorum,UCNBnKqWf4d-rS4HwJRQljmQ,@LE_A22,"Y CUANDO VAN HABLAR DE LOS GASTOS DEL PRESIDENTE? La carne la bomba de la piscina los salarios exagerados,los aumentos incluso el nepotismo? ó a él no? De él no se puede hablar? Los regañan?","Y CUANDO VAN HABLAR DE LOS GASTOS DEL PRESIDENTE? La carne la bomba de la piscina los salarios exagerados,los aumentos incluso el nepotismo? ó a él no? De él no se puede hablar? Los regañan?",hablar gasto presidente carnir bomba piscinar salario exagerado aumento nepotismo hablar reganar,1,0,190,0,@quorumgt/videos,channel,NEG,0.952308,0.044807,0.002885,0.952308,0.9075,0.202553,"polaridad negativa (critica, queja, rechazo, insulto)",False,pysentimiento/robertuito-sentiment-analysis
Ugx-cQ3Wf3whk_hssDR4AaABAg,06mFNPU0aB8,Capturan a presuntos delincuentes disfrazados de mujer señalados de cometer asalto,UCVpSRoZgngfSL03Nlbjtq9A,Noti7,UCO0zwwLWGyDgQmWPJ5Qrr1w,@elsalvador3605,Por qué siempre tapan la cara de los delincuentes,Por qué siempre tapan la cara de los delincuentes,tapar cara delincuente,3,0,49,0,guatemala noticias,topic,NEG,0.915851,0.07604,0.00811,0.915851,0.839811,0.315467,"polaridad negativa (critica, queja, rechazo, insulto)",False,pysentimiento/robertuito-sentiment-analysis
Ugx-hH6Ysw9sdv3kHPN4AaABAg,j43HgwYFKfk,La cooptación de Walter Mazariegos en la USAC,UCE4rsXcgDb6e1-a9iTbWzfg,Quorum,UCwjUvRseNtJoItylIyIez7Q,@Silviazea,¡Fuera esa basura de mazariegos!,¡Fuera esa basura de mazariegos!,basura mazariego,0,0,32,0,@quorumgt/videos,channel,NEG,0.866822,0.098171,0.035007,0.866822,0.768651,0.469098,"polaridad negativa (critica, queja, rechazo, insulto)",False,pysentimiento/robertuito-sentiment-analysis
Ugx1reCoIQcnK3ii2GR4AaABAg,n8iP75gIpmw,Qué rico come tu diputado,UCE4rsXcgDb6e1-a9iTbWzfg,Quorum,UCTwSut16JyAg3mX6LVUNGqA,@SuperVictor2005,"Que gasten todo lo que les pegue la regalada gana, siempre y cuando que lo paguen con su mismo sueldo o dinero como cualquier empleado público, lo que no es admisible es  que estas ratas solo se recetan estos mega gastos por un almuerzo, porque ellos mismos se los permiten.
Ya basta!!! Asi como estos diputados, PNC de la capital, entre otros empleados públicos selectos tengan privilegios de esta naturaleza, mientras que otros tienen que costear transporte, alimentación, internet, entre otras cosas con su propio sueldo o dinero.","Que gasten todo lo que les pegue la regalada gana, siempre y cuando que lo paguen con su mismo sueldo o dinero como cualquier empleado público, lo que no es admisible es que estas ratas solo se recetan estos mega gastos por un almuerzo, porque ellos mismos se los permiten. Ya basta!!! Asi como estos diputados, PNC de la capital, entre otros empleados públicos selectos tengan privilegios de esta naturaleza, mientras que otros tienen que costear transporte, alimentación, internet, entre otras cosas con su propio sueldo o dinero.",gastar pegue regalado ganar pagar sueldo dinero empleado publico admisible rata recetar mega gasto almuerzo permitir bastar diputado pnc capital empleado publico selecto privilegio naturaleza costear transporte alimentacion internet sueldo dinero,0,0,533,0,@quorumgt/videos,channel,NEG,0.962438,0.032931,0.004631,0.962438,0.929507,0.174145,"polaridad negativa (critica, queja, rechazo, insulto)",False,pysentimiento/robertuito-sentiment-analysis
Ugx2ApaAMqe4ca4SCYx4AaABAg,n8iP75gIpmw,Qué rico come tu diputado,UCE4rsXcgDb6e1-a9iTbWzfg,Quorum,UCLggDc_a5HriXv7I1h02sOA,@guillermogonzalez5153,"Hablemos de cosas relevantes,,,,y No de lo irrelevantes......jajajajaja","Hablemos de cosas relevantes,,,y No de lo irrelevantes...jaja",hablar relevante irrelevante jajajajajar,3,0,71,0,@quorumgt/videos,channel,NEU,0.149277,0.72525,0.125473,0.72525,0.575972,0.777336,"polaridad neutra (informativo, pregunta, sin carga afectiva clara)",False,pysentimiento/robertuito-sentiment-analysis
Ugx2LwWBVc3mFGJAinB4AaABAg,n8iP75gIpmw,Qué rico come tu diputado,UCE4rsXcgDb6e1-a9iTbWzfg,Quorum,UC5H8ASmMC9WrURmzeB4ySog,@ManuelEdran,Ya es calor...jejej,Ya es calor...jejej,calor jejej,2,0,19,0,@quorumgt/videos,channel,NEU,0.025249,0.555447,0.419304,0.555447,0.136144,0.783926,"polaridad neutra (informativo, pregunta, sin carga afectiva clara)",False,pysentimiento/robertuito-sentiment-analysis
Ugx2byJzZBZkDMQMUqV4AaABAg,n8iP75gIpmw,Qué rico come tu diputado,UCE4rsXcgDb6e1-a9iTbWzfg,Quorum,UCwO2SXr0ggzwg6QWWrr01nQ,@ricardofigueroa5720,No se le cree nada a ese diputransa,No se le cree nada a ese diputransa,creer diputransa,11,0,35,0,@quorumgt/videos,channel,NEG,0.909571,0.070922,0.019507,0.909571,0.838649,0.350681,"polaridad negativa (critica, queja, rechazo, insulto)",False,pysentimiento/robertuito-sentiment-analysis
Ugx3uDgmZQhx3Z3VOzt4AaABAg,j43HgwYFKfk,La cooptación de Walter Mazariegos en la USAC,UCE4rsXcgDb6e1-a9iTbWzfg,Quorum,UC816IGbFCZinfYS1LRDaaHg,@ingenieroar,mapa de poder USAC,mapa de poder USAC,mapa usac,1,0,18,0,@quorumgt/videos,channel,NEU,0.12774,0.759333,0.112926,0.759333,0.631593,0.718208,"polaridad neutra (informativo, pregunta, sin carga afectiva clara)",False,pysentimiento/robertuito-sentiment-analysis
Ugx3yIUZXGeiOVESIEl4AaABAg,n8iP75gIpmw,Qué rico come tu diputado,UCE4rsXcgDb6e1-a9iTbWzfg,Quorum,UC3qn1yJA5PeW9rkGPatQxiw,@VICTOREST19,Que ese diputado que muestre la factura donde diga que de su bolsillo fue pagado??,Que ese diputado que muestre la factura donde diga que de su bolsillo fue pagado??,diputado muestre factura bolsillo pagado,7,0,82,0,@quorumgt/videos,channel,NEU,0.357528,0.61059,0.031881,0.61059,0.253062,0.778809,"polaridad neutra (informativo, pregunta, sin carga afectiva clara)",False,pysentimiento/robertuito-sentiment-analysis
Ugx4dn4xlUl9Jp9QJeJ4AaABAg,6W4u8sGEnGM,Inician los trabajos de recuperación del Puente Belice II.,UC-ZtFBHzgkYFh7whZkuR_Ag,Gobierno de la República de Guatemala,UCaT4saRcyqCLE657Rq2hhZQ,@elmilenial4064,Tio berny presidente 2032😁,Tio berny presidente 2032 emoji cara radiante con ojos sonrientes emoji,tio berny presidente,0,0,26,1,Gobierno de la República de Guatemala,topic,POS,0.011543,0.416254,0.572203,0.572203,0.155949,0.735771,"polaridad positiva (aprobacion, agradecimiento, elogio, apoyo)",False,pysentimiento/robertuito-sentiment-analysis
Ugx6Wjc02tqpQUBf4NJ4AaABAg,yLZS3JiEBg8,Arroz con pollo a la MONOPOLIO,UCE4rsXcgDb6e1-a9iTbWzfg,Quorum,UCc_F88PzGWtA1OPNUEASulA,@rockyscarlet,Los hipócritas de la ufm todavía alaban a Milei. Lo primero que haría sería quitar todas las trabas que impiden el libre mercado.,Los hipócritas de la ufm todavía alaban a Milei. Lo primero que haría sería quitar todas las trabas que impiden el libre mercado.,hipocrita ufm alar milei hario quitar traba impedir libre mercado,0,0,129,0,@quorumgt/videos,channel,NEG,0.937214,0.051926,0.01086,0.937214,0.885288,0.263483,"polaridad negativa (critica, queja, rechazo, insulto)",False,pysentimiento/robertuito-sentiment-analysis
Ugx74OPnWkWaFjpFuA94AaABAg,n8iP75gIpmw,Qué rico come tu diputado,UCE4rsXcgDb6e1-a9iTbWzfg,Quorum,UCErZPJpHmLCsXs8ZWkAUupQ,@dorisl.garciaroche7763,"Y será que si ya no se diera esa facilidad de efectivo para gastos de ese tipo, les interesaría seguir siendo diputados. O es por ese estilo de vida lo que les llama la atención ser diputados.","Y será que si ya no se diera esa facilidad de efectivo para gastos de ese tipo, les interesaría seguir siendo diputados. O es por ese estilo de vida lo que les llama la atención ser diputados.",facilidad efectivo gasto tipo interesario seguir diputado estilo vida llamar atencion diputado,2,1,192,0,@quorumgt/videos,channel,NEG,0.659659,0.327798,0.012542,0.659659,0.331861,0.694969,"polaridad negativa (critica, queja, rechazo, insulto)",False,pysentimiento/robertuito-sentiment-analysis
Ugx74OPnWkWaFjpFuA94AaABAg.A7ki-1ED5b2A7nIcG2_svP,n8iP75gIpmw,Qué rico come tu diputado,UCE4rsXcgDb6e1-a9iTbWzfg,Quorum,UCFjudnPLoaSL1BaRuLahyHg,@HaroldoCastillo-rh9iw,Cierto.,Cierto.,,1,0,7,0,@quorumgt/videos,channel,NEU,0.242351,0.479629,0.278021,0.479629,0.201608,1.051787,"polaridad neutra (informativo, pregunta, sin carga afectiva clara)",True,pysentimiento/robertuito-sentiment-analysis
Ugx7Gvgflw7nQKqoR094AaABAg,lj983NWyAQY,Plan 2032 Ciudad de Guatemala,UCXa6LVjBzUtmcM3cwbd9e2w,Municipalidad de Guatemala,UCFOxCyF926Y9eHhMeVoWLzw,@arielsarc09,"De todo corazon espero que se cumplan todos estos proyectos por el bien de mi gente linda, Dios bendiga a Guatemala.","De todo corazon espero que se cumplan todos estos proyectos por el bien de mi gente linda, Dios bendiga a Guatemala.",corazon esperar cumplir proyecto lindo dios bendiga guatemala,3,0,116,0,Municipalidad de Guatemala,topic,POS,0.005754,0.062262,0.931983,0.931983,0.869721,0.268194,"polaridad positiva (aprobacion, agradecimiento, elogio, apoyo)",False,pysentimiento/robertuito-sentiment-analysis
Ugx7ezRwB-DpY3VQt754AaABAg,n8iP75gIpmw,Qué rico come tu diputado,UCE4rsXcgDb6e1-a9iTbWzfg,Quorum,UC5H8ASmMC9WrURmzeB4ySog,@ManuelEdran,Minusiosas pero a la larga se vuelve millonarios. . Paguen sus almuerzos no se aprovechen del pueblo... casaka.,Minusiosas pero a la larga se vuelve millonarios. . Paguen sus almuerzos no se aprovechen del pueblo... casaka.,minusiosa vuelve millonario pagar almuerzo aprovechar pueblo casaka,1,0,111,0,@quorumgt/videos,channel,NEU,0.434675,0.527399,0.037926,0.527399,0.092724,0.82368,"polaridad neutra (informativo, pregunta, sin carga afectiva clara)",False,pysentimiento/robertuito-sentiment-analysis
Ugx7j6oWhgfonHPJCdR4AaABAg,n8iP75gIpmw,Qué rico come tu diputado,UCE4rsXcgDb6e1-a9iTbWzfg,Quorum,UC72gBAtyb_VXQlYDcFrh6oQ,@osmanmorales3012,Para que participo si el reclama y que a echo por el pais nada,Para que participo si el reclama y que a echo por el pais nada,participo reclamar echo,3,0,62,0,@quorumgt/videos,channel,NEG,0.876742,0.109702,0.013556,0.876742,0.767039,0.416073,"polaridad negativa (critica, queja, rechazo, insulto)",False,pysentimiento/robertuito-sentiment-analysis
Ugx8FxDKPAY-M_JhRgd4AaABAg,n8iP75gIpmw,Qué rico come tu diputado,UCE4rsXcgDb6e1-a9iTbWzfg,Quorum,UCi1b_TRQfgO1Z9O2gNGGWNA,@davidisraelesquitsaquil,"Ahora se destapo la CORRUPCION Q EXISTIA Y AHORA SE CONTAMINO despues de ampliacion ahora DEUDAS a la Comunidad Internacional por PRESTAMOS para carreteras, ademas CONCESIONES A AEROPUERTOS, PUERTOS, LAS MISMAS CARRETERAS, todos millonario, EUROBONOS, vender al pais y CANASTA BASICA A Q10,000 todo lo van hacer PERO ESE DINERO QUE OBTENGAN SERA REGALO DEL 👹👹👹 Xq DIOS dara justicia en su momento la JUSTICIA DE DIOS con sus hijitos sera IMPLACABLE y omnipotente🇬🇹🇬🇹🇬🇹🇬🇹","Ahora se destapo la CORRUPCION Q EXISTIA Y AHORA SE CONTAMINO despues de ampliacion ahora DEUDAS a la Comunidad Internacional por PRESTAMOS para carreteras, ademas CONCESIONES A AEROPUERTOS, PUERTOS, LAS MISMAS CARRETERAS, todos millonario, EUROBONOS, vender al pais y CANASTA BASICA A Q10,000 todo lo van hacer PERO ESE DINERO QUE OBTENGAN SERA REGALO DEL emoji demonio japonés oni emoji emoji demonio japonés oni emoji emoji demonio japonés oni emoji Xq DIOS dara justicia en su momento la JUSTICIA DE DIOS con sus hijitos sera IMPLACABLE y omnipotente emoji bandera guatemala emoji emoji bandera guatemala emoji emoji bandera guatemala emoji emoji bandera guatemala emoji",destapo corrupcion existia contamino ampliacion deuda comunidad internacional prestar carretero concesion aeropuerto puerto carretero millonario eurobo yo vender canasta basico q10 dinero obtengar regalo dios justicia momento justicia dios hijito implacable omnipotente,0,0,470,7,@quorumgt/videos,channel,NEG,0.730113,0.251942,0.017945,0.730113,0.478171,0.649124,"polaridad negativa (critica, queja, rechazo, insulto)",False,pysentimiento/robertuito-sentiment-analysis
Ugx8vuWdqsWZslsS9R14AaABAg,WIUZtitfLRw,Caminar en una ciudad hecha para carros,UCE4rsXcgDb6e1-a9iTbWzfg,Quorum,UCvcu1kR8xMYy_I1Ty-2mV2Q,@hashojea7348,Excelente nota,Excelente nota,excelente nota,0,0,14,0,@quorumgt/videos,channel,NEU,0.17326,0.49712,0.32962,0.49712,0.167499,1.016984,"polaridad neutra (informativo, pregunta, sin carga afectiva clara)",True,pysentimiento/robertuito-sentiment-analysis
Ugx90cmhNaRBNDou1BR4AaABAg,OkXlHx0hx-8,EE.UU. envía a mexicanos deportados a Guatemala antes de su regreso a México | Noticias Telemundo,UCRwA1NUcUnwsly35ikGhp0A,Noticias Telemundo,UCBlm80VQ4YoV3bUJR_XhkaQ,@rosadiaz6945,Miserables el departamento de seguridad de USA,Miserables el departamento de seguridad de USA,miserable departamento seguridad,0,3,46,0,guatemala noticias,topic,NEG,0.545228,0.413833,0.040939,0.545228,0.131395,0.826658,"polaridad negativa (critica, queja, rechazo, insulto)",False,pysentimiento/robertuito-sentiment-analysis
Ugx90cmhNaRBNDou1BR4AaABAg.AaA5Ej9IqgQAaBaWPRQg7K,OkXlHx0hx-8,EE.UU. envía a mexicanos deportados a Guatemala antes de su regreso a México | Noticias Telemundo,UCRwA1NUcUnwsly35ikGhp0A,Noticias Telemundo,UCi2KiZq63sRq8Mfbcp-MelQ,@eugeneramirez4405,"There tired of fraud and corruption and lethal drugs. 
We AMERICANS HAVE VOTED!
you don't like our LAWS lezve!",There tired of fraud and corruption and lethal drugs. We AMERICANS HAVE VOTED! you don't like our LAWS lezve!,therir tired fraud corruption lethal drugs americans have voted don like our laws lezve,0,0,110,0,guatemala noticias,topic,NEG,0.941413,0.041059,0.017528,0.941413,0.900354,0.25881,"polaridad negativa (critica, queja, rechazo, insulto)",False,pysentimiento/robertuito-sentiment-analysis
Ugx90cmhNaRBNDou1BR4AaABAg.AaA5Ej9IqgQAaCnVqXU5cy,OkXlHx0hx-8,EE.UU. envía a mexicanos deportados a Guatemala antes de su regreso a México | Noticias Telemundo,UCRwA1NUcUnwsly35ikGhp0A,Noticias Telemundo,UCBlm80VQ4YoV3bUJR_XhkaQ,@rosadiaz6945,"​ @eugeneramirez4405 
Go away, there's no way to prove you're American.","​ @usuario Go away, there's no way to prove you're American.",away there way prove americar,0,0,71,0,guatemala noticias,topic,NEG,0.5708,0.31876,0.110439,0.5708,0.25204,0.92783,"polaridad negativa (critica, queja, rechazo, insulto)",False,pysentimiento/robertuito-sentiment-analysis
Ugx90cmhNaRBNDou1BR4AaABAg.AaA5Ej9IqgQAaCz3GqqPAJ,OkXlHx0hx-8,EE.UU. envía a mexicanos deportados a Guatemala antes de su regreso a México | Noticias Telemundo,UCRwA1NUcUnwsly35ikGhp0A,Noticias Telemundo,UCi2KiZq63sRq8Mfbcp-MelQ,@eugeneramirez4405,"​ @rosadiaz6945 
Sure 👌 
Whatever you say!",​ @usuario Sure emoji señal de aprobación con la mano emoji Whatever you say!,sure whatever say,0,0,42,1,guatemala noticias,topic,NEU,0.026595,0.536544,0.436861,0.536544,0.099683,0.792298,"polaridad neutra (informativo, pregunta, sin carga afectiva clara)",False,pysentimiento/robertuito-sentiment-analysis
UgxCKgaQSm13r2z9hFd4AaABAg,j43HgwYFKfk,La cooptación de Walter Mazariegos en la USAC,UCE4rsXcgDb6e1-a9iTbWzfg,Quorum,UColMq7LmaoY3MT6aIDGrGvA,@quijotachapina1,"Escuché que solo fingen que las reuniones son virtuales, pero las hacen en un hôtel y encima liquidan los gastos generados 😡","Escuché que solo fingen que las reuniones son virtuales, pero las hacen en un hôtel y encima liquidan los gastos generados emoji cara cabreada emoji",escuche fingir reunion virtual hotel liquidar gasto generado,0,0,124,1,@quorumgt/videos,channel,NEG,0.950301,0.047376,0.002323,0.950301,0.902926,0.20701,"polaridad negativa (critica, queja, rechazo, insulto)",False,pysentimiento/robertuito-sentiment-analysis
UgxCT5F3jO763e2aO-t4AaABAg,OkXlHx0hx-8,EE.UU. envía a mexicanos deportados a Guatemala antes de su regreso a México | Noticias Telemundo,UCRwA1NUcUnwsly35ikGhp0A,Noticias Telemundo,UCat2qkYvqmtDNEmo2PVuhXw,@DoraSalas-j5o,Dicen quelos van a mandar a africa cuidao paisas,Dicen quelos van a mandar a africa cuidao paisas,que el mandar africo cuidao paisa,1,0,48,0,guatemala noticias,topic,NEG,0.477871,0.47056,0.05157,0.477871,0.007311,0.860485,"polaridad negativa (critica, queja, rechazo, insulto)",True,pysentimiento/robertuito-sentiment-analysis
UgxCjFHfuFk1jUGvoIB4AaABAg,lj983NWyAQY,Plan 2032 Ciudad de Guatemala,UCXa6LVjBzUtmcM3cwbd9e2w,Municipalidad de Guatemala,UCSTAUWVc1_82DHYeqOsqEFA,@TheAlexX_C,"Que bella es la Ciudad de Guatemala, unica en su clase. 
Saludos desde El Salvador 😸","Que bella es la Ciudad de Guatemala, unica en su clase. Saludos desde El Salvador emoji gato sonriendo con ojos sonrientes emoji",bello ciudad guatemala unico clase saludos salvador,191,2,84,1,Municipalidad de Guatemala,topic,POS,0.004003,0.043435,0.952562,0.952562,0.909127,0.204629,"polaridad positiva (aprobacion, agradecimiento, elogio, apoyo)",False,pysentimiento/robertuito-sentiment-analysis
UgxD16VX3BhREOtsuhJ4AaABAg,yLZS3JiEBg8,Arroz con pollo a la MONOPOLIO,UCE4rsXcgDb6e1-a9iTbWzfg,Quorum,UCcFIBN-rtC3d3hXeuN5TfWw,@DenisRMC,"Excelente explicación 
Te falto incluir la harina que al final es el mismo dueño de las pastas...eso se llama MONOPOLIO...y tiene nombre
Contra ellos no se puede..hasta este dueño del monopolio hasta apoyo al actual presidente..
Raro..??",Excelente explicación Te falto incluir la harina que al final es el mismo dueño de las pastas...eso se llama MONOPOLIO...y tiene nombre Contra ellos no se puede..hasta este dueño del monopolio hasta apoyo al actual presidente.. Raro..??,excelente explicacion falto incluir harina dueno pasta llamar monopolio nombre dueno monopolio apoyo actual presidente raro,0,0,237,0,@quorumgt/videos,channel,NEG,0.943984,0.049455,0.00656,0.943984,0.894529,0.236089,"polaridad negativa (critica, queja, rechazo, insulto)",False,pysentimiento/robertuito-sentiment-analysis
UgxDBhcq11EK83DqrSZ4AaABAg,j43HgwYFKfk,La cooptación de Walter Mazariegos en la USAC,UCE4rsXcgDb6e1-a9iTbWzfg,Quorum,UCV0lM03g5fg5pbPj97-sAtA,@genarodelgado3929,"Excelente nota prensa!!
Compartan esta información para esos estudiantes ineptos y puedan conocer la realidad!!",Excelente nota prensa!! Compartan esta información para esos estudiantes ineptos y puedan conocer la realidad!!,excelente nota prenso compartar informacion estudiante inepto realidad,1,0,111,0,@quorumgt,topic,POS,0.013792,0.184168,0.80204,0.80204,0.617871,0.547604,"polaridad positiva (aprobacion, agradecimiento, elogio, apoyo)",False,pysentimiento/robertuito-sentiment-analysis
UgxDFo35bUo0APtZcd94AaABAg,lj983NWyAQY,Plan 2032 Ciudad de Guatemala,UCXa6LVjBzUtmcM3cwbd9e2w,Municipalidad de Guatemala,UC_ljZ1hZXR9pzexFz87P5ZA,@ChRiStOpHeR7969,"balgame  DIOS   QUE  TAN  ATRASADOS  ESTAN   Y  CUANTO  TIEMPO  PARA  ESTAR  EN  LA  MODERNIDAD OJALA  Y  LO  LOGREN  ,  POR  CUANTOS  PRECIDENTES  TIENE  QUE  PASAR  Y  CONVENSER  PARA  QUE  ESTO  SEA  UNA  REALIDAD","balgame DIOS QUE TAN ATRASADOS ESTAN Y CUANTO TIEMPO PARA ESTAR EN LA MODERNIDAD OJALA Y LO LOGREN , POR CUANTOS PRECIDENTES TIENE QUE PASAR Y CONVENSER PARA QUE ESTO SEA UNA REALIDAD",balgame dios atrasado tiempo modernidad ojala lograr precident pasar convenser realidad,0,0,216,0,Municipalidad de Guatemala,topic,NEG,0.866002,0.121029,0.01297,0.866002,0.744973,0.436525,"polaridad negativa (critica, queja, rechazo, insulto)",False,pysentimiento/robertuito-sentiment-analysis
UgxEE17R1iQyuDZebVF4AaABAg,06mFNPU0aB8,Capturan a presuntos delincuentes disfrazados de mujer señalados de cometer asalto,UCVpSRoZgngfSL03Nlbjtq9A,Noti7,UCLXYp1Cvc5DLtq5UQL5D9vw,@jorgecifuentes-m5g,TransLadrones ?,TransLadrones ?,transladron,3,1,15,0,guatemala noticias,topic,NEU,0.122751,0.817163,0.060085,0.817163,0.694412,0.59144,"polaridad neutra (informativo, pregunta, sin carga afectiva clara)",False,pysentimiento/robertuito-sentiment-analysis
UgxEE17R1iQyuDZebVF4AaABAg.A_UFk_pMAbMA_VZ_0Vdu89,06mFNPU0aB8,Capturan a presuntos delincuentes disfrazados de mujer señalados de cometer asalto,UCVpSRoZgngfSL03Nlbjtq9A,Noti7,UCfjhejO7LZy4doXURa7LZCQ,@HonwayLee-z5g,😂😂,emoji cara llorando de risa emoji emoji cara llorando de risa emoji,,0,0,2,2,guatemala noticias,topic,NEU,0.22611,0.701032,0.072858,0.701032,0.474922,0.776006,"polaridad neutra (informativo, pregunta, sin carga afectiva clara)",False,pysentimiento/robertuito-sentiment-analysis
UgxE_8DGgJmaHaV_WLJ4AaABAg,n8iP75gIpmw,Qué rico come tu diputado,UCE4rsXcgDb6e1-a9iTbWzfg,Quorum,UCplrIQtaPj6au60_f2-mOYw,@romeolopezherrarte799,JAJAJAJA  SE METEN A HACER UN PROYECTO DE FERROCARRIL  A GUATEMALA LA DEJAN COMO ÁFRICA,jaja SE METEN A HACER UN PROYECTO DE FERROCARRIL A GUATEMALA LA DEJAN COMO ÁFRICA,metar proyecto ferrocarril guatemala dejar africo,0,0,87,0,@quorumgt/videos,channel,NEG,0.883978,0.106124,0.009899,0.883978,0.777854,0.392753,"polaridad negativa (critica, queja, rechazo, insulto)",False,pysentimiento/robertuito-sentiment-analysis
UgxEsAK7q3l34wFdZ414AaABAg,6W4u8sGEnGM,Inician los trabajos de recuperación del Puente Belice II.,UC-ZtFBHzgkYFh7whZkuR_Ag,Gobierno de la República de Guatemala,UCql1n3Ey6ULMSOACjMe-fxQ,@RolandoGonzalez-o7g,"El Salvador que es un país tan pequeño está haciendo maravillas en su estructura su presidente.
  Y Guatemala que es un mega país, va tan atrasado como la  tortuga.","El Salvador que es un país tan pequeño está haciendo maravillas en su estructura su presidente. Y Guatemala que es un mega país, va tan atrasado como la tortuga.",salvador pequeno maravilla estructura presidente guatemala mega atrasado tortuga,6,7,164,0,Gobierno de la República de Guatemala,topic,NEG,0.949847,0.042931,0.007222,0.949847,0.906916,0.219637,"polaridad negativa (critica, queja, rechazo, insulto)",False,pysentimiento/robertuito-sentiment-analysis
UgxEsAK7q3l34wFdZ414AaABAg.A_zCnf5bSajA_zKDdWQaaO,6W4u8sGEnGM,Inician los trabajos de recuperación del Puente Belice II.,UC-ZtFBHzgkYFh7whZkuR_Ag,Gobierno de la República de Guatemala,UCZFQwqh90apuL8eFhvRBkUg,@luisricardo9671,"Nayib Bukele lleva 7 años como presidente de El Salvador teniendo todos los poderes del estado a su favor, y el de Guate con todas las trabas que le pusieron los 2 primeros años, y queres un mega pais en 3 años no jodas, ni un edificio de 15 niveles lo terminan en 4 años, no esperes que la corrupcion de 30 años la solucionen en un periodo de gobierno estan dejando simientos pero si seguimos poniendo presidentes como los antecesores de este olvidate que ese puente lo terminen y seguiras viendo el pais en ruinas.","Nayib Bukele lleva 7 años como presidente de El Salvador teniendo todos los poderes del estado a su favor, y el de Guate con todas las trabas que le pusieron los 2 primeros años, y queres un mega pais en 3 años no jodas, ni un edificio de 15 niveles lo terminan en 4 años, no esperes que la corrupcion de 30 años la solucionen en un periodo de gobierno estan dejando simientos pero si seguimos poniendo presidentes como los antecesores de este olvidate que ese puente lo terminen y seguiras viendo el pais en ruinas.",nayib bukele anos presidente salvador favor guatar traba ano quer megar anos joda edificio nivel terminar ano esper corrupcion ano solucionar periodo gobierno dejar simiento seguir president antecesor olvidatir puente terminir seguira ruina,9,0,516,0,Gobierno de la República de Guatemala,topic,NEG,0.95454,0.039479,0.005981,0.95454,0.91506,0.202625,"polaridad negativa (critica, queja, rechazo, insulto)",False,pysentimiento/robertuito-sentiment-analysis
UgxEsAK7q3l34wFdZ414AaABAg.A_zCnf5bSajA_zMcZPgoSk,6W4u8sGEnGM,Inician los trabajos de recuperación del Puente Belice II.,UC-ZtFBHzgkYFh7whZkuR_Ag,Gobierno de la República de Guatemala,UCoGdCoJg2Lh0OX_jv6cG16g,@Israel-u5i7i,​ @luisricardo9671 comentario bien acertado saludos amigo🧐🧐🧐,​ @usuario comentario bien acertado saludos amigo emoji cara con monóculo emoji emoji cara con monóculo emoji emoji cara con monóculo emoji,comentario acertado saludos amigo,2,0,60,3,Gobierno de la República de Guatemala,topic,NEU,0.037889,0.522932,0.439179,0.522932,0.083754,0.82441,"polaridad neutra (informativo, pregunta, sin carga afectiva clara)",False,pysentimiento/robertuito-sentiment-analysis
UgxEsAK7q3l34wFdZ414AaABAg.A_zCnf5bSajA_zX0eQk5DZ,6W4u8sGEnGM,Inician los trabajos de recuperación del Puente Belice II.,UC-ZtFBHzgkYFh7whZkuR_Ag,Gobierno de la República de Guatemala,UCyJhqmMbsvjpoarBBStA2kg,@Murmullodelbarrio,"Vos risa das lagarto h..... e p....... a
Ya quisieras que esto lo tuvieras en el Salvador 
A chngr a su madre a su país agrandado de m.....",Vos risa das lagarto h... e p... a Ya quisieras que esto lo tuvieras en el Salvador A chngr a su madre a su país agrandado de m...,risa lagarto quisiera salvador chngr madre agrandado,0,0,139,0,Gobierno de la República de Guatemala,topic,NEG,0.958238,0.028738,0.013024,0.958238,0.9295,0.19942,"polaridad negativa (critica, queja, rechazo, insulto)",False,pysentimiento/robertuito-sentiment-analysis
UgxEsAK7q3l34wFdZ414AaABAg.A_zCnf5bSajA_zXHoAX3hj,6W4u8sGEnGM,Inician los trabajos de recuperación del Puente Belice II.,UC-ZtFBHzgkYFh7whZkuR_Ag,Gobierno de la República de Guatemala,UCyJhqmMbsvjpoarBBStA2kg,@Murmullodelbarrio,"​ @luisricardo9671 
Y ni así ha hecho algo similar el Bujele
Solo en seguridad ya se terminó toda la economía de el Pulgarcito y ya no tiene ni quien le preste más dinero",​ @usuario Y ni así ha hecho algo similar el Bujele Solo en seguridad ya se terminó toda la economía de el Pulgarcito y ya no tiene ni quien le preste más dinero,similar bujele seguridad termino economio pulgarcito prestir dinero,3,0,170,0,Gobierno de la República de Guatemala,topic,NEG,0.978077,0.017253,0.00467,0.978077,0.960825,0.116786,"polaridad negativa (critica, queja, rechazo, insulto)",False,pysentimiento/robertuito-sentiment-analysis
UgxEsAK7q3l34wFdZ414AaABAg.A_zCnf5bSajA_zXUuRIq0q,6W4u8sGEnGM,Inician los trabajos de recuperación del Puente Belice II.,UC-ZtFBHzgkYFh7whZkuR_Ag,Gobierno de la República de Guatemala,UCyJhqmMbsvjpoarBBStA2kg,@Murmullodelbarrio,"Vos Rolando
Tu Bujele lleva 7 años con la cuesta los chorros y ni eso puede terminar
Ja jaaaaaaaaa viva Guatemala",Vos Rolando Tu Bujele lleva 7 años con la cuesta los chorros y ni eso puede terminar Ja jaja viva Guatemala,rolar bujele ano costar chorro terminar jaa vivo guatemala,4,0,113,0,Gobierno de la República de Guatemala,topic,NEG,0.748346,0.214547,0.037106,0.748346,0.533799,0.669401,"polaridad negativa (critica, queja, rechazo, insulto)",False,pysentimiento/robertuito-sentiment-analysis
UgxEsAK7q3l34wFdZ414AaABAg.A_zCnf5bSajA_znUL05zze,6W4u8sGEnGM,Inician los trabajos de recuperación del Puente Belice II.,UC-ZtFBHzgkYFh7whZkuR_Ag,Gobierno de la República de Guatemala,UC63tFvbQ_hJhGDi2nbjssjw,@AbigailRodas-w2r,Que fácil te dejas engañar al parecer todas se las crees a Bukeli,Que fácil te dejas engañar al parecer todas se las crees a Bukeli,facil deja enganar parecer crees bukeli,2,0,65,0,Gobierno de la República de Guatemala,topic,NEG,0.912199,0.077425,0.010376,0.912199,0.834774,0.329317,"polaridad negativa (critica, queja, rechazo, insulto)",False,pysentimiento/robertuito-sentiment-analysis
UgxEsAK7q3l34wFdZ414AaABAg.A_zCnf5bSajAa0q77b9a3F,6W4u8sGEnGM,Inician los trabajos de recuperación del Puente Belice II.,UC-ZtFBHzgkYFh7whZkuR_Ag,Gobierno de la República de Guatemala,UCtCtts20bW6F9CSohau51Iw,@carlosgranados9875,"Y cual mega maravillas de guanacolandia, un estadio chino, un metro cable de 3 kilometros de distancia y un via llamada los chorros que lleva como 5 años y nunca lo terminan. Por favor investiga un poco antes de abrir la bocota. Haaa¡ y se me olvidaba  la gran deuda externa que tienen.☝️🧐🇬🇹🇬🇹🇬🇹🇬🇹","Y cual mega maravillas de guanacolandia, un estadio chino, un metro cable de 3 kilometros de distancia y un via llamada los chorros que lleva como 5 años y nunca lo terminan. Por favor investiga un poco antes de abrir la bocota. jaja¡ y se me olvidaba la gran deuda externa que tienen. emoji dedo índice hacia arriba emoji emoji cara con monóculo emoji emoji bandera guatemala emoji emoji bandera guatemala emoji emoji bandera guatemala emoji emoji bandera guatemala emoji",megar maravilla guanacolandia estadio chino metro cable kilometro distancia via llamado chorro ano terminar favor investigar abrir bocota haa olvidar deuda externo,0,0,297,6,Gobierno de la República de Guatemala,topic,NEG,0.650815,0.318315,0.030869,0.650815,0.3325,0.751287,"polaridad negativa (critica, queja, rechazo, insulto)",False,pysentimiento/robertuito-sentiment-analysis
UgxEsAK7q3l34wFdZ414AaABAg.A_zCnf5bSajAa0qEPC8tJc,6W4u8sGEnGM,Inician los trabajos de recuperación del Puente Belice II.,UC-ZtFBHzgkYFh7whZkuR_Ag,Gobierno de la República de Guatemala,UCtCtts20bW6F9CSohau51Iw,@carlosgranados9875,​ @Murmullodelbarrio 👍🇬🇹,​ @usuario emoji pulgar hacia arriba emoji emoji bandera guatemala emoji,,0,0,24,2,Gobierno de la República de Guatemala,topic,NEU,0.07153,0.779174,0.149296,0.779174,0.629878,0.667025,"polaridad neutra (informativo, pregunta, sin carga afectiva clara)",False,pysentimiento/robertuito-sentiment-analysis
UgxEsAK7q3l34wFdZ414AaABAg.A_zCnf5bSajAa41uU3Anhg,6W4u8sGEnGM,Inician los trabajos de recuperación del Puente Belice II.,UC-ZtFBHzgkYFh7whZkuR_Ag,Gobierno de la República de Guatemala,UCWaRixDdpgllTBf4V0jPnKQ,@hectormaaz5523,Por que votas por los payasos ledrones pollo roncos que han robado el pais trata de arrepentirte y no volver apoyar a sus amigos que ae estan preparando para buscar y pagar votantes,Por que votas por los payasos ledrones pollo roncos que han robado el pais trata de arrepentirte y no volver apoyar a sus amigos que ae estan preparando para buscar y pagar votantes,vota payaso ledron pollo ronco robado arrepentirte volver apoyar amigo preparar buscar pagar votante,0,0,181,0,Gobierno de la República de Guatemala,topic,NEG,0.96078,0.03325,0.005971,0.96078,0.92753,0.182188,"polaridad negativa (critica, queja, rechazo, insulto)",False,pysentimiento/robertuito-sentiment-analysis
UgxFOJmnMHqi2dpDaZd4AaABAg,n8iP75gIpmw,Qué rico come tu diputado,UCE4rsXcgDb6e1-a9iTbWzfg,Quorum,UCcfdg8crmMJwEuLUsAhV7yg,@RolandoRaguay,"Creo que no entienden los Sres periodistas, la comida de trabajo que se hace con personas ajenas del congreso se debe de pagar con dinero del pueblo, más no como antes que en las reuniones del congreso comían gratis todos los diputados","Creo que no entienden los Sres periodistas, la comida de trabajo que se hace con personas ajenas del congreso se debe de pagar con dinero del pueblo, más no como antes que en las reuniones del congreso comían gratis todos los diputados",entender periodista comida trabajo persona ajeno congreso pagar dinero pueblo reunion congreso comian gratis diputado,1,0,235,0,@quorumgt/videos,channel,NEG,0.8848,0.103642,0.011558,0.8848,0.781158,0.394784,"polaridad negativa (critica, queja, rechazo, insulto)",False,pysentimiento/robertuito-sentiment-analysis
UgxFzCyhju6zPSl4zwZ4AaABAg,j43HgwYFKfk,La cooptación de Walter Mazariegos en la USAC,UCE4rsXcgDb6e1-a9iTbWzfg,Quorum,UC6Uj1FT5JjDSF8vudvDxPAA,@alfredoortega9264,Bendiciones a la licenciada periodista Vásquez que Dios proteja su camino y la guarde siempre durante su trabajo en pos de la universidad 🙏,Bendiciones a la licenciada periodista Vásquez que Dios proteja su camino y la guarde siempre durante su trabajo en pos de la universidad emoji manos en oración emoji,bendicion licenciado periodista vasquez dios proteger camino guardar trabajo pos universidad,1,0,139,1,@quorumgt/videos,channel,POS,0.028247,0.346913,0.62484,0.62484,0.277927,0.761858,"polaridad positiva (aprobacion, agradecimiento, elogio, apoyo)",False,pysentimiento/robertuito-sentiment-analysis
UgxHqBlwo8Dpvv-2P5d4AaABAg,n8iP75gIpmw,Qué rico come tu diputado,UCE4rsXcgDb6e1-a9iTbWzfg,Quorum,UCj-LL25XJnjxepPKCc3NGog,@anaaguirre8985,"Es claro nesecitan fondos=caja chica estos recursos deben ser canalizados e implementado  material utilizado las comidas podría ser en fondo general si tuviesen invitados en una sesión extendida, tener un piso por persona. (No comprar lujos)
Esperemos ver otras facturas de diferentes bancadas.
Y apoyo toda fiscalización","Es claro nesecitan fondos=caja chica estos recursos deben ser canalizados e implementado material utilizado las comidas podría ser en fondo general si tuviesen invitados en una sesión extendida, tener un piso por persona. (No comprar lujos) Esperemos ver otras facturas de diferentes bancadas. Y apoyo toda fiscalización",nesecitar fondo cajar chico recurso canalizado implementado material utilizado comida fondo general invitados sesion extendido piso persona comprar lujo esperer factura bancada apoyo fiscalizacion,1,0,321,0,@quorumgt/videos,channel,NEU,0.080411,0.87091,0.048679,0.87091,0.790498,0.470192,"polaridad neutra (informativo, pregunta, sin carga afectiva clara)",False,pysentimiento/robertuito-sentiment-analysis
UgxJQfg5iHA6vRWS0El4AaABAg,j43HgwYFKfk,La cooptación de Walter Mazariegos en la USAC,UCE4rsXcgDb6e1-a9iTbWzfg,Quorum,UC1DpqK6vaPEkBOMNvypsKYg,@HectorCarranza-u4j4o,se tiene unir el pueblo y zacar a este corrupto y.criminal xq el pueblo manda no es este mafioso xq este wualter masariego esta sin visa x tramposo es aliado al.pacto de.corruptos y.fe todos los terriristas,se tiene unir el pueblo y zacar a este corrupto y.criminal xq el pueblo manda no es este mafioso xq este wualter masariego esta sin visa x tramposo es aliado al.pacto de.corruptos y.fe todos los terriristas,unir pueblo zacar corrupto criminal pueblo mandar mafioso wualter masariego visa tramposo aliado pacto corrupto terrirista,0,0,206,0,@quorumgt/videos,channel,NEG,0.9027,0.081021,0.016279,0.9027,0.821679,0.363049,"polaridad negativa (critica, queja, rechazo, insulto)",False,pysentimiento/robertuito-sentiment-analysis
UgxK5IJwWigmJ56Xp7p4AaABAg,ndAZjHqzzT8,Internet: escoger el menos malo,UCE4rsXcgDb6e1-a9iTbWzfg,Quorum,UCpsKOkt5iWTbenzeuq7dsmQ,@inge_vergueta,Magistral información. Que debería ser viral y llegar a toda la población...,Magistral información. Que debería ser viral y llegar a toda la población...,magistral informacion deberio viral llegar poblacion,1,0,76,0,@quorumgt/videos,channel,POS,0.031161,0.22989,0.73895,0.73895,0.50906,0.669609,"polaridad positiva (aprobacion, agradecimiento, elogio, apoyo)",False,pysentimiento/robertuito-sentiment-analysis
UgxKfM_nJMsGTkKkM8V4AaABAg,n8iP75gIpmw,Qué rico come tu diputado,UCE4rsXcgDb6e1-a9iTbWzfg,Quorum,UCDftMWXQoJ6nONfY7GVOVjg,@luisgpacheco5858,"Diga hasta misa diputado hambriento, cualquier justificación es pretexto y deje de buscar protagonismo en un trabajo que no hace eficientemente, ojalá la gente sensata nunca más vuelva a dar un voto en una planilla en donde figuren tipos de esta vil calaña.","Diga hasta misa diputado hambriento, cualquier justificación es pretexto y deje de buscar protagonismo en un trabajo que no hace eficientemente, ojalá la gente sensata nunca más vuelva a dar un voto en una planilla en donde figuren tipos de esta vil calaña.",misa diputado hambriento justificacion pretexto dejar buscar protagonismo trabajo eficientemente ojala sensato volver voto planillo figurir tipo vil calana,0,0,257,0,@quorumgt/videos,channel,NEG,0.973169,0.021239,0.005592,0.973169,0.95193,0.13728,"polaridad negativa (critica, queja, rechazo, insulto)",False,pysentimiento/robertuito-sentiment-analysis
UgxLNf6Xy3xngPFLs594AaABAg,n8iP75gIpmw,Qué rico come tu diputado,UCE4rsXcgDb6e1-a9iTbWzfg,Quorum,UCYwpX26TrCxq8TvbKGRYLXA,@beneficioelcaminovillacana8540,Sr diputado si ud sabe cuales son las condiciones del funcionamiento y sus consecuencias de ser diputado. Por qué se mete a ser diputado cual es su objetivo q le motiva  ser funcionario político. O acaso lo obligaron ?,Sr diputado si ud sabe cuales son las condiciones del funcionamiento y sus consecuencias de ser diputado. Por qué se mete a ser diputado cual es su objetivo q le motiva ser funcionario político. O acaso lo obligaron ?,diputado condicion funcionamiento consecuencia diputado meter diputado objetivo motiva funcionario politico acaso obligar,3,0,218,0,@quorumgt/videos,channel,NEG,0.795611,0.197421,0.006968,0.795611,0.59819,0.536817,"polaridad negativa (critica, queja, rechazo, insulto)",False,pysentimiento/robertuito-sentiment-analysis
UgxLSZD8ZrNFmd10RKR4AaABAg,n8iP75gIpmw,Qué rico come tu diputado,UCE4rsXcgDb6e1-a9iTbWzfg,Quorum,UCUIIIPTVDVHAXqhC_5V6lPA,@gorrarota,"Que desgraciado ese dipurrata, justificando lo injustificable... no sólo se reunen para planear sus transas si no que además pagamos la factura de esas reuniones y cuidado que menciona a Arévago con una de las transas que pretende hacer con lo de ""tecnología"" que dice es su trabajo como legislador.","Que desgraciado ese dipurrata, justificando lo injustificable... no sólo se reunen para planear sus transas si no que además pagamos la factura de esas reuniones y cuidado que menciona a Arévago con una de las transas que pretende hacer con lo de ""tecnología"" que dice es su trabajo como legislador.",desgraciado dipurratar justificar injustificable reunir planear transa pagar factura reunion cuidado mencionar arevago transa pretender tecnologia trabajo legislador,0,0,299,0,@quorumgt/videos,channel,NEG,0.97175,0.023255,0.004996,0.97175,0.948495,0.141787,"polaridad negativa (critica, queja, rechazo, insulto)",False,pysentimiento/robertuito-sentiment-analysis
UgxNSGVebHMGSFI8zX94AaABAg,6W4u8sGEnGM,Inician los trabajos de recuperación del Puente Belice II.,UC-ZtFBHzgkYFh7whZkuR_Ag,Gobierno de la República de Guatemala,UCzZ6dDCEsLMXbc5pCFXIprw,@josegil3813,"tendra' una vista maravillosa , pero lo feo sera' la vista del rio aguas negras muy negativo para el turismo internacional.-","tendra' una vista maravillosa , pero lo feo sera' la vista del rio aguas negras muy negativo para el turismo internacional.-",vista maravillosa feo visto rio agua negro negativo turismo internacional,0,0,124,0,Gobierno de la República de Guatemala,topic,NEG,0.893036,0.088661,0.018303,0.893036,0.804375,0.389073,"polaridad negativa (critica, queja, rechazo, insulto)",False,pysentimiento/robertuito-sentiment-analysis
UgxNgFkGSE6nct4PF3V4AaABAg,PjmxCj-a9Hg,Conferencia de Prensa del Gobierno de Guatemala. #LaRondaGt,UC-ZtFBHzgkYFh7whZkuR_Ag,Gobierno de la República de Guatemala,UCNIeXbV_mEwpa412h1aqUWw,@juandeleon9060,Regresa. Y. Bas de buelta. Ala carsel....,Regresa. Y. Bas de buelta. Ala carsel...,regresar bas buelta ala carsel,0,0,41,0,@GobiernodeGuatemala,topic,NEU,0.126269,0.746171,0.12756,0.746171,0.618611,0.74244,"polaridad neutra (informativo, pregunta, sin carga afectiva clara)",False,pysentimiento/robertuito-sentiment-analysis
UgxOO0LIkZP1WvhR1U54AaABAg,ndAZjHqzzT8,Internet: escoger el menos malo,UCE4rsXcgDb6e1-a9iTbWzfg,Quorum,UC_6KbBY1bsYXz9fwFS0eQRg,@imrcp5694,Exelente 👌,Exelente emoji señal de aprobación con la mano emoji,exelente,0,0,10,1,@quorumgt/videos,channel,POS,0.01078,0.105788,0.883431,0.883431,0.777643,0.395963,"polaridad positiva (aprobacion, agradecimiento, elogio, apoyo)",False,pysentimiento/robertuito-sentiment-analysis
UgxPHo503SIH-EmlR-t4AaABAg,6W4u8sGEnGM,Inician los trabajos de recuperación del Puente Belice II.,UC-ZtFBHzgkYFh7whZkuR_Ag,Gobierno de la República de Guatemala,UCV3fr-YOixFKCZBbJP1-X4w,@albertoshernandez5251,"EL PRESIDENTE BERNARDO AREVALO TIENE QUE DAR SEGUNDA BUELTA COMO PRESIDENTE PARA QUE TERMINE TODOS LOS PROYECTOS QUE LOS ANTERIORES PRESINTES LADRONES NO FINALISARON .,EL PRESIDENTE BERNARDO AREVALO TIENE QUE DAR SEGUNDA BUELTA PORQUE SE VE MUY BIÉN QUE SI ESTA HACIENDO MUCHAS COSAS BUENAS EN GUATEMALA 👍.","EL PRESIDENTE BERNARDO AREVALO TIENE QUE DAR SEGUNDA BUELTA COMO PRESIDENTE PARA QUE TERMINE TODOS LOS PROYECTOS QUE LOS ANTERIORES PRESINTES LADRONES NO FINALISARON .,EL PRESIDENTE BERNARDO AREVALO TIENE QUE DAR SEGUNDA BUELTA PORQUE SE VE MUY BIÉN QUE SI ESTA HACIENDO MUCHAS COSAS BUENAS EN GUATEMALA emoji pulgar hacia arriba emoji .",presidente bernardo arevalo buelta presidente terminar proyecto presint ladron finalisar presidente bernardo arevalo buelta guatemala,2,0,306,1,Gobierno de la República de Guatemala,topic,POS,0.03526,0.177301,0.787439,0.787439,0.610138,0.612834,"polaridad positiva (aprobacion, agradecimiento, elogio, apoyo)",False,pysentimiento/robertuito-sentiment-analysis
UgxPRaGm9MdlK4U6VPt4AaABAg,n8iP75gIpmw,Qué rico come tu diputado,UCE4rsXcgDb6e1-a9iTbWzfg,Quorum,UCDQaQv0hr2SS_PO-CMEwVHg,@federicosaquimux1933,"Bueno, si lo tienen más que ""merecido"" por el trabajo por la patria, hay menús más baratos. Aunque lo justifica y lo rejustifica, no es merecido con tanta desnutrición y costo de la canasta básica.

Por honestidad, se puede reintegrar.","Bueno, si lo tienen más que ""merecido"" por el trabajo por la patria, hay menús más baratos. Aunque lo justifica y lo rejustifica, no es merecido con tanta desnutrición y costo de la canasta básica. Por honestidad, se puede reintegrar.",merecido trabajo patria menu barato justifico rejustifico merecido desnutricion costo canasta basico honestidad reintegrar,1,0,235,0,@quorumgt/videos,channel,NEG,0.607784,0.336809,0.055407,0.607784,0.270975,0.829461,"polaridad negativa (critica, queja, rechazo, insulto)",False,pysentimiento/robertuito-sentiment-analysis
UgxQC-ejR063rkAb1VB4AaABAg,yLZS3JiEBg8,Arroz con pollo a la MONOPOLIO,UCE4rsXcgDb6e1-a9iTbWzfg,Quorum,UCefAH1MbvADWUjE9WVcB9EQ,@jabriz8152,"Y no hay manera de aprobar la ley de libre competencia, Guatepeor, aranceles, trabas a importaciones, suministros, hasta cuando","Y no hay manera de aprobar la ley de libre competencia, Guatepeor, aranceles, trabas a importaciones, suministros, hasta cuando",aprobar ley libre competencia guatepeor arancel trabos importacion suministro,0,0,127,0,@quorumgt/videos,channel,NEG,0.980121,0.017046,0.002833,0.980121,0.963075,0.105708,"polaridad negativa (critica, queja, rechazo, insulto)",False,pysentimiento/robertuito-sentiment-analysis
UgxR0AXNH_3DGn-T1494AaABAg,n8iP75gIpmw,Qué rico come tu diputado,UCE4rsXcgDb6e1-a9iTbWzfg,Quorum,UC72gBAtyb_VXQlYDcFrh6oQ,@osmanmorales3012,Y para que participan si por el sueldo no es sino por robar,Y para que participan si por el sueldo no es sino por robar,participar sueldo robar,15,0,59,0,@quorumgt/videos,channel,NEG,0.773686,0.213554,0.01276,0.773686,0.560132,0.583868,"polaridad negativa (critica, queja, rechazo, insulto)",False,pysentimiento/robertuito-sentiment-analysis
UgxR1eqvFSEtPNShD8x4AaABAg,6W4u8sGEnGM,Inician los trabajos de recuperación del Puente Belice II.,UC-ZtFBHzgkYFh7whZkuR_Ag,Gobierno de la República de Guatemala,UCEHXl4VvvVpq-_4xC5tsbhg,@anibalg47,SEÑORES ESTE ES UN MEGA PROYECTO. DEBEMOS TRABAJAR Y PENSAR EN EL FUTURO DE GUATEMALA.AVANCEMOS HACIA ADELANTE.  DELANTE...,SEÑORES ESTE ES UN MEGA PROYECTO. DEBEMOS TRABAJAR Y PENSAR EN EL FUTURO DE GUATEMALA.AVANCEMOS HACIA ADELANTE. DELANTE...,senor mega proyecto deber trabajar pensar futuro guatemala avanc,7,0,123,0,Gobierno de la República de Guatemala,topic,POS,0.019331,0.190058,0.790611,0.790611,0.600554,0.577611,"polaridad positiva (aprobacion, agradecimiento, elogio, apoyo)",False,pysentimiento/robertuito-sentiment-analysis
UgxS0pN-vg0fjeNSLeJ4AaABAg,6W4u8sGEnGM,Inician los trabajos de recuperación del Puente Belice II.,UC-ZtFBHzgkYFh7whZkuR_Ag,Gobierno de la República de Guatemala,UCeQk-WfEA-cJRq4EKeE7TOw,@franciscojuarez9223,lamento arruinarles la fiesta pero dudo que esto logren materializarlo y si se logra que soporte un fuerte sismo... lo dudo... desde ya es un reto para el nivel de corrupción en el que vivimos y que se termine esta obra que si beneficiara a miles,lamento arruinarles la fiesta pero dudo que esto logren materializarlo y si se logra que soporte un fuerte sismo... lo dudo... desde ya es un reto para el nivel de corrupción en el que vivimos y que se termine esta obra que si beneficiara a miles,lamento arruinarl fiesta dudo lograr materializar el lograr soporte fuerte sismo dudo reto nivel corrupcion vivir terminar obra beneficiar mil,0,0,246,0,Gobierno de la República de Guatemala,topic,NEG,0.970958,0.024795,0.004247,0.970958,0.946164,0.143479,"polaridad negativa (critica, queja, rechazo, insulto)",False,pysentimiento/robertuito-sentiment-analysis
UgxTjz0jSJkZW5dGnSp4AaABAg,n8iP75gIpmw,Qué rico come tu diputado,UCE4rsXcgDb6e1-a9iTbWzfg,Quorum,UCkd9W714-947dEE6ZOEBATA,@ARGELIATELON,"Nomás se sientan en el cargo de diputados y ministros y....les crecen ""los cachetes"" hasta les brillan y la barriga. Ej. Benito (tamaletas), Sinibaldi y otros. Y nuestros niños desnutridos....les viene del aire.","Nomás se sientan en el cargo de diputados y ministros y...les crecen ""los cachetes"" hasta les brillan y la barriga. Ej. Benito (tamaletas), Sinibaldi y otros. Y nuestros niños desnutridos...les viene del aire.",noma sentar cargo diputado ministro crecer cachet brillar barrer benito tamaleta sinibaldi nino desnutrido venir aire,0,0,211,0,@quorumgt/videos,channel,NEG,0.963178,0.031087,0.005736,0.963178,0.932091,0.17364,"polaridad negativa (critica, queja, rechazo, insulto)",False,pysentimiento/robertuito-sentiment-analysis
UgxVUS-jkZU2DAjmNjR4AaABAg,n8iP75gIpmw,Qué rico come tu diputado,UCE4rsXcgDb6e1-a9iTbWzfg,Quorum,UCljDbleJul41G1TzOjOZAVA,@hectorcarranza3777,x eso es que estan bravos todos esos sinverguenzas xq ya no pueden hacer sus cochinadas ahora con don vernardo arevalo antes asian amedia noche a escondidas del pueblo ahora seles termino todo que verguenza que el pueblo sufriendo muchos problemas y eyos gosando de buenas dietas,x eso es que estan bravos todos esos sinverguenzas xq ya no pueden hacer sus cochinadas ahora con don vernardo arevalo antes asian amedia noche a escondidas del pueblo ahora seles termino todo que verguenza que el pueblo sufriendo muchos problemas y eyos gosando de buenas dietas,bravo sinverguenza cochinada don vernardo arevalo asiar amedia noche escondido pueblo sel termino verguenzar pueblo sufrir problema eyo gosar dieta,1,0,279,0,@quorumgt/videos,channel,NEG,0.968358,0.027582,0.00406,0.968358,0.940776,0.15253,"polaridad negativa (critica, queja, rechazo, insulto)",False,pysentimiento/robertuito-sentiment-analysis
UgxW0ZnTohConSPgOpp4AaABAg,j43HgwYFKfk,La cooptación de Walter Mazariegos en la USAC,UCE4rsXcgDb6e1-a9iTbWzfg,Quorum,UCGGHbtfbbe0o68etrOf0qxw,@karensussetteleonvargas9794,Exelente,Exelente,exelente,0,0,8,0,@quorumgt/videos,channel,POS,0.007246,0.048196,0.944558,0.944558,0.896362,0.235734,"polaridad positiva (aprobacion, agradecimiento, elogio, apoyo)",False,pysentimiento/robertuito-sentiment-analysis
UgxWzoHDeFfVC7jrjzF4AaABAg,OkXlHx0hx-8,EE.UU. envía a mexicanos deportados a Guatemala antes de su regreso a México | Noticias Telemundo,UCRwA1NUcUnwsly35ikGhp0A,Noticias Telemundo,UCVdjCrh4tQoX3haNAZv-n5A,@aurahernandez5646,Dios los bendiga y disfruten su familia Dios sabe lo que hace bendiciones para todos.,Dios los bendiga y disfruten su familia Dios sabe lo que hace bendiciones para todos.,bendiga disfrutir familia dios bendicion,3,1,85,0,guatemala noticias,topic,POS,0.004177,0.044407,0.951416,0.951416,0.907009,0.208565,"polaridad positiva (aprobacion, agradecimiento, elogio, apoyo)",False,pysentimiento/robertuito-sentiment-analysis
UgxWzoHDeFfVC7jrjzF4AaABAg.Aa9DdH5avRRAaB_gLYRAuw,OkXlHx0hx-8,EE.UU. envía a mexicanos deportados a Guatemala antes de su regreso a México | Noticias Telemundo,UCRwA1NUcUnwsly35ikGhp0A,Noticias Telemundo,UCi2KiZq63sRq8Mfbcp-MelQ,@eugeneramirez4405,If you're not a citizen you cannot stay!,If you're not a citizen you cannot stay!,not citizen cannot stay,0,0,40,0,guatemala noticias,topic,NEG,0.668221,0.267458,0.064321,0.668221,0.400763,0.798595,"polaridad negativa (critica, queja, rechazo, insulto)",False,pysentimiento/robertuito-sentiment-analysis
UgxXGkvxY-TdtPROWcV4AaABAg,j43HgwYFKfk,La cooptación de Walter Mazariegos en la USAC,UCE4rsXcgDb6e1-a9iTbWzfg,Quorum,UCZeIIQrGAedW8tCbKWmGY-A,@mariocordon8873,No cabe duda que es el reflejo de la cooptacion que el pacto de corruptos a echo en todas las instituciones del pais.,No cabe duda que es el reflejo de la cooptacion que el pacto de corruptos a echo en todas las instituciones del pais.,caber duda reflejo cooptacion pacto corrupto echo institucion,9,0,117,0,@quorumgt,topic,NEG,0.945717,0.043253,0.011031,0.945717,0.902464,0.238342,"polaridad negativa (critica, queja, rechazo, insulto)",False,pysentimiento/robertuito-sentiment-analysis
UgxXy9CurqMBEjFnVwF4AaABAg,ndAZjHqzzT8,Internet: escoger el menos malo,UCE4rsXcgDb6e1-a9iTbWzfg,Quorum,UCvcu1kR8xMYy_I1Ty-2mV2Q,@hashojea7348,"Excelente video, me acabo de suscribir al canal y ahora a ver los demás videos.","Excelente video, me acabo de suscribir al canal y ahora a ver los demás videos.",excelente video acabar suscribir canal video,0,0,79,0,@quorumgt/videos,channel,POS,0.00274,0.036896,0.960364,0.960364,0.923468,0.176747,"polaridad positiva (aprobacion, agradecimiento, elogio, apoyo)",False,pysentimiento/robertuito-sentiment-analysis
UgxZFzh6jzOX7Avhk1h4AaABAg,n8iP75gIpmw,Qué rico come tu diputado,UCE4rsXcgDb6e1-a9iTbWzfg,Quorum,UCFUuDARXdmmIrLppEqf-rFg,@allanmunoz7410,"Es con criterio, no le podemos exigir mucho.","Es con criterio, no le podemos exigir mucho.",criterio exigir,0,0,44,0,@quorumgt/videos,channel,NEU,0.344609,0.572829,0.082562,0.572829,0.22822,0.892216,"polaridad neutra (informativo, pregunta, sin carga afectiva clara)",False,pysentimiento/robertuito-sentiment-analysis
Ugx_gjcVH5SlIKBNTGh4AaABAg,yLZS3JiEBg8,Arroz con pollo a la MONOPOLIO,UCE4rsXcgDb6e1-a9iTbWzfg,Quorum,UCCUmP4PlbwgikVFpYwbtRTg,@alhvi,"Excelente trabajo. Sigan haciendo más vídeos así, explicando con lenguaje sencillo. Quisiera apoyarles más, pero les dejo mi like, comentario y comparto.","Excelente trabajo. Sigan haciendo más vídeos así, explicando con lenguaje sencillo. Quisiera apoyarles más, pero les dejo mi like, comentario y comparto.",excelente trabajo seguir video explicar lenguaje sencillo querer apoyarl like comentario comparto,3,0,153,0,@quorumgt/videos,channel,POS,0.004576,0.070862,0.924562,0.924562,0.8537,0.284743,"polaridad positiva (aprobacion, agradecimiento, elogio, apoyo)",False,pysentimiento/robertuito-sentiment-analysis
Ugxb-sknzjBr3wecCw94AaABAg,06mFNPU0aB8,Capturan a presuntos delincuentes disfrazados de mujer señalados de cometer asalto,UCVpSRoZgngfSL03Nlbjtq9A,Noti7,UCfXykdbSU97rj987LDUGfvg,@MariaSantos-c8y3h,Por q no dan la cara,Por q no dan la cara,cara,1,0,20,0,guatemala noticias,topic,NEG,0.926662,0.065038,0.0083,0.926662,0.861623,0.288085,"polaridad negativa (critica, queja, rechazo, insulto)",False,pysentimiento/robertuito-sentiment-analysis
Ugxb1xcC9SSJ_5vSArF4AaABAg,j43HgwYFKfk,La cooptación de Walter Mazariegos en la USAC,UCE4rsXcgDb6e1-a9iTbWzfg,Quorum,UC4Avya4kmR4Q0FrfFdBozSQ,@davidlima1348,"Urge estudiantes y catedráticos con lucha social,en recuperar la autonomía universitaria,es urgente fiscalizar los bienes de quienes estuvieron apoyando a este rector,revisar viajesitos a muchos estudiantes que se vendieron urge una A.E.U. que ame la sancarlos y nuestro bendito país,urgente fiscalizarlos","Urge estudiantes y catedráticos con lucha social,en recuperar la autonomía universitaria,es urgente fiscalizar los bienes de quienes estuvieron apoyando a este rector,revisar viajesitos a muchos estudiantes que se vendieron urge una A.E.U. que ame la sancarlos y nuestro bendito país,urgente fiscalizarlos",urge estudiante catedratico lucha social recuperar autonomia universitario urgente fiscalizar apoyar rector revisar viajesito estudiant vendar urge ame sancar el bendito urgente fiscalizar el,11,0,305,0,@quorumgt,topic,NEU,0.363,0.498249,0.138751,0.498249,0.135249,0.988998,"polaridad neutra (informativo, pregunta, sin carga afectiva clara)",True,pysentimiento/robertuito-sentiment-analysis
Ugxbz7-04jLwadBMK_p4AaABAg,n8iP75gIpmw,Qué rico come tu diputado,UCE4rsXcgDb6e1-a9iTbWzfg,Quorum,UChep9kVb5gQmpodEEl10Xlg,@carlosaguilar-kz7ml,2000 quetzales todo una quincena se hartaron en un solo dia. Que joyitas estas que no piensan en el pueblo.,2000 quetzales todo una quincena se hartaron en un solo dia. Que joyitas estas que no piensan en el pueblo.,quetzal quincenar hartar joyita pensar pueblo,0,0,107,0,@quorumgt/videos,channel,NEG,0.953897,0.037263,0.00884,0.953897,0.916634,0.209409,"polaridad negativa (critica, queja, rechazo, insulto)",False,pysentimiento/robertuito-sentiment-analysis
UgxcBa2IQb3I0JZcFax4AaABAg,6W4u8sGEnGM,Inician los trabajos de recuperación del Puente Belice II.,UC-ZtFBHzgkYFh7whZkuR_Ag,Gobierno de la República de Guatemala,UCtsxPYw8VUsH_FfnKg-0lmw,@AlejandroPérez-b6r,Lo del nombre es lo de menos ojala que si lo terminen esta vez,Lo del nombre es lo de menos ojala que si lo terminen esta vez,nombre ojala terminir,2,0,62,0,Gobierno de la República de Guatemala,topic,NEU,0.453341,0.498495,0.048165,0.498495,0.045154,0.851766,"polaridad neutra (informativo, pregunta, sin carga afectiva clara)",True,pysentimiento/robertuito-sentiment-analysis
UgxcGV8-rD83ACvM0954AaABAg,n8iP75gIpmw,Qué rico come tu diputado,UCE4rsXcgDb6e1-a9iTbWzfg,Quorum,UCRlCV9zSn7avAWh-9_XFWqQ,@ronyarana8849,"No es un buen salario 25,000.00 quetzales dice entonces q puedo hacer yo con 3,000.00 tristes quetzales","No es un buen salario 25,000.00 quetzales dice entonces q puedo hacer yo con 3,000.00 tristes quetzales",salario quetzales triste quetzal,1,0,103,0,@quorumgt/videos,channel,NEG,0.856353,0.134071,0.009575,0.856353,0.722282,0.446708,"polaridad negativa (critica, queja, rechazo, insulto)",False,pysentimiento/robertuito-sentiment-analysis
UgxctiUZJriWwsE0a6J4AaABAg,n8iP75gIpmw,Qué rico come tu diputado,UCE4rsXcgDb6e1-a9iTbWzfg,Quorum,UCut6b9S98nv84cVX89PmKzA,@yeniferaguirre4498,Échale un cuento completo este diputado y toda la bola de inservibles que fueron a comerse dinero del pueblo hasta sanguijuelas Oiga bien Dice que Cómo en el erario público y el gobierno como empresa donde una empresa produce dinero ellos gastan dinero desde una empresa no le da un bocado de comida a nadie si no produce ellos no producen ellos son los gastan,Échale un cuento completo este diputado y toda la bola de inservibles que fueron a comerse dinero del pueblo hasta sanguijuelas Oiga bien Dice que Cómo en el erario público y el gobierno como empresa donde una empresa produce dinero ellos gastan dinero desde una empresa no le da un bocado de comida a nadie si no produce ellos no producen ellos son los gastan,echalar cuento completo diputado bolo inservible comer el dinero pueblo sanguijuela oiga erario publico gobierno empresa empres producir dinero gastar dinero empresa bocado comida producir producir gastar,0,0,360,0,@quorumgt/videos,channel,NEG,0.967402,0.026808,0.005791,0.967402,0.940594,0.158911,"polaridad negativa (critica, queja, rechazo, insulto)",False,pysentimiento/robertuito-sentiment-analysis
Ugxd8fn-MEnc3SKPtid4AaABAg,6W4u8sGEnGM,Inician los trabajos de recuperación del Puente Belice II.,UC-ZtFBHzgkYFh7whZkuR_Ag,Gobierno de la República de Guatemala,UCfo_yUPzy1f1POwwZxhZ06Q,@lara11roberto,"Otto Pérez Leal dejó tirado un paso a desnivel en Molino Las Flores y Neto Bran ni se ha molestado en retomar. 
Hay diferencias de políticos. Arévalo, el tiempo le dará la razón.
La paciencia es una virtud.","Otto Pérez Leal dejó tirado un paso a desnivel en Molino Las Flores y Neto Bran ni se ha molestado en retomar. Hay diferencias de políticos. Arévalo, el tiempo le dará la razón. La paciencia es una virtud.",otto perez leal tirado paso desnivel molino flores neto bran molestado retomar diferencia politico arevalo tiempo razon paciencia virtud,1,0,206,0,Gobierno de la República de Guatemala,topic,NEG,0.663919,0.281253,0.054828,0.663919,0.382666,0.787903,"polaridad negativa (critica, queja, rechazo, insulto)",False,pysentimiento/robertuito-sentiment-analysis
UgxdfjiT5_VBaeADj7h4AaABAg,6W4u8sGEnGM,Inician los trabajos de recuperación del Puente Belice II.,UC-ZtFBHzgkYFh7whZkuR_Ag,Gobierno de la República de Guatemala,UCV3fr-YOixFKCZBbJP1-X4w,@albertoshernandez5251,TODO EL APOYO PARA EL PRESIDENTE BERNARDO AREVALO 👏🎉👏🎉👏🎉👏,TODO EL APOYO PARA EL PRESIDENTE BERNARDO AREVALO emoji manos aplaudiendo emoji emoji cañón de confeti emoji emoji manos aplaudiendo emoji emoji cañón de confeti emoji emoji manos aplaudiendo emoji emoji cañón de confeti emoji emoji manos aplaudiendo emoji,apoyo presidente bernardo arevalo,4,0,57,7,Gobierno de la República de Guatemala,topic,NEU,0.087516,0.503853,0.408631,0.503853,0.095222,0.924262,"polaridad neutra (informativo, pregunta, sin carga afectiva clara)",False,pysentimiento/robertuito-sentiment-analysis
Ugxe0MXeW4ziwUMTfF54AaABAg,n8iP75gIpmw,Qué rico come tu diputado,UCE4rsXcgDb6e1-a9iTbWzfg,Quorum,UCTylKrsqkrBKIqubMu_5N0Q,@edwingeovanymarroquinmarro6684,Jejejejejkee porque nosotros vivos con el minimo jejeje,Jejejejejkee porque nosotros vivos con el minimo jejeje,jejejejejkee vivo minimo jejeje,1,0,55,0,@quorumgt/videos,channel,NEU,0.069818,0.791784,0.138398,0.791784,0.653385,0.6444,"polaridad neutra (informativo, pregunta, sin carga afectiva clara)",False,pysentimiento/robertuito-sentiment-analysis
UgxeJQgzDc124jVv7Fx4AaABAg,j43HgwYFKfk,La cooptación de Walter Mazariegos en la USAC,UCE4rsXcgDb6e1-a9iTbWzfg,Quorum,UC5hvEnRUzI4Kfvwnyi4QxqQ,@leonelsantizo5281,Más claro imposible! Usac sigan en su lucha! Mientras comparto su video para que más personas se informen,Más claro imposible! Usac sigan en su lucha! Mientras comparto su video para que más personas se informen,imposible usac seguir lucha comparto video persona informar,2,0,105,0,@quorumgt,topic,POS,0.013987,0.244811,0.741202,0.741202,0.496391,0.626212,"polaridad positiva (aprobacion, agradecimiento, elogio, apoyo)",False,pysentimiento/robertuito-sentiment-analysis
Ugxf6gnAtXKqV1Q_zRd4AaABAg,WIUZtitfLRw,Caminar en una ciudad hecha para carros,UCE4rsXcgDb6e1-a9iTbWzfg,Quorum,UCVhif9eV0f8plICen2DnpKA,@blogarteplus,"Excelente reportaje. Les comparto algo que escribí en mi blog sobre mi experiencia siendo peatón en la cabecera departamental de Jutiapa, acá en Guatemala. 
https://mrmannoticias.blogspot.com/2018/04/el-indomito-peaton-de-jutiapa.html","Excelente reportaje. Les comparto algo que escribí en mi blog sobre mi experiencia siendo peatón en la cabecera departamental de Jutiapa, acá en Guatemala. url",excelente reportaje comparto escribi blog experiencia peaton cabecerar departamental jutiapa aca guatemala,0,0,234,0,@quorumgt/videos,channel,POS,0.014846,0.175545,0.809609,0.809609,0.634064,0.538917,"polaridad positiva (aprobacion, agradecimiento, elogio, apoyo)",False,pysentimiento/robertuito-sentiment-analysis
UgxfUxJfY_pjvu9318Z4AaABAg,n8iP75gIpmw,Qué rico come tu diputado,UCE4rsXcgDb6e1-a9iTbWzfg,Quorum,UC1vr9aaMI2crB0NvwFHUeoQ,@JoseSimilox-p6e,Ese diputado es mañoso y abusivo como todos solo de artar no hacen nada bueno por el pueblo ladrones el pueblo le paga de Ai tiene que pagar su almuerzo,Ese diputado es mañoso y abusivo como todos solo de artar no hacen nada bueno por el pueblo ladrones el pueblo le paga de Ai tiene que pagar su almuerzo,diputado manoso abusivo artar pueblo ladrones pueblo pagar pagar almuerzo,0,0,152,0,@quorumgt/videos,channel,NEG,0.975845,0.01889,0.005265,0.975845,0.956955,0.126463,"polaridad negativa (critica, queja, rechazo, insulto)",False,pysentimiento/robertuito-sentiment-analysis
UgxfnbtuhVQuDILnXj14AaABAg,n8iP75gIpmw,Qué rico come tu diputado,UCE4rsXcgDb6e1-a9iTbWzfg,Quorum,UCEgEQmRbtL5fwr9_DqAC--g,@ArielRodas-g5y,Que no justifique. Trabajo es trabajo y tiene que haser algo,Que no justifique. Trabajo es trabajo y tiene que haser algo,justifique trabajar trabajo haser,2,0,60,0,@quorumgt/videos,channel,NEU,0.170797,0.704856,0.124347,0.704856,0.534059,0.807601,"polaridad neutra (informativo, pregunta, sin carga afectiva clara)",False,pysentimiento/robertuito-sentiment-analysis
Ugxgxziq7k4s9WwmauB4AaABAg,lj983NWyAQY,Plan 2032 Ciudad de Guatemala,UCXa6LVjBzUtmcM3cwbd9e2w,Municipalidad de Guatemala,UCIUhbSCy3-SGRe5UtqM4fzQ,@jeanmorales1677,Es problema es el exceso de vehículos y eso nadie lo podrá resolver sin contar la falta de educación vial que genera bastante tráfico ya q todos quieren pasar al mismo tiempo. Pero son buenos proyectos.,Es problema es el exceso de vehículos y eso nadie lo podrá resolver sin contar la falta de educación vial que genera bastante tráfico ya q todos quieren pasar al mismo tiempo. Pero son buenos proyectos.,problema exceso vehicu el resolver contar falta educacion vial generar trafico querer pasar tiempo proyecto,1,0,202,0,Municipalidad de Guatemala,topic,NEG,0.938141,0.05493,0.006929,0.938141,0.883211,0.253747,"polaridad negativa (critica, queja, rechazo, insulto)",False,pysentimiento/robertuito-sentiment-analysis
UgxiEgXuexKPtHEwAQJ4AaABAg,OkXlHx0hx-8,EE.UU. envía a mexicanos deportados a Guatemala antes de su regreso a México | Noticias Telemundo,UCRwA1NUcUnwsly35ikGhp0A,Noticias Telemundo,UCozFYHN0e_-vlQbX3wQGOug,@jesusguzman2321,Esa son la noticia de univision y Telemundo  no dan otra positiva al gobierno  ya lo estamos desenmascarando  su manipulación,Esa son la noticia de univision y Telemundo no dan otra positiva al gobierno ya lo estamos desenmascarando su manipulación,noticia univision telemundo positivo gobierno desenmascarar manipulacion,5,2,125,0,guatemala noticias,topic,NEG,0.940524,0.053546,0.00593,0.940524,0.886978,0.24482,"polaridad negativa (critica, queja, rechazo, insulto)",False,pysentimiento/robertuito-sentiment-analysis
UgxiEgXuexKPtHEwAQJ4AaABAg.Aa9HLCNywwKAa9OgyseDes,OkXlHx0hx-8,EE.UU. envía a mexicanos deportados a Guatemala antes de su regreso a México | Noticias Telemundo,UCRwA1NUcUnwsly35ikGhp0A,Noticias Telemundo,UCQMMuADgqWUOcJpLwHOzC-g,@Ripped-Yoda,Bajo el crimen y la oferta de casas crecio en Texas…..lastima por tamto ilegal,Bajo el crimen y la oferta de casas crecio en Texas…..lastima por tamto ilegal,crimar oferta casa crecio texas lastima tamto ilegal,0,0,78,0,guatemala noticias,topic,NEG,0.929268,0.064291,0.006441,0.929268,0.864976,0.277102,"polaridad negativa (critica, queja, rechazo, insulto)",False,pysentimiento/robertuito-sentiment-analysis
UgxiEgXuexKPtHEwAQJ4AaABAg.Aa9HLCNywwKAa9ZeEQh7n7,OkXlHx0hx-8,EE.UU. envía a mexicanos deportados a Guatemala antes de su regreso a México | Noticias Telemundo,UCRwA1NUcUnwsly35ikGhp0A,Noticias Telemundo,UC-QOpE7GOxlXcHZ8b7HbQKA,@mariaalexander427,💯Correcto.  Unicoyote y Telementiras ya jartan con la misma novela y teatro todos los dias.,emoji cien puntos emoji Correcto. Unicoyote y Telementiras ya jartan con la misma novela y teatro todos los dias.,correcto unicoyote telementira jartar novela teatro,0,0,91,1,guatemala noticias,topic,NEG,0.813849,0.159346,0.026805,0.813849,0.654502,0.557316,"polaridad negativa (critica, queja, rechazo, insulto)",False,pysentimiento/robertuito-sentiment-analysis
Ugxj76_NAyOnh_vsgMV4AaABAg,lj983NWyAQY,Plan 2032 Ciudad de Guatemala,UCXa6LVjBzUtmcM3cwbd9e2w,Municipalidad de Guatemala,UC0RpuMwkDKJYqgKHtsJRuWQ,@sabinamarinaguerra3248,Se ve moderna Y bella la ciudad de Guatemala .......Saludos desde Ecuador,Se ve moderna Y bella la ciudad de Guatemala ...Saludos desde Ecuador,moderno bello ciudad guatemala saludos ecuador,113,1,73,0,Municipalidad de Guatemala,topic,POS,0.002424,0.023534,0.974042,0.974042,0.950508,0.128454,"polaridad positiva (aprobacion, agradecimiento, elogio, apoyo)",False,pysentimiento/robertuito-sentiment-analysis
UgxkcFai5KbeHyhGbnF4AaABAg,6W4u8sGEnGM,Inician los trabajos de recuperación del Puente Belice II.,UC-ZtFBHzgkYFh7whZkuR_Ag,Gobierno de la República de Guatemala,UC-HeUTT6_g-VoiWds2a4H-w,@JorgeMunoz-gd9et,Señor presidente enfoque se en combatir la delincuencia y usted será recordado como el mejor presidente de Guatemala,Señor presidente enfoque se en combatir la delincuencia y usted será recordado como el mejor presidente de Guatemala,senor presidente enfocar combatir delincuencia recordado presidente guatemala,0,0,116,0,Gobierno de la República de Guatemala,topic,POS,0.122403,0.306444,0.571154,0.571154,0.26471,0.939438,"polaridad positiva (aprobacion, agradecimiento, elogio, apoyo)",False,pysentimiento/robertuito-sentiment-analysis
Ugxl5bLZ1llR9fV0V0l4AaABAg,n8iP75gIpmw,Qué rico come tu diputado,UCE4rsXcgDb6e1-a9iTbWzfg,Quorum,UC2Y_EHWQKevubk4vOEBBFxw,@alfonsomorales2653,"Demos Like y comentemos en este tipo de contenido, asi mas gente se entera de estos tranzas 
Risa dá que pida que hanlen de lo que ""hace bien""..... Es su trabajo pedazo de M","Demos Like y comentemos en este tipo de contenido, asi mas gente se entera de estos tranzas Risa dá que pida que hanlen de lo que ""hace bien""... Es su trabajo pedazo de M",demo like comentemo tipo contenido enterar tranzas risa pedir hanlen trabajo pedazo,1,0,173,0,@quorumgt/videos,channel,NEG,0.823452,0.139977,0.036571,0.823452,0.683475,0.556184,"polaridad negativa (critica, queja, rechazo, insulto)",False,pysentimiento/robertuito-sentiment-analysis
UgxoLjEjkngSVGZvO1N4AaABAg,j43HgwYFKfk,La cooptación de Walter Mazariegos en la USAC,UCE4rsXcgDb6e1-a9iTbWzfg,Quorum,UCpsKOkt5iWTbenzeuq7dsmQ,@inge_vergueta,👏👏👏👏👏👏,emoji manos aplaudiendo emoji emoji manos aplaudiendo emoji emoji manos aplaudiendo emoji,,2,0,6,6,@quorumgt,topic,NEU,0.204203,0.581323,0.214474,0.581323,0.366849,0.96994,"polaridad neutra (informativo, pregunta, sin carga afectiva clara)",False,pysentimiento/robertuito-sentiment-analysis
Ugxoc10_rBva4f6IW2N4AaABAg,n8iP75gIpmw,Qué rico come tu diputado,UCE4rsXcgDb6e1-a9iTbWzfg,Quorum,UCwW2OFy95P7ZBkOPxWkpvYg,@TeresaLucero-b5o,Que devuelvan el pisto ...,Que devuelvan el pisto ...,devuelvan pisto,1,0,26,0,@quorumgt/videos,channel,NEU,0.23846,0.677695,0.083846,0.677695,0.439235,0.813343,"polaridad neutra (informativo, pregunta, sin carga afectiva clara)",False,pysentimiento/robertuito-sentiment-analysis
UgxovP0Yh3_qrKdrKrp4AaABAg,yLZS3JiEBg8,Arroz con pollo a la MONOPOLIO,UCE4rsXcgDb6e1-a9iTbWzfg,Quorum,UCwEe1RKlEv1UpNWmWYfSh4w,@marioramirez299,"Primera contradicción ¿Cómo le van a poner un conjunto de reglas a un ""libre mercado"". Al hacer la ley ya no será un libre mercado.

El problema no es la falta de ley. El problema es el sistema capitalista. No hay que darle tanta vuelta","Primera contradicción ¿Cómo le van a poner un conjunto de reglas a un ""libre mercado"". Al hacer la ley ya no será un libre mercado. El problema no es la falta de ley. El problema es el sistema capitalista. No hay que darle tanta vuelta",contradiccion conjunto regla libre mercado ley libre mercado problema faltar ley problema sistema capitalista dar el vuelta,0,0,236,0,@quorumgt/videos,channel,NEG,0.893686,0.099107,0.007207,0.893686,0.794579,0.365091,"polaridad negativa (critica, queja, rechazo, insulto)",False,pysentimiento/robertuito-sentiment-analysis
UgxpFKbiejsVGSNIcTh4AaABAg,n8iP75gIpmw,Qué rico come tu diputado,UCE4rsXcgDb6e1-a9iTbWzfg,Quorum,UCQtICyzWmhC5woCtbNgaSmg,@nestormendez6216,Esa bancada Cabal y otros siguen en la terquedad de gastar en comida. A nadie le deben pagar su comida. A nadie. NADIE.,Esa bancada Cabal y otros siguen en la terquedad de gastar en comida. A nadie le deben pagar su comida. A nadie. NADIE.,bancado cabal seguir terquedad gastar comida pagar comida,0,0,119,0,@quorumgt/videos,channel,NEG,0.9473,0.046117,0.006583,0.9473,0.901183,0.226237,"polaridad negativa (critica, queja, rechazo, insulto)",False,pysentimiento/robertuito-sentiment-analysis
UgxqEChOyWebtVaqy-V4AaABAg,n8iP75gIpmw,Qué rico come tu diputado,UCE4rsXcgDb6e1-a9iTbWzfg,Quorum,UCDlr1VadSucIZgZ171pRBjQ,@cuabatzjj5924,Soy yo vi Cua Batz,Soy yo vi Cua Batz,cua batz,0,0,18,0,@quorumgt/videos,channel,NEU,0.20199,0.574311,0.223699,0.574311,0.350611,0.976573,"polaridad neutra (informativo, pregunta, sin carga afectiva clara)",False,pysentimiento/robertuito-sentiment-analysis
UgxqSfWMWvqMX8tiC5x4AaABAg,n8iP75gIpmw,Qué rico come tu diputado,UCE4rsXcgDb6e1-a9iTbWzfg,Quorum,UCHhHUjaMAZ8SiXdCUCj9DkQ,@fredymendez1786,"me imagino que en los horarios que deberian de estar trabajando estan durmiendo por eso aparecen , dicen que trabajando pero es es solamente haciendo carnitas asadas y cerveciando.","me imagino que en los horarios que deberian de estar trabajando estan durmiendo por eso aparecen , dicen que trabajando pero es es solamente haciendo carnitas asadas y cerveciando.",imagino horario deberiar trabajar dormir aparecer trabajar carnita asada cerveciar,2,0,180,0,@quorumgt/videos,channel,NEG,0.599235,0.379698,0.021067,0.599235,0.219536,0.755881,"polaridad negativa (critica, queja, rechazo, insulto)",False,pysentimiento/robertuito-sentiment-analysis
UgxrZBO3MtEqcgXAIEN4AaABAg,lj983NWyAQY,Plan 2032 Ciudad de Guatemala,UCXa6LVjBzUtmcM3cwbd9e2w,Municipalidad de Guatemala,UCxKR3RA8T-kxMgq_2WWhRcQ,@elenaluarca9377,"Que bueno que Guatemala sea una cuidad bonita y ojalá todos los proyectos sean realidad. Se los deseo con todo corazón de una salvadoreña que gusta mucho de la cuidad de Guatemala , donde me crie y viví por mucho tiempo y la considero mi segundo país, viva Guatemala y viva todo Centroamérica.","Que bueno que Guatemala sea una cuidad bonita y ojalá todos los proyectos sean realidad. Se los deseo con todo corazón de una salvadoreña que gusta mucho de la cuidad de Guatemala , donde me crie y viví por mucho tiempo y la considero mi segundo país, viva Guatemala y viva todo Centroamérica.",guatemala cuidad bonito ojala proyecto realidad desear corazon salvadorena gusto cuidad guatemala crie vivi tiempo vivo guatemala vivo centroamerico,329,5,293,0,Municipalidad de Guatemala,topic,POS,0.002791,0.021153,0.976056,0.976056,0.954903,0.121634,"polaridad positiva (aprobacion, agradecimiento, elogio, apoyo)",False,pysentimiento/robertuito-sentiment-analysis
UgxswojCyw1a0RuHVEp4AaABAg,3Nfp9h5avBI,"Noticiero en Directo 1 pm, 28 de Agosto de 2026",UCdSVqHGHzyMTXSafUHY-e-w,Noticiero Guatevisión 13 Hrs.,UCJxJC56BSAX-ArD0NAb9qnQ,@alfonsowilian9157,La persona encargada del ecosistema que ayude a este problema.,La persona encargada del ecosistema que ayude a este problema.,persona encargado ecosistema ayude problema,0,0,62,0,guatemala noticias,topic,NEU,0.145861,0.79181,0.062329,0.79181,0.645949,0.638615,"polaridad neutra (informativo, pregunta, sin carga afectiva clara)",False,pysentimiento/robertuito-sentiment-analysis
UgxuO_1lX_-jTQfAzZx4AaABAg,lj983NWyAQY,Plan 2032 Ciudad de Guatemala,UCXa6LVjBzUtmcM3cwbd9e2w,Municipalidad de Guatemala,UCqilIa8r7iek5sGYg_q6ofA,@rolandojuchuna484,Sería  muy bueno construir el tren a nivel departamentales hacia la ciudad de Guatemala,Sería muy bueno construir el tren a nivel departamentales hacia la ciudad de Guatemala,construir trar nivel departamental ciudad guatemala,52,1,87,0,Municipalidad de Guatemala,topic,POS,0.019327,0.274446,0.706227,0.706227,0.431781,0.676766,"polaridad positiva (aprobacion, agradecimiento, elogio, apoyo)",False,pysentimiento/robertuito-sentiment-analysis
UgxudaO35O8XcM9Wu4t4AaABAg,3Nfp9h5avBI,"Noticiero en Directo 1 pm, 28 de Agosto de 2026",UCdSVqHGHzyMTXSafUHY-e-w,Noticiero Guatevisión 13 Hrs.,UCyor0Mmm0ivLX2jIdyGp84Q,@MiguelJordan-n3g,Q  recuerdos esta dejando semiya se pierden armas del estado la delincuencia no reduse,Q recuerdos esta dejando semiya se pierden armas del estado la delincuencia no reduse,recuerdo dejar semiya perder arma delincuencia reduse,0,0,86,0,guatemala noticias,topic,NEG,0.967267,0.028164,0.004569,0.967267,0.939103,0.157346,"polaridad negativa (critica, queja, rechazo, insulto)",False,pysentimiento/robertuito-sentiment-analysis
UgxvgdNqovIhqUZDxUx4AaABAg,j43HgwYFKfk,La cooptación de Walter Mazariegos en la USAC,UCE4rsXcgDb6e1-a9iTbWzfg,Quorum,UCpe5jW3MIqkgTJ-PgkzvM6Q,@carloslam5333,Y los estudiantes de la usac que han echo?,Y los estudiantes de la usac que han echo?,estudiante usac echo,1,0,42,0,@quorumgt/videos,channel,NEG,0.693878,0.295877,0.010245,0.693878,0.398,0.660839,"polaridad negativa (critica, queja, rechazo, insulto)",False,pysentimiento/robertuito-sentiment-analysis
UgxvmbFNm6tYRX6yfLN4AaABAg,n8iP75gIpmw,Qué rico come tu diputado,UCE4rsXcgDb6e1-a9iTbWzfg,Quorum,UCz3gu01bmjNv0DpRq-K3XYg,@eusebiovasquez4385,Pero que trabajo ase este delincuente si sólo robar,Pero que trabajo ase este delincuente si sólo robar,trabajo ase delincuente robar,1,0,51,0,@quorumgt/videos,channel,NEG,0.927207,0.062186,0.010607,0.927207,0.865021,0.291028,"polaridad negativa (critica, queja, rechazo, insulto)",False,pysentimiento/robertuito-sentiment-analysis
Ugxvt0tvqY4UlDS2hoh4AaABAg,j43HgwYFKfk,La cooptación de Walter Mazariegos en la USAC,UCE4rsXcgDb6e1-a9iTbWzfg,Quorum,UCuXmOjxC-htcprLgeVXz6Tg,@jorgeaguilar-bq3uj,"FUERA MAZARIEGOS DE LA USAC, TÍTERE DEL PACTO DE CORRUPTOS!!!
Guatemala necesita que CICIG vuelva y reinicie la lucha anti corrupción, el pacto de corruptos encabezado por la fundación contra el terrorismo ya tiene cooptadas todas las instituciones de justicia, especialmente el MP. 👍⚖️","FUERA MAZARIEGOS DE LA USAC, TÍTERE DEL PACTO DE CORRUPTOS!!! Guatemala necesita que CICIG vuelva y reinicie la lucha anti corrupción, el pacto de corruptos encabezado por la fundación contra el terrorismo ya tiene cooptadas todas las instituciones de justicia, especialmente el MP. emoji pulgar hacia arriba emoji emoji balanza emoji",mazariego usac titerir pacto corrupto guatemala necesitar cicig volver reinicie lucha anti corrupcion pacto corrupto encabezado fundacion terrorismo cooptada institucion justicia especialmente,1,0,286,2,@quorumgt/videos,channel,NEG,0.823294,0.158167,0.018539,0.823294,0.665127,0.525692,"polaridad negativa (critica, queja, rechazo, insulto)",False,pysentimiento/robertuito-sentiment-analysis
UgxvxNmPMdRuRDptJQN4AaABAg,PjmxCj-a9Hg,Conferencia de Prensa del Gobierno de Guatemala. #LaRondaGt,UC-ZtFBHzgkYFh7whZkuR_Ag,Gobierno de la República de Guatemala,UCNIeXbV_mEwpa412h1aqUWw,@juandeleon9060,Porque. No salen. Acombatir LA seguridad. En las calles. Acombatir LA corruption. Policiacas...,Porque. No salen. Acombatir LA seguridad. En las calles. Acombatir LA corruption. Policiacas...,salir acombatir seguridad calle acombatir corruption policiaco,2,0,95,0,@GobiernodeGuatemala,topic,NEG,0.853058,0.1332,0.013743,0.853058,0.719858,0.463011,"polaridad negativa (critica, queja, rechazo, insulto)",False,pysentimiento/robertuito-sentiment-analysis
Ugxw_1trnd8loD3302V4AaABAg,n8iP75gIpmw,Qué rico come tu diputado,UCE4rsXcgDb6e1-a9iTbWzfg,Quorum,UCySYJU5kUh7X8gVt9la2ISA,@dantesarti4351,"Porque no hacen sus reuniones de ''trabajo'' en el comedor de doña Chonita, como dijo giammattei, almuerzos de Q25.00 y pagados con sus sueldos.","Porque no hacen sus reuniones de ''trabajo'' en el comedor de doña Chonita, como dijo giammattei, almuerzos de Q25.00 y pagados con sus sueldos.",reunion trabajo comedor donar chonita giammattei almuerzo q25 pagado sueldo,0,0,144,0,@quorumgt/videos,channel,NEG,0.794501,0.195664,0.009835,0.794501,0.598837,0.54742,"polaridad negativa (critica, queja, rechazo, insulto)",False,pysentimiento/robertuito-sentiment-analysis
UgxxNu7QTJHuAgFaEYN4AaABAg,n8iP75gIpmw,Qué rico come tu diputado,UCE4rsXcgDb6e1-a9iTbWzfg,Quorum,UCHTGCgY2l-DQJIvlA_cpa_Q,@virgiliogarcia3039,El pueblo ya estaba trankilo ya que segun decian les habian quitado el almuerzo a esos ladronasos pero me estoy dando cuenta que no el pueblo les estamos pagando un sueldo jugoso y todabia pagando sus comidas que desgracia que hase ese presidente del congreso y el del pais bernardo arebalo engañadores al pueblo que pasa Nery Ramos,El pueblo ya estaba trankilo ya que segun decian les habian quitado el almuerzo a esos ladronasos pero me estoy dando cuenta que no el pueblo les estamos pagando un sueldo jugoso y todabia pagando sus comidas que desgracia que hase ese presidente del congreso y el del pais bernardo arebalo engañadores al pueblo que pasa Nery Ramos,pueblo trankilo deciar quitado almuerzo ladronaso pueblo pagar sueldo jugoso todabio pagar comida desgracia har presidente congreso bernardo arebalo enganadores pueblo pasar nery rir,0,0,332,0,@quorumgt/videos,channel,NEG,0.97516,0.021762,0.003078,0.97516,0.953397,0.125628,"polaridad negativa (critica, queja, rechazo, insulto)",False,pysentimiento/robertuito-sentiment-analysis
UgxxdDS3FUc53KWN3KF4AaABAg,OkXlHx0hx-8,EE.UU. envía a mexicanos deportados a Guatemala antes de su regreso a México | Noticias Telemundo,UCRwA1NUcUnwsly35ikGhp0A,Noticias Telemundo,UCPNXmbOBVeC4HS-xemvcPtQ,@BelkisRodriguezRamirez,"Si alguien viene a mi casa sin invitación yo no lo dejo entrar y si entra a la fuerza se busca un problema,eso pasa con los inmigrantes que entraron ilegalmente.","Si alguien viene a mi casa sin invitación yo no lo dejo entrar y si entra a la fuerza se busca un problema,eso pasa con los inmigrantes que entraron ilegalmente.",alguien venir casa invitacion entrar entrar fuerza buscar problema pasar inmigrante entrar ilegalmente,2,3,161,0,guatemala noticias,topic,NEG,0.837727,0.15572,0.006553,0.837727,0.682006,0.470871,"polaridad negativa (critica, queja, rechazo, insulto)",False,pysentimiento/robertuito-sentiment-analysis
Ugxy4k7pO6jFtwyDyFp4AaABAg,n8iP75gIpmw,Qué rico come tu diputado,UCE4rsXcgDb6e1-a9iTbWzfg,Quorum,UCtUR3_CAiE7fCoZHM6cMfyQ,@mdelcid01,Rodas se le olvida que reciven un jugoso salario por el trabajo que hacen.,Rodas se le olvida que reciven un jugoso salario por el trabajo que hacen.,roda olvidar reciven jugoso salario trabajo,10,0,74,0,@quorumgt/videos,channel,NEG,0.87591,0.114748,0.009342,0.87591,0.761162,0.408142,"polaridad negativa (critica, queja, rechazo, insulto)",False,pysentimiento/robertuito-sentiment-analysis
Ugxz9vnSvQJNt4YNbYV4AaABAg,WIUZtitfLRw,Caminar en una ciudad hecha para carros,UCE4rsXcgDb6e1-a9iTbWzfg,Quorum,UCGj2v6Gl5bN8NSrzJMXS-CA,@juliogutierrez492,El respeto paso peatonal no existe en ningún lado y las personas tienen que esquivar a los carros por qué no respetan y las motos se pasan en rojo se lo pasan llevando a uno,El respeto paso peatonal no existe en ningún lado y las personas tienen que esquivar a los carros por qué no respetan y las motos se pasan en rojo se lo pasan llevando a uno,respetar paso peatonal persona esquivar carro respetar moto pasar rojo pasar,0,0,173,0,@quorumgt/videos,channel,NEG,0.976107,0.020877,0.003016,0.976107,0.95523,0.121887,"polaridad negativa (critica, queja, rechazo, insulto)",False,pysentimiento/robertuito-sentiment-analysis
UgxzETIqBajjXFTGd_R4AaABAg,yLZS3JiEBg8,Arroz con pollo a la MONOPOLIO,UCE4rsXcgDb6e1-a9iTbWzfg,Quorum,UCbrtvygfRT6QXqWDNrOf-cA,@Alejandro00710,"Y solo con esta información nos damos con la realidad del CACIF y sus intereses, estamos jodidos si no hacemos algo.","Y solo con esta información nos damos con la realidad del CACIF y sus intereses, estamos jodidos si no hacemos algo.",informacion realidad cacif interes jodido,0,0,116,0,@quorumgt/videos,channel,NEG,0.982576,0.015115,0.002309,0.982576,0.967461,0.094654,"polaridad negativa (critica, queja, rechazo, insulto)",False,pysentimiento/robertuito-sentiment-analysis
UgxzN9_I9vkDCdX_8dN4AaABAg,n8iP75gIpmw,Qué rico come tu diputado,UCE4rsXcgDb6e1-a9iTbWzfg,Quorum,UCOh6DaZC_x9HASnlRylEMfw,@AndresMedina-v1s,Si se reformarla ley de partidos políticos esos infelices jamás en la historia pondrian un pie En el congreso y muy probablemente terminarían en la carcel,Si se reformarla ley de partidos políticos esos infelices jamás en la historia pondrian un pie En el congreso y muy probablemente terminarían en la carcel,reformar el ley partido politico infeliz jama historia pondriar pie congreso probablemente terminariar carcel,0,0,154,0,@quorumgt/videos,channel,NEG,0.853436,0.126502,0.020062,0.853436,0.726935,0.475221,"polaridad negativa (critica, queja, rechazo, insulto)",False,pysentimiento/robertuito-sentiment-analysis
Ugy0LbKWrqUFhWPRoKN4AaABAg,n8iP75gIpmw,Qué rico come tu diputado,UCE4rsXcgDb6e1-a9iTbWzfg,Quorum,UCL1MT278vSaQ83ZDkVWn1gw,@elmorodriguez6978,"Que estos diputados no se rían y burlen del pueblo desnutrido y muriéndose de hambre. Llegará el momento y no será muy tarde para nosotros que los pusimos los tengamos que sacar de su caja de oro y cuando el pueblo se levante y los saque de su chiquero van a arrepentirse de lo mal de sus acciones. Así será para los miembros de la CC,MP,CONGRESO,CSJ,OJ y otros que han apañado las burlas al pueblo. 48 cantones también vendrán a salvar al pueblo. Estamos artos de tanta corrupción.","Que estos diputados no se rían y burlen del pueblo desnutrido y muriéndose de hambre. Llegará el momento y no será muy tarde para nosotros que los pusimos los tengamos que sacar de su caja de oro y cuando el pueblo se levante y los saque de su chiquero van a arrepentirse de lo mal de sus acciones. Así será para los miembros de la CC,MP,CONGRESO,CSJ,OJ y otros que han apañado las burlas al pueblo. 48 cantones también vendrán a salvar al pueblo. Estamos artos de tanta corrupción.",diputado riar burlar pueblo desnutrido morir el hambre llegar momento pusimos sacar caja oro pueblo levante saque chiquero arrepentir el accion miembro congreso csj apanado burla pueblo canton vendrar salvar pueblo arto corrupcion,20,0,482,0,@quorumgt/videos,channel,NEG,0.924767,0.065573,0.00966,0.924767,0.859195,0.295809,"polaridad negativa (critica, queja, rechazo, insulto)",False,pysentimiento/robertuito-sentiment-analysis
Ugy0LbKWrqUFhWPRoKN4AaABAg.A7epXgDRFjZA7f-Z-rKQOV,n8iP75gIpmw,Qué rico come tu diputado,UCE4rsXcgDb6e1-a9iTbWzfg,Quorum,UC8G5cJONY8L9voMyBW8Eoug,@luisparedes-pw6qt,Ni en su casa habían comido esas viandas. Son unos sinverguenzas,Ni en su casa habían comido esas viandas. Son unos sinverguenzas,casar comido vianda sinverguenza,0,0,64,0,@quorumgt/videos,channel,NEG,0.951772,0.037872,0.010356,0.951772,0.9139,0.218348,"polaridad negativa (critica, queja, rechazo, insulto)",False,pysentimiento/robertuito-sentiment-analysis
Ugy0dVAcWghuyCdAVS54AaABAg,n8iP75gIpmw,Qué rico come tu diputado,UCE4rsXcgDb6e1-a9iTbWzfg,Quorum,UC7VUuJr9cGh845CmTvf7TlQ,@LuisCastillo-oz4df,Está bien que se Arten asta ya no y los más pobres  muriendo de hambre pero si dices comes fuera de la hora es tu problema para que la  huesiaste pues,Está bien que se Arten asta ya no y los más pobres muriendo de hambre pero si dices comes fuera de la hora es tu problema para que la huesiaste pues,artir asta pobre morir hambre diz comes hora problema huesiastar,1,0,150,0,@quorumgt/videos,channel,NEG,0.95999,0.032955,0.007055,0.95999,0.927035,0.186611,"polaridad negativa (critica, queja, rechazo, insulto)",False,pysentimiento/robertuito-sentiment-analysis
Ugy1neHHTJYO0umhgLt4AaABAg,n8iP75gIpmw,Qué rico come tu diputado,UCE4rsXcgDb6e1-a9iTbWzfg,Quorum,UCFhxtoeARHPnXXPcDrOU3Xg,@diegoalejandrolopezmendez205,"Yo trabajé en joya negra 
Sandra jovel también llega mucho 
Y el profe Luis Fernando tena",Yo trabajé en joya negra Sandra jovel también llega mucho Y el profe Luis Fernando tena,trabaje joyo negro sandra jovel llegar profe luis fernando tena,2,0,89,0,@quorumgt/videos,channel,POS,0.013086,0.403364,0.58355,0.58355,0.180187,0.737279,"polaridad positiva (aprobacion, agradecimiento, elogio, apoyo)",False,pysentimiento/robertuito-sentiment-analysis
Ugy2FaeBadbmVJj7F714AaABAg,n8iP75gIpmw,Qué rico come tu diputado,UCE4rsXcgDb6e1-a9iTbWzfg,Quorum,UCAlzM_N6xBlMYmM8EBzX86Q,@carlossoto3252,"😂Que disculpe el diputado Rodas. Cuando uno decide trabajar o ser trabajador del Estado y ser un funcionario de ese nivel no hay horarios. Si no le gusta y no está contento que renuncié. Los diputados son unos abusivos y son mediocres. Tantos asesores, para que? Lo que dice éste diputado es estúpido. Su trabajo  debe ser para el pueblo. Y comparto la investigación respecto a esto. Estos diputados cómo corderitos asistieron a la orden de la Fiscal del MP.","emoji cara llorando de risa emoji Que disculpe el diputado Rodas. Cuando uno decide trabajar o ser trabajador del Estado y ser un funcionario de ese nivel no hay horarios. Si no le gusta y no está contento que renuncié. Los diputados son unos abusivos y son mediocres. Tantos asesores, para que? Lo que dice éste diputado es estúpido. Su trabajo debe ser para el pueblo. Y comparto la investigación respecto a esto. Estos diputados cómo corderitos asistieron a la orden de la Fiscal del MP.",disculpar diputado roda decidir trabajar trabajador funcionario nivel horario gustar contento renunciar diputado abusivo mediocre asesor diputado estupido trabajar pueblo comparto investigacion diputado corderito asistir orden fiscal,3,0,458,1,@quorumgt/videos,channel,NEG,0.924216,0.071529,0.004255,0.924216,0.852686,0.284736,"polaridad negativa (critica, queja, rechazo, insulto)",False,pysentimiento/robertuito-sentiment-analysis
Ugy4JA9MR8l_gkTNgWh4AaABAg,j43HgwYFKfk,La cooptación de Walter Mazariegos en la USAC,UCE4rsXcgDb6e1-a9iTbWzfg,Quorum,UClqA491Xa5fQcXcJJa-vTWw,@AndresLemus-k2d,"Ya saquen A Ese corrupto 
Y Es un montón de políticos corruptos que 
Andan allí en todas las instituciones 
Montón de corruptos",Ya saquen A Ese corrupto Y Es un montón de políticos corruptos que Andan allí en todas las instituciones Montón de corruptos,saquen corrupto monton politico corrupto andar institucion monton corrupto,0,0,127,0,@quorumgt,topic,NEG,0.957062,0.031658,0.01128,0.957062,0.925404,0.201897,"polaridad negativa (critica, queja, rechazo, insulto)",False,pysentimiento/robertuito-sentiment-analysis
Ugy4ex02KEXL5UFGjw14AaABAg,n8iP75gIpmw,Qué rico come tu diputado,UCE4rsXcgDb6e1-a9iTbWzfg,Quorum,UCHTGCgY2l-DQJIvlA_cpa_Q,@virgiliogarcia3039,Que trabajo hasen esos corruptos,Que trabajo hasen esos corruptos,trabajo har corrupto,13,0,32,0,@quorumgt/videos,channel,NEG,0.897709,0.082749,0.019542,0.897709,0.814961,0.379977,"polaridad negativa (critica, queja, rechazo, insulto)",False,pysentimiento/robertuito-sentiment-analysis
Ugy4utoHlyokVSeSi5h4AaABAg,n8iP75gIpmw,Qué rico come tu diputado,UCE4rsXcgDb6e1-a9iTbWzfg,Quorum,UC3XTwHxygNCgjndsg-UiCQA,@marioajset4283,los niños guatemaltecos con Desnutrición crónica serán sus verdugos.,los niños guatemaltecos con Desnutrición crónica serán sus verdugos.,nino guatemalteco desnutricion cronico verdugo,0,0,68,0,@quorumgt/videos,channel,NEG,0.915093,0.076986,0.007922,0.915093,0.838107,0.316924,"polaridad negativa (critica, queja, rechazo, insulto)",False,pysentimiento/robertuito-sentiment-analysis
Ugy4x4u9e1_xRoppaMF4AaABAg,6W4u8sGEnGM,Inician los trabajos de recuperación del Puente Belice II.,UC-ZtFBHzgkYFh7whZkuR_Ag,Gobierno de la República de Guatemala,UCvDwJBBY1mHK70aTEYl6rsA,@cristianescobedo8296,"se espera que la obra se finalice en plazo de acuerdo a la programación del proyecto, de acuerdo a normas internacionales de construcción, que la contraloría audite  mes a mes y sobre todo que el proyecto no sea sobrevalorado o que tenga costos adicionales a lo ya pactado.","se espera que la obra se finalice en plazo de acuerdo a la programación del proyecto, de acuerdo a normas internacionales de construcción, que la contraloría audite mes a mes y sobre todo que el proyecto no sea sobrevalorado o que tenga costos adicionales a lo ya pactado.",esperar obra finalizar plazo programacion proyecto norma internacional construccion contraloria audite mes mes proyecto sobrevalorado costo adicional pactado,1,0,273,0,Gobierno de la República de Guatemala,topic,NEU,0.061722,0.756027,0.182251,0.756027,0.573776,0.693606,"polaridad neutra (informativo, pregunta, sin carga afectiva clara)",False,pysentimiento/robertuito-sentiment-analysis
Ugy5j8gzaawBk-mw5et4AaABAg,n8iP75gIpmw,Qué rico come tu diputado,UCE4rsXcgDb6e1-a9iTbWzfg,Quorum,UCkd9W714-947dEE6ZOEBATA,@ARGELIATELON,Me pregunto si antes de ser diputados les alcanzaba su dinero para comer esos almuercitos y en esos lugares? Pero como don pueblo paga....vengase el almuercito. La historia ni él se la cree. O sea.... la 3a. parte de su salario para un almuerzo???,Me pregunto si antes de ser diputados les alcanzaba su dinero para comer esos almuercitos y en esos lugares? Pero como don pueblo paga...vengase el almuercito. La historia ni él se la cree. O sea... la 3a. parte de su salario para un almuerzo???,preguntar diputado alcanzar dinero comer almuercito lugar don pueblo pagar vengar almuercito historio creer salario almuerzo,3,0,247,0,@quorumgt/videos,channel,NEG,0.914607,0.079924,0.005469,0.914607,0.834683,0.312067,"polaridad negativa (critica, queja, rechazo, insulto)",False,pysentimiento/robertuito-sentiment-analysis
Ugy5lmf3RzzeJDUeqQd4AaABAg,ndAZjHqzzT8,Internet: escoger el menos malo,UCE4rsXcgDb6e1-a9iTbWzfg,Quorum,UCbrtvygfRT6QXqWDNrOf-cA,@Alejandro00710,"Eso sin mencionar el costo de sus servicios, la mala calidad del mismo, mientras no haya una ley de competencia nos van a seguir jodiendo, urge.","Eso sin mencionar el costo de sus servicios, la mala calidad del mismo, mientras no haya una ley de competencia nos van a seguir jodiendo, urge.",mencionar costo servicio malo calidad ley competencia seguir jodeir urge,0,0,144,0,@quorumgt/videos,channel,NEG,0.982651,0.014333,0.003015,0.982651,0.968318,0.095546,"polaridad negativa (critica, queja, rechazo, insulto)",False,pysentimiento/robertuito-sentiment-analysis
Ugy6Qii72nfxIpYyuCR4AaABAg,6W4u8sGEnGM,Inician los trabajos de recuperación del Puente Belice II.,UC-ZtFBHzgkYFh7whZkuR_Ag,Gobierno de la República de Guatemala,UCV3fr-YOixFKCZBbJP1-X4w,@albertoshernandez5251,TODO EL APOYO PARA EL PRESIDENTE BERNARDO AREVALO 👍🇬🇹👍,TODO EL APOYO PARA EL PRESIDENTE BERNARDO AREVALO emoji pulgar hacia arriba emoji emoji bandera guatemala emoji emoji pulgar hacia arriba emoji,apoyo presidente bernardo arevalo,5,0,54,3,Gobierno de la República de Guatemala,topic,NEU,0.072691,0.673726,0.253583,0.673726,0.420143,0.804569,"polaridad neutra (informativo, pregunta, sin carga afectiva clara)",False,pysentimiento/robertuito-sentiment-analysis
Ugy6isIL3n6cvYbJG-94AaABAg,JkpVO1hx2f8,10 Preguntas a un año del Paro Nacional,UCE4rsXcgDb6e1-a9iTbWzfg,Quorum,UCWWkebAekppaL5b5CNlppuw,@ninettmartinez425,Yo vi en  Semilla y Bernardo Arévalo  una oportunidad para que Guatemala saliera de la corrupción.,Yo vi en Semilla y Bernardo Arévalo una oportunidad para que Guatemala saliera de la corrupción.,semilla bernardo arevalo oportunidad guatemala saliera corrupcion,3,0,98,0,@quorumgt/videos,channel,POS,0.059172,0.312757,0.628071,0.628071,0.315315,0.822941,"polaridad positiva (aprobacion, agradecimiento, elogio, apoyo)",False,pysentimiento/robertuito-sentiment-analysis
Ugy6y6DL1AgyNzNpfMZ4AaABAg,n8iP75gIpmw,Qué rico come tu diputado,UCE4rsXcgDb6e1-a9iTbWzfg,Quorum,UCjmPuazZJzscrwvk0QR9RVw,@mynorrodas8591,"😢que desgraciados estos sinvergüenzas porque no piden un almuerzo de Q30.00 no que  almuerzos  de millonarios  con la plata  del pueblo , si les gusta lo bueno que lo paguen con su dinero","emoji cara llorando emoji que desgraciados estos sinvergüenzas porque no piden un almuerzo de Q30.00 no que almuerzos de millonarios con la plata del pueblo , si les gusta lo bueno que lo paguen con su dinero",desgraciado sinverguenza pedir almuerzo q30 almuerzo millonario platar pueblo gustar pagar dinero,2,0,187,1,@quorumgt/videos,channel,NEG,0.974455,0.021127,0.004418,0.974455,0.953327,0.130663,"polaridad negativa (critica, queja, rechazo, insulto)",False,pysentimiento/robertuito-sentiment-analysis
Ugy7-QbaMzLjAO_vJMB4AaABAg,n8iP75gIpmw,Qué rico come tu diputado,UCE4rsXcgDb6e1-a9iTbWzfg,Quorum,UCipetjeiWj4CZB6EbyYziZg,@OseasSamayoa-ol5rz,Que paguen de su sueldo sus alimentos si el pueblo de la miseria que  las empresas nos pagan lo pagamos,Que paguen de su sueldo sus alimentos si el pueblo de la miseria que las empresas nos pagan lo pagamos,pagar sueldo alimento pueblo miseriar empresa pagar pagar,0,0,103,0,@quorumgt/videos,channel,NEG,0.967518,0.028177,0.004305,0.967518,0.939342,0.155973,"polaridad negativa (critica, queja, rechazo, insulto)",False,pysentimiento/robertuito-sentiment-analysis
Ugy7Dk5SDB_d3RFlHU94AaABAg,n8iP75gIpmw,Qué rico come tu diputado,UCE4rsXcgDb6e1-a9iTbWzfg,Quorum,UCh5ESQvtzyHDhCA7XyekCFA,@andyB5280,No quiere hablar de sus almuerzos se molesta . No le creo . que,No quiere hablar de sus almuerzos se molesta . No le creo . que,hablar almuerzo molestar,1,0,63,0,@quorumgt/videos,channel,NEG,0.933831,0.06338,0.00279,0.933831,0.870451,0.255179,"polaridad negativa (critica, queja, rechazo, insulto)",False,pysentimiento/robertuito-sentiment-analysis
Ugy7b0JTkHodE4sTU_54AaABAg,WIUZtitfLRw,Caminar en una ciudad hecha para carros,UCE4rsXcgDb6e1-a9iTbWzfg,Quorum,UCZIQnb1fkwe39Iw2TAu-bGA,@jorgegomez2237,"Como dijo pia, casi no existen banquetas, solo hay un pedazo donde se puede medio caminar... Y aun quiere que le demos gracias... #IneptoBran","Como dijo pia, casi no existen banquetas, solo hay un pedazo donde se puede medio caminar... Y aun quiere que le demos gracias... IneptoBran",pia banqueta pedazo caminar demo ineptobran,1,0,141,0,@quorumgt/videos,channel,NEG,0.886713,0.087599,0.025688,0.886713,0.799114,0.413977,"polaridad negativa (critica, queja, rechazo, insulto)",False,pysentimiento/robertuito-sentiment-analysis
Ugy8csktFvR0eUZN4cp4AaABAg,n8iP75gIpmw,Qué rico come tu diputado,UCE4rsXcgDb6e1-a9iTbWzfg,Quorum,UCTP3O0rMnc8z8v8jaDQwL0w,@RobertoZelaya-x1v,Señor Nery Ramos una empresa trabaja con capital propio con dinero del dueño de la empresa que le costado ganarcelo  usted  con el dinero del pueblo o cree que el estado es su empresa trabaje esfuersece  trabajen para tener una empresa no se coman lo del pueblo,Señor Nery Ramos una empresa trabaja con capital propio con dinero del dueño de la empresa que le costado ganarcelo usted con el dinero del pueblo o cree que el estado es su empresa trabaje esfuersece trabajen para tener una empresa no se coman lo del pueblo,senor nery rir empresa trabajar capital dinero dueno empresa costado ganarcelo dinero pueblo creer empresa trabaje esfuersecir trabajen empresa comar pueblo,1,0,261,0,@quorumgt/videos,channel,NEG,0.726122,0.249442,0.024436,0.726122,0.476679,0.669442,"polaridad negativa (critica, queja, rechazo, insulto)",False,pysentimiento/robertuito-sentiment-analysis
UgyAcWsNSqIPesdI3nF4AaABAg,n8iP75gIpmw,Qué rico come tu diputado,UCE4rsXcgDb6e1-a9iTbWzfg,Quorum,UCsUCN0Yq_UyTvKjOJLmNrnQ,@moisesvaldez4043,"para los Guatemaltecos mejor si no hacen nada, poque cuando los hacen es en contra del pueblo Guatemlateco","para los Guatemaltecos mejor si no hacen nada, poque cuando los hacen es en contra del pueblo Guatemlateco",guatemalteco pocar pueblo guatemlateco,0,0,106,0,@quorumgt/videos,channel,NEG,0.946452,0.046674,0.006873,0.946452,0.899778,0.229354,"polaridad negativa (critica, queja, rechazo, insulto)",False,pysentimiento/robertuito-sentiment-analysis
UgyB52GZe4-PXJ2TqYB4AaABAg,j43HgwYFKfk,La cooptación de Walter Mazariegos en la USAC,UCE4rsXcgDb6e1-a9iTbWzfg,Quorum,UC3UVO7pTbeYvZ3ILEyRDskQ,@rosaelenaargueta79,Así debe informarse al pueblo sobre esta red de mafiosos!,Así debe informarse al pueblo sobre esta red de mafiosos!,informar el pueblo red mafioso,1,0,57,0,@quorumgt,topic,NEG,0.612741,0.312991,0.074269,0.612741,0.29975,0.856796,"polaridad negativa (critica, queja, rechazo, insulto)",False,pysentimiento/robertuito-sentiment-analysis
UgyBhR2qUXgMe2NJjRN4AaABAg,PjmxCj-a9Hg,Conferencia de Prensa del Gobierno de Guatemala. #LaRondaGt,UC-ZtFBHzgkYFh7whZkuR_Ag,Gobierno de la República de Guatemala,UCuP4UK33HKtJE_S39ksmaTw,@herbertaguilar1387,Con la corrupcion y narco gobierno de Morena en Mexico  Arevalo no deberia de hacer asociacion alguna . El pueblo de Mexico esta sufriendo .,Con la corrupcion y narco gobierno de Morena en Mexico Arevalo no deberia de hacer asociacion alguna . El pueblo de Mexico esta sufriendo .,corrupcion narco gobierno morena mexico arevalo deberio asociacion pueblo mexico sufrir,0,0,140,0,@GobiernodeGuatemala,topic,NEG,0.972112,0.022202,0.005685,0.972112,0.94991,0.141424,"polaridad negativa (critica, queja, rechazo, insulto)",False,pysentimiento/robertuito-sentiment-analysis
UgyC45vItnUiq1QrUtd4AaABAg,PjmxCj-a9Hg,Conferencia de Prensa del Gobierno de Guatemala. #LaRondaGt,UC-ZtFBHzgkYFh7whZkuR_Ag,Gobierno de la República de Guatemala,UClsrFGJKWPxxw7MiaEdKLXw,@ericapaz5406,Señor presidente? Enfóquese  en el crimen que está destrozado al país y también al turismo aga uso de su poder para implementar leyes que combatan el crimen en general por favor  mire a su país vecino como un joven si pudo terminar con el crimen.,Señor presidente? Enfóquese en el crimen que está destrozado al país y también al turismo aga uso de su poder para implementar leyes que combatan el crimen en general por favor mire a su país vecino como un joven si pudo terminar con el crimen.,senor presidente enfoquese crimen destrozado turismo agar implementar ley combatar crimen general favor mire vecino joven terminar crimen,3,2,246,0,@GobiernodeGuatemala,topic,NEG,0.8862,0.098637,0.015163,0.8862,0.787562,0.399056,"polaridad negativa (critica, queja, rechazo, insulto)",False,pysentimiento/robertuito-sentiment-analysis
UgyC45vItnUiq1QrUtd4AaABAg.ALgn-KZ7p47ALgvLAMzZ1A,PjmxCj-a9Hg,Conferencia de Prensa del Gobierno de Guatemala. #LaRondaGt,UC-ZtFBHzgkYFh7whZkuR_Ag,Gobierno de la República de Guatemala,UCg3eIfd7BrsLEqS0BLkftHA,@ErmePérez-q4s,Ni te equivoques ni a terminado siguen siendo Salvatruchas y mareros.,Ni te equivoques ni a terminado siguen siendo Salvatruchas y mareros.,equivoqu terminado seguir salvatrucha marero,0,0,69,0,@GobiernodeGuatemala,topic,NEG,0.620447,0.287516,0.092037,0.620447,0.332931,0.874092,"polaridad negativa (critica, queja, rechazo, insulto)",False,pysentimiento/robertuito-sentiment-analysis
UgyC45vItnUiq1QrUtd4AaABAg.ALgn-KZ7p47ALgwtbYMM1u,PjmxCj-a9Hg,Conferencia de Prensa del Gobierno de Guatemala. #LaRondaGt,UC-ZtFBHzgkYFh7whZkuR_Ag,Gobierno de la República de Guatemala,UCg3eIfd7BrsLEqS0BLkftHA,@ErmePérez-q4s,"Y los  que fueron hacer los pandilleros del salvador en antigua que, siguen haviendo maras en el salvador y eso es un país de maras","Y los que fueron hacer los pandilleros del salvador en antigua que, siguen haviendo maras en el salvador y eso es un país de maras",pandillero salvador antiguo seguir haveir mara salvador mara,0,0,131,0,@GobiernodeGuatemala,topic,NEG,0.850905,0.140275,0.008819,0.850905,0.71063,0.454626,"polaridad negativa (critica, queja, rechazo, insulto)",False,pysentimiento/robertuito-sentiment-analysis
UgyC45vItnUiq1QrUtd4AaABAg.ALgn-KZ7p47ALgx6SmnMen,PjmxCj-a9Hg,Conferencia de Prensa del Gobierno de Guatemala. #LaRondaGt,UC-ZtFBHzgkYFh7whZkuR_Ag,Gobierno de la República de Guatemala,UCg3eIfd7BrsLEqS0BLkftHA,@ErmePérez-q4s,Y todo los que tienen tatuajes del salvador son pandilleros eso su dictador lo dijo. Así que no te venden humo 💨 todo lo que dicen del salvador.,Y todo los que tienen tatuajes del salvador son pandilleros eso su dictador lo dijo. Así que no te venden humo emoji salir corriendo emoji todo lo que dicen del salvador.,tatuaj salvador pandilleros dictador vender humo salvador,0,0,144,1,@GobiernodeGuatemala,topic,NEG,0.656373,0.32526,0.018367,0.656373,0.331112,0.715076,"polaridad negativa (critica, queja, rechazo, insulto)",False,pysentimiento/robertuito-sentiment-analysis
UgyC9HUMcvW-e_nFJK14AaABAg,06mFNPU0aB8,Capturan a presuntos delincuentes disfrazados de mujer señalados de cometer asalto,UCVpSRoZgngfSL03Nlbjtq9A,Noti7,UCAxvOOHQk7dYPOajzFEVtbA,@ruddydepaz322,Así metan los al tambo con minifaldas allí no les ba a faltar la moronga.,Así metan los al tambo con minifaldas allí no les ba a faltar la moronga.,metan tambo minifalda faltar moronguir,0,0,73,0,guatemala noticias,topic,NEU,0.290594,0.589313,0.120093,0.589313,0.298719,0.925287,"polaridad neutra (informativo, pregunta, sin carga afectiva clara)",False,pysentimiento/robertuito-sentiment-analysis
UgyCFEFtEmhDbi91yCF4AaABAg,06mFNPU0aB8,Capturan a presuntos delincuentes disfrazados de mujer señalados de cometer asalto,UCVpSRoZgngfSL03Nlbjtq9A,Noti7,UCq3mDTTRZnUybct5M9OSXbg,@MacoMorales-i2i2d,Destreza dise😅,Destreza dise emoji cara sonriendo con sudor frío emoji,destreza disar,1,0,14,1,guatemala noticias,topic,NEU,0.371361,0.587744,0.040895,0.587744,0.216383,0.81096,"polaridad neutra (informativo, pregunta, sin carga afectiva clara)",False,pysentimiento/robertuito-sentiment-analysis
UgyCoulSuwV8jBnjbtN4AaABAg,n8iP75gIpmw,Qué rico come tu diputado,UCE4rsXcgDb6e1-a9iTbWzfg,Quorum,UCGzXwyCzMzGmjmCbH3Hg01Q,@FidelZacarias-ph7dy,Ése señor entrevistador pertenece al PACTO DE CORRUPTOS....ATACA LA TRANSPARENCIA Y DEFIENDE A LOS CORRUPTOS.,Ése señor entrevistador pertenece al PACTO DE CORRUPTOS...ATACA LA TRANSPARENCIA Y DEFIENDE A LOS CORRUPTOS.,senor entrevistador pertenecer pacto corrupto atacar transparencia defender corrupto,2,0,109,0,@quorumgt/videos,channel,NEG,0.949549,0.040369,0.010082,0.949549,0.909179,0.225076,"polaridad negativa (critica, queja, rechazo, insulto)",False,pysentimiento/robertuito-sentiment-analysis
UgyD5CIXnbXNiM-a4VF4AaABAg,6W4u8sGEnGM,Inician los trabajos de recuperación del Puente Belice II.,UC-ZtFBHzgkYFh7whZkuR_Ag,Gobierno de la República de Guatemala,UC0HvfEWozTHbwl_iEmJNvVA,@OttoPalencia-b7r,Si el presidente ha sido un buen presidente pues hay que botar por el hay muchos que han hablado mal de él pero ellos no hacen nada por gustemala,Si el presidente ha sido un buen presidente pues hay que botar por el hay muchos que han hablado mal de él pero ellos no hacen nada por gustemala,presidente presidente botar hablado gustemalo,3,0,145,0,Gobierno de la República de Guatemala,topic,NEG,0.589734,0.251343,0.158923,0.589734,0.338391,0.95083,"polaridad negativa (critica, queja, rechazo, insulto)",False,pysentimiento/robertuito-sentiment-analysis
UgyE6hk1g9jR7zB67lV4AaABAg,6W4u8sGEnGM,Inician los trabajos de recuperación del Puente Belice II.,UC-ZtFBHzgkYFh7whZkuR_Ag,Gobierno de la República de Guatemala,UC14qlobYKqD-DO0j6b75lcA,@megavision4488,seria bueno tambien hecharle mano a la ejecucion del puente  del rio la pasion que todoavia se esta utilizando ferry hay que hacer un puente rapido.,seria bueno tambien hecharle mano a la ejecucion del puente del rio la pasion que todoavia se esta utilizando ferry hay que hacer un puente rapido.,hechar el mano ejecucion puente rio pasion todoavia utilizar ferry puente rapido,0,0,148,0,Gobierno de la República de Guatemala,topic,NEU,0.098135,0.612106,0.289759,0.612106,0.322347,0.887189,"polaridad neutra (informativo, pregunta, sin carga afectiva clara)",False,pysentimiento/robertuito-sentiment-analysis
UgyEM7_iOGkWV0SbNuB4AaABAg,n8iP75gIpmw,Qué rico come tu diputado,UCE4rsXcgDb6e1-a9iTbWzfg,Quorum,UCiGRBf2RNF0WRKhRVT7zFoA,@edwinavila4876,"Lamentablemente en nuestro país sigue la misma sinverguenzada. Este diputado quiere tapar el sol con un dedo. Qué pasaría si un profesor quisiera que le pagaran su comida aparte de su sueldo porque le está enseñando a
 dibujar a un niño.",Lamentablemente en nuestro país sigue la misma sinverguenzada. Este diputado quiere tapar el sol con un dedo. Qué pasaría si un profesor quisiera que le pagaran su comida aparte de su sueldo porque le está enseñando a dibujar a un niño.,lamentablemente sinverguenzado diputado tapar sol dedo pasaria profesor quisiero pagar comida aparte sueldo ensenar dibujar nino,0,0,237,0,@quorumgt/videos,channel,NEG,0.954514,0.041689,0.003797,0.954514,0.912825,0.198065,"polaridad negativa (critica, queja, rechazo, insulto)",False,pysentimiento/robertuito-sentiment-analysis
UgyFSrjeDvPsB0fKUdp4AaABAg,6W4u8sGEnGM,Inician los trabajos de recuperación del Puente Belice II.,UC-ZtFBHzgkYFh7whZkuR_Ag,Gobierno de la República de Guatemala,UCa36MjQLoPAmgJo-R3G8WQA,@elsasalguero6914,Que Dios bendiga al gobierno de Guatemala,Que Dios bendiga al gobierno de Guatemala,bendigar gobierno guatemala,3,0,41,0,Gobierno de la República de Guatemala,topic,POS,0.027172,0.161093,0.811735,0.811735,0.650642,0.561404,"polaridad positiva (aprobacion, agradecimiento, elogio, apoyo)",False,pysentimiento/robertuito-sentiment-analysis
UgyHHYcKhbzXr6xEjth4AaABAg,06mFNPU0aB8,Capturan a presuntos delincuentes disfrazados de mujer señalados de cometer asalto,UCVpSRoZgngfSL03Nlbjtq9A,Noti7,UCjZgFEowMBrsjodqfovzdKw,@franciscoflores3120,Ay que  usarlos  como  mujeres,Ay que usarlos como mujeres,usar el mujer,0,0,30,0,guatemala noticias,topic,NEU,0.05859,0.569075,0.372335,0.569075,0.19674,0.854897,"polaridad neutra (informativo, pregunta, sin carga afectiva clara)",False,pysentimiento/robertuito-sentiment-analysis
UgyHIuxG8A2lYDRB6vh4AaABAg,6W4u8sGEnGM,Inician los trabajos de recuperación del Puente Belice II.,UC-ZtFBHzgkYFh7whZkuR_Ag,Gobierno de la República de Guatemala,UC3YpzAr7pcdKC7BVFEpYzog,@carmenfigueroa1232,"Pues como no si a Guatemala desbancaron lo anteriores presidentes han barrido con todo 
Primero Dios puedan terminar este proyecto antes que entre otr@ ladron y después busquen culpables",Pues como no si a Guatemala desbancaron lo anteriores presidentes han barrido con todo Primero Dios puedan terminar este proyecto antes que entre otr@ ladron y después busquen culpables,guatemala desbancar president barrido terminar proyecto otr ladron buscar culpable,4,1,186,0,Gobierno de la República de Guatemala,topic,NEG,0.901344,0.085206,0.013449,0.901344,0.816138,0.361408,"polaridad negativa (critica, queja, rechazo, insulto)",False,pysentimiento/robertuito-sentiment-analysis
UgyHIuxG8A2lYDRB6vh4AaABAg.A_zEyCTHfWFA_zWovudn2B,6W4u8sGEnGM,Inician los trabajos de recuperación del Puente Belice II.,UC-ZtFBHzgkYFh7whZkuR_Ag,Gobierno de la República de Guatemala,UCyJhqmMbsvjpoarBBStA2kg,@Murmullodelbarrio,"Por eso mismo
No permítanos otro partido corrupto de los mismos de antes para salvar todo lo que hoy estamos mirando",Por eso mismo No permítanos otro partido corrupto de los mismos de antes para salvar todo lo que hoy estamos mirando,permitano partido corrupto salvar mirar,1,0,116,0,Gobierno de la República de Guatemala,topic,NEG,0.92704,0.064292,0.008668,0.92704,0.862747,0.287826,"polaridad negativa (critica, queja, rechazo, insulto)",False,pysentimiento/robertuito-sentiment-analysis
UgyHcSyWHx2SKCg6db14AaABAg,j43HgwYFKfk,La cooptación de Walter Mazariegos en la USAC,UCE4rsXcgDb6e1-a9iTbWzfg,Quorum,UCQqlPPUGqAfWjd-FSh_qn7Q,@estuardoargueta137,"Esa universidad se debe privatizar, es la universidad mas cara de Guatemala por estudiante egresado, es una carga tributaria innecesaria.","Esa universidad se debe privatizar, es la universidad mas cara de Guatemala por estudiante egresado, es una carga tributaria innecesaria.",universidad privatizar universidad cara guatemala estudiante egresado carga tributario innecesario,0,0,137,0,@quorumgt/videos,channel,NEG,0.972002,0.023921,0.004077,0.972002,0.948082,0.139331,"polaridad negativa (critica, queja, rechazo, insulto)",False,pysentimiento/robertuito-sentiment-analysis
UgyIX1zx3bbc9DsK8VR4AaABAg,n8iP75gIpmw,Qué rico come tu diputado,UCE4rsXcgDb6e1-a9iTbWzfg,Quorum,UC8r11yOugM2NuRfitQOxLLg,@cesaraugustomoralesmonroy6907,"Qué tristeza que extranjeros que vinieron como policías a una institución internacional impuesta por la ""comunidad internacional"" supuestamente para combatir la impunidad, se hayan quedado como ""analistas"" y periodistas en Guatemala, comentando temas nacionales. Es la nueva conquista.","Qué tristeza que extranjeros que vinieron como policías a una institución internacional impuesta por la ""comunidad internacional"" supuestamente para combatir la impunidad, se hayan quedado como ""analistas"" y periodistas en Guatemala, comentando temas nacionales. Es la nueva conquista.",tristeza extranjero venir policia institucion internacional impuesto comunidad internacional supuestamente combatir impunidad quedado analista periodista guatemala comentar tema nacional conquista,1,0,285,0,@quorumgt/videos,channel,NEG,0.978938,0.017893,0.003168,0.978938,0.961045,0.11106,"polaridad negativa (critica, queja, rechazo, insulto)",False,pysentimiento/robertuito-sentiment-analysis
UgyIfQ-oDt0uVFZIq9d4AaABAg,PjmxCj-a9Hg,Conferencia de Prensa del Gobierno de Guatemala. #LaRondaGt,UC-ZtFBHzgkYFh7whZkuR_Ag,Gobierno de la República de Guatemala,UCusjriFsDHEc2AOjqk-p5ig,@pablobarrios7931,"Guate tambien tiene gobierno PROGRE, LOS Y LAS DIPUTADAS,  JAJAJA
CIUDADANOS Y CIUDADANAS JAJAJA
CHIQUILLOS Y CHIQUILLOS JAJAJA
Los gobiernos PROGRES son los que estan llevando  a la ruina auchoa paises,  principalmente en occidente.  
Estos PROGRESS que se pongan a trabajar de manera mas activa por el Pais y no solo bla bla bla.   Se nesesita tomar.accion YA y no bla bla bla.","Guate tambien tiene gobierno PROGRE, LOS Y LAS DIPUTADAS, jaja CIUDADANOS Y CIUDADANAS jaja CHIQUILLOS Y CHIQUILLOS jaja Los gobiernos PROGRES son los que estan llevando a la ruina auchoa paises, principalmente en occidente. Estos PROGRESS que se pongan a trabajar de manera mas activa por el Pais y no solo bla bla bla. Se nesesita tomar.accion YA y no bla bla bla.",guate gobierno prograr diputada ciudadano ciudadano chiquillo chiquillo gobierno progr ruina auchoo principalmente occidente progress trabajar activo bla bla bla nesesitir tomar accion bla bla bla,2,0,379,0,@GobiernodeGuatemala,topic,NEG,0.880463,0.100718,0.018819,0.880463,0.779745,0.418046,"polaridad negativa (critica, queja, rechazo, insulto)",False,pysentimiento/robertuito-sentiment-analysis
UgyIteBIiYe7DjUN3554AaABAg,ndAZjHqzzT8,Internet: escoger el menos malo,UCE4rsXcgDb6e1-a9iTbWzfg,Quorum,UCVC2QugcI1G4RvlCiUqd1aQ,@rwdm76,EXCELENTE,EXCELENTE,excelente,0,0,9,0,@quorumgt/videos,channel,NEU,0.203415,0.477862,0.318723,0.477862,0.15914,1.041247,"polaridad neutra (informativo, pregunta, sin carga afectiva clara)",True,pysentimiento/robertuito-sentiment-analysis
UgyJ7QRY-X3DsJC-t-p4AaABAg,lj983NWyAQY,Plan 2032 Ciudad de Guatemala,UCXa6LVjBzUtmcM3cwbd9e2w,Municipalidad de Guatemala,UC5fvhAfm89JH8eDFdvc0xYw,@isaidiaz2388,Guate es Classic 👍💯,Guate es Classic emoji pulgar hacia arriba emoji emoji cien puntos emoji,guate classic,0,0,19,2,Municipalidad de Guatemala,topic,POS,0.034468,0.407599,0.557933,0.557933,0.150334,0.807451,"polaridad positiva (aprobacion, agradecimiento, elogio, apoyo)",False,pysentimiento/robertuito-sentiment-analysis
UgyJnStLEHxVNbAfd0p4AaABAg,PjmxCj-a9Hg,Conferencia de Prensa del Gobierno de Guatemala. #LaRondaGt,UC-ZtFBHzgkYFh7whZkuR_Ag,Gobierno de la República de Guatemala,UCAV7QIjYhbDJaycQycM_0eQ,@mariavail8998,No dejen que nuestros hermanos Guatemalatecos qué esten encerrados en esse lugar pir favor 🙏 Autoridades sun  nuestros prójimos gracias señores 🙏 🙌 👏,No dejen que nuestros hermanos Guatemalatecos qué esten encerrados en esse lugar pir favor emoji manos en oración emoji Autoridades sun nuestros prójimos gracias señores emoji manos en oración emoji emoji manos levantadas celebrando emoji emoji manos aplaudiendo emoji,dejar hermano guatemalateco encerrado esse lugar pir favor autoridad sun projir senor,3,0,149,4,@GobiernodeGuatemala,topic,NEG,0.520153,0.401279,0.078569,0.520153,0.118874,0.906258,"polaridad negativa (critica, queja, rechazo, insulto)",False,pysentimiento/robertuito-sentiment-analysis
UgyMRj1sNq6Xkrqepst4AaABAg,n8iP75gIpmw,Qué rico come tu diputado,UCE4rsXcgDb6e1-a9iTbWzfg,Quorum,UC3E9mAgP7VoAE5mZoAexl5g,@EnnioAroche,"Son realmente estos diputados unos aprovechados, mientras los jubilados del igss  ,algunos reciben 300.00 quetzales al mes y no los an apoyado.","Son realmente estos diputados unos aprovechados, mientras los jubilados del igss ,algunos reciben 300.00 quetzales al mes y no los an apoyado.",realmente diputado aprovechado jubilado igss recibir quetzal mes apoyado,0,0,143,0,@quorumgt/videos,channel,NEG,0.974638,0.020627,0.004735,0.974638,0.954011,0.130439,"polaridad negativa (critica, queja, rechazo, insulto)",False,pysentimiento/robertuito-sentiment-analysis
UgyN-BmjI1Qyr5moi-x4AaABAg,n8iP75gIpmw,Qué rico come tu diputado,UCE4rsXcgDb6e1-a9iTbWzfg,Quorum,UCB5p8a5gklc80jJItP6xTHg,@ernestogamboa8737,"Aunqué contradiga, ellos están acostumbrados a hacer esto, comiendo a costillas del pueblo,","Aunqué contradiga, ellos están acostumbrados a hacer esto, comiendo a costillas del pueblo,",contradigar acostumbrado comer costilla pueblo,6,0,91,0,@quorumgt/videos,channel,NEG,0.78004,0.189448,0.030512,0.78004,0.590592,0.615419,"polaridad negativa (critica, queja, rechazo, insulto)",False,pysentimiento/robertuito-sentiment-analysis
UgyNuIQ1W1M3g8ut6314AaABAg,6W4u8sGEnGM,Inician los trabajos de recuperación del Puente Belice II.,UC-ZtFBHzgkYFh7whZkuR_Ag,Gobierno de la República de Guatemala,UC1NiEdJ7gk6FlDexIalWnGg,@BorisTebalán,"Las verdad si ya es un hecho si el presidente se merece mucho respeto porque está haciendo en tristes 4 años ese proyecto.
MIENTRAS LOS CORRUPTOS HDP SOLO SE HAN HUEVIADO LAS MILLONADAS DE DINERO EN MAS DE 60 AÑOS NO HICIERON
 NI PURA MIERDA. 😡
Pero la gente burra aun así pienso que vamos a regresar con los corruptos hdpm a ser gobernados. 
ESPERO EQUIVOCARME",Las verdad si ya es un hecho si el presidente se merece mucho respeto porque está haciendo en tristes 4 años ese proyecto. MIENTRAS LOS CORRUPTOS HDP SOLO SE HAN HUEVIADO LAS MILLONADAS DE DINERO EN MAS DE 60 AÑOS NO HICIERON NI PURA MIERDA. emoji cara cabreada emoji Pero la gente burra aun así pienso que vamos a regresar con los corruptos hdpm a ser gobernados. ESPERO EQUIVOCARME,presidente merecer respeto triste ano proyecto corrupto hdp hueviar millonada dinero anos pura mierda burra pensar regresar corrupto hdpm gobernado esperar equivocar yo,0,0,361,1,Gobierno de la República de Guatemala,topic,NEG,0.978323,0.016192,0.005485,0.978323,0.962131,0.116759,"polaridad negativa (critica, queja, rechazo, insulto)",False,pysentimiento/robertuito-sentiment-analysis
UgyOyo4VyMiMOhqOkGd4AaABAg,yLZS3JiEBg8,Arroz con pollo a la MONOPOLIO,UCE4rsXcgDb6e1-a9iTbWzfg,Quorum,UCdQAuWwyC99MB7Y02Umj26Q,@miguelbran1268,"Y todo se resume en la letra pequeña, suena bonito pero no es así de fácil, vos crees realmente que Dionisio va a estar de acuerdo con dejar que otros vendan pollo y huevos, lo siento mucho pero tenes que detallar más en la letra pequeña.
Dionisio nunca va a dejar que eso pase, y si el está de acuerdo entonces perdemos los consumidores. El león no es como lo pintan.","Y todo se resume en la letra pequeña, suena bonito pero no es así de fácil, vos crees realmente que Dionisio va a estar de acuerdo con dejar que otros vendan pollo y huevos, lo siento mucho pero tenes que detallar más en la letra pequeña. Dionisio nunca va a dejar que eso pase, y si el está de acuerdo entonces perdemos los consumidores. El león no es como lo pintan.",resumir letra pequen suen bonito facil crees realmente dionisio dejar vender pollo huevo sentir ten detallar letra pequen dionisio dejar pase perder consumidor leon pintir,0,0,368,0,@quorumgt/videos,channel,NEG,0.811008,0.178369,0.010624,0.811008,0.632639,0.52566,"polaridad negativa (critica, queja, rechazo, insulto)",False,pysentimiento/robertuito-sentiment-analysis
UgyPm-2rnRLPav43Bt14AaABAg,TT4qJ5FXHYE,"I’x K’at: el primer equipo guatemalteco de pelota maya, conformado únicamente por mujeres.",UCE4rsXcgDb6e1-a9iTbWzfg,Quorum,UCtowGNY2lnlg6O2CkwDgkLg,@taniagabrielacelis8434,"¡Aplaudo y celebro su iniciativa! Desde Puebla, me enorgullece conocer un grupo femenino de Ulama 😊❤️.","¡Aplaudo y celebro su iniciativa! Desde Puebla, me enorgullece conocer un grupo femenino de Ulama emoji cara feliz con ojos sonrientes emoji emoji corazón rojo emoji .",aplaudo celebro iniciativo puebla enorgullecer grupo femenino ulama,2,0,102,2,@quorumgt/videos,channel,POS,0.008778,0.059745,0.931477,0.931477,0.871731,0.27603,"polaridad positiva (aprobacion, agradecimiento, elogio, apoyo)",False,pysentimiento/robertuito-sentiment-analysis
UgyQQbXS_Q_JYcSefap4AaABAg,OkXlHx0hx-8,EE.UU. envía a mexicanos deportados a Guatemala antes de su regreso a México | Noticias Telemundo,UCRwA1NUcUnwsly35ikGhp0A,Noticias Telemundo,UCp_dAUfv8i3LW3zWc24dLaQ,@MarioCortez-o6v,Regresaron sin nada 😂😂,Regresaron sin nada emoji cara llorando de risa emoji emoji cara llorando de risa emoji,regresar,1,0,22,2,guatemala noticias,topic,NEG,0.518392,0.448799,0.032809,0.518392,0.069592,0.812274,"polaridad negativa (critica, queja, rechazo, insulto)",False,pysentimiento/robertuito-sentiment-analysis
UgyQxncw9dtHgZFgp014AaABAg,UhL9y3KUl8E,SHAI WA: la vecina queer de Casa Presidencial,UCE4rsXcgDb6e1-a9iTbWzfg,Quorum,UC_NRVt2UP88ZNTwzrZ66JSg,@aditalissethevasquezrojas8039,"Gracias por este video, que importante conocer este tipo de espacios.","Gracias por este video, que importante conocer este tipo de espacios.",video importante tipo espacio,2,0,69,0,@quorumgt/videos,channel,POS,0.002791,0.022868,0.974342,0.974342,0.951474,0.128135,"polaridad positiva (aprobacion, agradecimiento, elogio, apoyo)",False,pysentimiento/robertuito-sentiment-analysis
UgyRmKHMG-ygpot6nY14AaABAg,j43HgwYFKfk,La cooptación de Walter Mazariegos en la USAC,UCE4rsXcgDb6e1-a9iTbWzfg,Quorum,UCylqlpsh8ENNM1LqgQ1KbxA,@Jel.Awesh.M,"Triste la realidad de la USAC, y buen video, ojalá saque más frecuentemente.","Triste la realidad de la USAC, y buen video, ojalá saque más frecuentemente.",triste realidad usac video ojala sacar frecuentemente,1,0,76,0,@quorumgt,topic,NEG,0.679369,0.234265,0.086366,0.679369,0.445104,0.814152,"polaridad negativa (critica, queja, rechazo, insulto)",False,pysentimiento/robertuito-sentiment-analysis
UgyS31-ujtXB5VmjBRV4AaABAg,j43HgwYFKfk,La cooptación de Walter Mazariegos en la USAC,UCE4rsXcgDb6e1-a9iTbWzfg,Quorum,UCRvPToDkkumha7WJAfCDk1A,@ligiaguerra3057,Que asco,Que asco,asco,0,0,8,0,@quorumgt/videos,channel,NEG,0.848583,0.12253,0.028887,0.848583,0.726053,0.498953,"polaridad negativa (critica, queja, rechazo, insulto)",False,pysentimiento/robertuito-sentiment-analysis
UgySlQlmZmrLAq5JsLx4AaABAg,PjmxCj-a9Hg,Conferencia de Prensa del Gobierno de Guatemala. #LaRondaGt,UC-ZtFBHzgkYFh7whZkuR_Ag,Gobierno de la República de Guatemala,UCPZueDLrCS4BmTBRMA4q0fA,@kevinochoa3695,"Bienvenido el tren maya 🎉 como hay ineptos que se oponen a esta gran colaboración estamos hablando de desarrollo para nuestra frontera, desarrollo para el país en general acaso no saben cuantos turistas genera al año? imagínense de aquí a 10 años ya con el tren maya y todo nuestro país conectado logísticamente con trenes","Bienvenido el tren maya emoji cañón de confeti emoji como hay ineptos que se oponen a esta gran colaboración estamos hablando de desarrollo para nuestra frontera, desarrollo para el país en general acaso no saben cuantos turistas genera al año? imagínense de aquí a 10 años ya con el tren maya y todo nuestro país conectado logísticamente con trenes",bienvenido tren maya inepto oponer colaboracion hablar desarrollo frontera desarrollo general acaso turista generar ano imaginense anos tren maya conectado logisticamente tren,1,1,322,1,@GobiernodeGuatemala,topic,NEG,0.626826,0.307809,0.065365,0.626826,0.319016,0.833766,"polaridad negativa (critica, queja, rechazo, insulto)",False,pysentimiento/robertuito-sentiment-analysis
UgySlQlmZmrLAq5JsLx4AaABAg.ALh5XYlqNufALhOuUP3UYB,PjmxCj-a9Hg,Conferencia de Prensa del Gobierno de Guatemala. #LaRondaGt,UC-ZtFBHzgkYFh7whZkuR_Ag,Gobierno de la República de Guatemala,UC7IMsCxfZyWN7YQo8-JYa6Q,@Burgos68,"Me agrado lo que usted a dicho, es cierto hay muchas personas que no piensan en el desarrollo mutuo y en el lugar de hacer comentarios de felicitaciones al Gobierno por éste desarrollo solidario,  se ponen hablar estupideces.","Me agrado lo que usted a dicho, es cierto hay muchas personas que no piensan en el desarrollo mutuo y en el lugar de hacer comentarios de felicitaciones al Gobierno por éste desarrollo solidario, se ponen hablar estupideces.",agrado persona pensar desarrollo mutuo lugar comentario felicitacion gobierno desarrollo solidario hablar estupidez,0,0,225,0,@GobiernodeGuatemala,topic,NEG,0.956617,0.033274,0.010109,0.956617,0.923343,0.202103,"polaridad negativa (critica, queja, rechazo, insulto)",False,pysentimiento/robertuito-sentiment-analysis
UgySttznhywvGXZyF-N4AaABAg,lj983NWyAQY,Plan 2032 Ciudad de Guatemala,UCXa6LVjBzUtmcM3cwbd9e2w,Municipalidad de Guatemala,UCHMQ_lDhibZ-XZ_3fo6oxwg,@crislexrubi4387,Muy bello Guatemala. Saludos desde Honduras,Muy bello Guatemala. Saludos desde Honduras,bello guatemala saludos hondura,16,0,43,0,Municipalidad de Guatemala,topic,POS,0.005462,0.034327,0.960211,0.960211,0.925884,0.183188,"polaridad positiva (aprobacion, agradecimiento, elogio, apoyo)",False,pysentimiento/robertuito-sentiment-analysis
UgyVLVHQ4zNBKTTDxtp4AaABAg,n8iP75gIpmw,Qué rico come tu diputado,UCE4rsXcgDb6e1-a9iTbWzfg,Quorum,UCpsKOkt5iWTbenzeuq7dsmQ,@inge_vergueta,Que se podía esperar de ese diputado que estuvo con Manuel Baldizon es otro delincuente. La gente tiene que aprender a votar por el congreso también porque solo meten lacras en el congreso 😷😷,Que se podía esperar de ese diputado que estuvo con Manuel Baldizon es otro delincuente. La gente tiene que aprender a votar por el congreso también porque solo meten lacras en el congreso emoji cara con mascarilla médica emoji emoji cara con mascarilla médica emoji,podiar esperar diputado manuel baldizon delincuente aprender votar congreso metar lacra congreso,1,0,191,2,@quorumgt/videos,channel,NEG,0.924594,0.069406,0.006,0.924594,0.855187,0.288345,"polaridad negativa (critica, queja, rechazo, insulto)",False,pysentimiento/robertuito-sentiment-analysis
UgyWzgDknElvfn9oFJZ4AaABAg,j43HgwYFKfk,La cooptación de Walter Mazariegos en la USAC,UCE4rsXcgDb6e1-a9iTbWzfg,Quorum,UC7dadZG7kkGYnsNu6td0FbA,@lesolorzano,Nubes negras sobre el CSU. Empieza a oler a democracia.,Nubes negras sobre el CSU. Empieza a oler a democracia.,nube negro csu empezar oler democracia,18,0,55,0,@quorumgt,topic,NEG,0.763528,0.205394,0.031078,0.763528,0.558135,0.638986,"polaridad negativa (critica, queja, rechazo, insulto)",False,pysentimiento/robertuito-sentiment-analysis
UgyX06qZFc3cNK6223J4AaABAg,n8iP75gIpmw,Qué rico come tu diputado,UCE4rsXcgDb6e1-a9iTbWzfg,Quorum,UCrJn_rbo_ENAdeqneS-RmRw,@josecarrera9623,"q mira el presidente Ramos
seguir .anteniendo esos.mantenidos y mucha jente con ambre q yeben su almuerzo d su casa esos simverguenzas y no asen nada bueno por guatemala solo cobrar el finde.mes y comor",q mira el presidente Ramos seguir .anteniendo esos.mantenidos y mucha jente con ambre q yeben su almuerzo d su casa esos simverguenzas y no asen nada bueno por guatemala solo cobrar el finde.mes y comor,mirar presidente ramos seguir anteneir mantenido jente ambre yebir almuerzo casar simverguenza guatemala cobrar finde mes comor,0,0,202,0,@quorumgt/videos,channel,NEG,0.969024,0.02655,0.004426,0.969024,0.942475,0.150823,"polaridad negativa (critica, queja, rechazo, insulto)",False,pysentimiento/robertuito-sentiment-analysis
UgyXTA5oFwzI70TKCUd4AaABAg,is3Mk5oC19g,Capturan a ladrón que había quedado grabado mientras robaba en una parroquia de Retalhuleu,UCt5Dw7ePnn0AqPqRF8Xpjkw,TN23 Guatemala,UCFFrEmn6lPYiWyElpfzTy5Q,@denilsonlopez4083,El humano la misma 💩💩💩,El humano la misma emoji caca con ojos emoji emoji caca con ojos emoji emoji caca con ojos emoji,humano,0,0,22,3,guatemala noticias,topic,NEG,0.881455,0.108135,0.01041,0.881455,0.77332,0.399276,"polaridad negativa (critica, queja, rechazo, insulto)",False,pysentimiento/robertuito-sentiment-analysis
UgyYPJkzW5rbOUI_vcd4AaABAg,TT4qJ5FXHYE,"I’x K’at: el primer equipo guatemalteco de pelota maya, conformado únicamente por mujeres.",UCE4rsXcgDb6e1-a9iTbWzfg,Quorum,UCNiMNUJvaRJb0_QLClqwVnA,@Santiago.Nolasco,Excelente iniciativa,Excelente iniciativa,excelente iniciativa,2,0,20,0,@quorumgt/videos,channel,POS,0.008102,0.069805,0.922093,0.922093,0.852288,0.29963,"polaridad positiva (aprobacion, agradecimiento, elogio, apoyo)",False,pysentimiento/robertuito-sentiment-analysis
UgyYRHeJlfB9VF69LSp4AaABAg,lj983NWyAQY,Plan 2032 Ciudad de Guatemala,UCXa6LVjBzUtmcM3cwbd9e2w,Municipalidad de Guatemala,UCs_5qeqdku9tGAq22y3OcuQ,@alexandrevasquez4135,Me da mucha emoción q la ciudad de guatemala va prosperando algún día vamos hacer una de las ciudades mas famosas del mundo con alta tecnologia q china me gusta mucho este proyecto y ojalay q se cumpla..,Me da mucha emoción q la ciudad de guatemala va prosperando algún día vamos hacer una de las ciudades mas famosas del mundo con alta tecnologia q china me gusta mucho este proyecto y ojalay q se cumpla..,emocion ciudad guatemala prosperar ciudad famoso mundo alto tecnologia chino gustar proyecto ojalay cumplir,4,0,203,0,Municipalidad de Guatemala,topic,POS,0.002742,0.023762,0.973497,0.973497,0.949735,0.131183,"polaridad positiva (aprobacion, agradecimiento, elogio, apoyo)",False,pysentimiento/robertuito-sentiment-analysis
UgyYaWYhDStGYWDGkb94AaABAg,j43HgwYFKfk,La cooptación de Walter Mazariegos en la USAC,UCE4rsXcgDb6e1-a9iTbWzfg,Quorum,UCCBYcToQ2dwkd6TJh0FSyDg,@lidiarodriguez3493,"Importante información la. Usac de ser oposición se volvió servil, se va recuperar 👍","Importante información la. Usac de ser oposición se volvió servil, se va recuperar emoji pulgar hacia arriba emoji",importante informacion usac oposicion volvio servil recuperar,0,0,84,1,@quorumgt/videos,channel,NEU,0.453006,0.518482,0.028512,0.518482,0.065477,0.800707,"polaridad neutra (informativo, pregunta, sin carga afectiva clara)",False,pysentimiento/robertuito-sentiment-analysis
UgyYh5BUgByoCy2qNBR4AaABAg,yLZS3JiEBg8,Arroz con pollo a la MONOPOLIO,UCE4rsXcgDb6e1-a9iTbWzfg,Quorum,UCxcoDvP-g2_KTZDmVZtvb3w,@angelmartinez9523,"En resumen son periodistas patéticos y poco profesionales. Si van a dar información, no la den a medias. 
1. Existe inflación, la cual fue más alta que los datos que están proporcionado, esto afecta a las empresas o el propósito es que ahora las empresas subsidien lo que venden? 
2. Los precios internacionales aplican cuando una empresa o persona oferta o compra en bolsas de valores. Existen diferentes calidades. 
3. Existen aranceles que pagan las importaciones al menos que vayan a ser procesados y exportados (ej. beneficio 2989), el DAI en la mayoría de casos es de 10%  más IVA de 12%, más ISR y otros. Esto va desde carros a cebolla a frijoles y arroz. 
No se quejan de todos los carros importados pero aún así las agencias venden más y está en manos de pocos grupos. 
4. Los margenes netos de las industrias mencionadas a disminuido. Expliquen porque.
5. Estas empresas siguen porque han conseguido la manera de hacerlo rentable, pero cualquiera puede producir, vender, importar o exportar. La diferencia es que no saben cómo hacerlo y no tienen el dinero (la verdadera barrera de entrada). 
6. El ingenio que hablan no está en otro país por las condiciones que mencionan, lo cual desacredita que todo lo que digan sea cierto.","En resumen son periodistas patéticos y poco profesionales. Si van a dar información, no la den a medias. 1. Existe inflación, la cual fue más alta que los datos que están proporcionado, esto afecta a las empresas o el propósito es que ahora las empresas subsidien lo que venden? 2. Los precios internacionales aplican cuando una empresa o persona oferta o compra en bolsas de valores. Existen diferentes calidades. 3. Existen aranceles que pagan las importaciones al menos que vayan a ser procesados y exportados (ej. beneficio 2989), el DAI en la mayoría de casos es de 10% más IVA de 12%, más ISR y otros. Esto va desde carros a cebolla a frijoles y arroz. No se quejan de todos los carros importados pero aún así las agencias venden más y está en manos de pocos grupos. 4. Los margenes netos de las industrias mencionadas a disminuido. Expliquen porque. 5. Estas empresas siguen porque han conseguido la manera de hacerlo rentable, pero cualquiera puede producir, vender, importar o exportar. La diferencia es que no saben cómo hacerlo y no tienen el dinero (la verdadera barrera de entrada). 6. El ingenio que hablan no está en otro país por las condiciones que mencionan, lo cual desacredita que todo lo que digan sea cierto.",resumir periodista patetico profesional informacion media inflacion alto dato proporcionado afectar empresa proposito empresa subsidien vender precio internacional aplicar empresa person oferta comprar bolsa valor calidad arancel pagar importacion procesar exportado beneficio dai mayoria caso ivo isr carro cebollo frijol arroz quejar carro importado agencia vender mano grupo margen neto industria mencionado disminuido explicar empresa seguir conseguido rentable cualquiera producir vender importar exportar diferencia dinero barrera entrada ingenio condicion mencionar desacredita digan,0,0,1237,0,@quorumgt/videos,channel,NEG,0.923013,0.072542,0.004445,0.923013,0.850472,0.288339,"polaridad negativa (critica, queja, rechazo, insulto)",False,pysentimiento/robertuito-sentiment-analysis
UgyZ2zEvW_CClk8k15F4AaABAg,j43HgwYFKfk,La cooptación de Walter Mazariegos en la USAC,UCE4rsXcgDb6e1-a9iTbWzfg,Quorum,UCW-JC6lebVmf2P1dmY_L94g,@dinoraoroxon5771,"Felicitaciones,muy buena información sobre  ese caso ni los medios informan la veracidad de todo esto,en verdad felicitaciones ojala todos los universitarios fieran como usted,sigan peleando sus derechos","Felicitaciones,muy buena información sobre ese caso ni los medios informan la veracidad de todo esto,en verdad felicitaciones ojala todos los universitarios fieran como usted,sigan peleando sus derechos",felicitacion informacion caso informar veracidad felicitacion ojalir universitario feir seguir pelear derecho,0,0,203,0,@quorumgt,topic,POS,0.015036,0.079405,0.905559,0.905559,0.826154,0.354094,"polaridad positiva (aprobacion, agradecimiento, elogio, apoyo)",False,pysentimiento/robertuito-sentiment-analysis
Ugy_6i8lJAd2eVIRNjx4AaABAg,j43HgwYFKfk,La cooptación de Walter Mazariegos en la USAC,UCE4rsXcgDb6e1-a9iTbWzfg,Quorum,UCgJNFj5dnxXpcMvmuhZDPxA,@NataliaRodriguez-rx5mr,Excelente vídeo!,Excelente vídeo!,excelente video,1,0,16,0,@quorumgt,topic,POS,0.011401,0.072149,0.91645,0.91645,0.8443,0.320648,"polaridad positiva (aprobacion, agradecimiento, elogio, apoyo)",False,pysentimiento/robertuito-sentiment-analysis
Ugy__nsWCBggw9EzOUd4AaABAg,n8iP75gIpmw,Qué rico come tu diputado,UCE4rsXcgDb6e1-a9iTbWzfg,Quorum,UCFoIAE8k82D6AV-8gjjKaNg,@eddymunoz9789,"Lo que sucede señor diputado es que por trabajar en favor de la población es su trabajo y se le paga por eso, no le podemos quemar cuetes por cada dis que logro, asi que si es justo que los Respetables Periodistas investiguen las anomalías, no quiera darle vuelta a la tortilla😅😅😅😅 pues usted lobdice de forma tan fantaciosa como si a usted se le debiera celebrar el que trabaja!","Lo que sucede señor diputado es que por trabajar en favor de la población es su trabajo y se le paga por eso, no le podemos quemar cuetes por cada dis que logro, asi que si es justo que los Respetables Periodistas investiguen las anomalías, no quiera darle vuelta a la tortilla emoji cara sonriendo con sudor frío emoji emoji cara sonriendo con sudor frío emoji emoji cara sonriendo con sudor frío emoji pues usted lobdice de forma tan fantaciosa como si a usted se le debiera celebrar el que trabaja!",suceder senor diputado trabajar favor poblacion trabajo pagar quemar cuet dis logro justo respetabl periodista investigar anomalia querer dar el vuelta tortilla lobdizar forma fantacios deber celebrar trabajar,1,1,379,4,@quorumgt/videos,channel,NEG,0.904903,0.08771,0.007388,0.904903,0.817193,0.340144,"polaridad negativa (critica, queja, rechazo, insulto)",False,pysentimiento/robertuito-sentiment-analysis
Ugy__nsWCBggw9EzOUd4AaABAg.A7lbRpGUZoHA7nJxaD37u-,n8iP75gIpmw,Qué rico come tu diputado,UCE4rsXcgDb6e1-a9iTbWzfg,Quorum,UCFjudnPLoaSL1BaRuLahyHg,@HaroldoCastillo-rh9iw,Cierto.,Cierto.,,1,0,7,0,@quorumgt/videos,channel,NEU,0.242351,0.479629,0.278021,0.479629,0.201608,1.051787,"polaridad neutra (informativo, pregunta, sin carga afectiva clara)",True,pysentimiento/robertuito-sentiment-analysis
Ugy_ejYOfCK6ERWL_dt4AaABAg,j43HgwYFKfk,La cooptación de Walter Mazariegos en la USAC,UCE4rsXcgDb6e1-a9iTbWzfg,Quorum,UCe8JZoYkX5oKUZyivHYdXhw,@FernandoGarcia-jg1fj,"Entiendo lo grave de mi alma mater, ahora decir puchica, simon ya vas no hace más cercano el mensaje aleja la gravedad de este, esta hablando con universitarios no con sus cuates, los del barrio o perdón  la mara, por esa eterna adolescencia es que nadie lo trata con seriedad","Entiendo lo grave de mi alma mater, ahora decir puchica, simon ya vas no hace más cercano el mensaje aleja la gravedad de este, esta hablando con universitarios no con sus cuates, los del barrio o perdón la mara, por esa eterna adolescencia es que nadie lo trata con seriedad",entender grave alma mater puchico simon vas cercano mensaje alejar gravedad hablar universitario cuat barrio perdon mara eterno adolescencia seriedad,0,0,276,0,@quorumgt,topic,NEG,0.948218,0.049724,0.002058,0.948218,0.898493,0.212385,"polaridad negativa (critica, queja, rechazo, insulto)",False,pysentimiento/robertuito-sentiment-analysis
Ugy_hCCLd8GwWbnIbsd4AaABAg,ndAZjHqzzT8,Internet: escoger el menos malo,UCE4rsXcgDb6e1-a9iTbWzfg,Quorum,UCnU8wO1OurAmGstDw6VGjgQ,@cmorera21,"Excelente video, gracias por contarnos cómo son este par de empresas cuando están solitas en un pais. Y pensar que aquí en Costa Rica nos quejamos por mucho menos. Le cuento como es aquí:
Yo soy cliente de Claro en el celular y la verdad, aunque la cobertura ha mejorado mucho, aún le falta. Eso si, la velocidad de internet y claridad al llamar son excelentes y las facturas muy claras.
Tengo Tigo residencial y no me puedo quejar, la velocidad es estable y falla muy poco dónde vivo. Y eso que no vivo para nada en la capital ni una cabecera de provincia, como les decimos aquí. A veces ha pasado que hasta hay huracanes y el internet como si nada. Aquí la ley indica que un cliente de servicio celular puede cambiarse hasta 5 veces de operador/plan por año y seguir con su número, el cuál es un derecho del cliente y cuyo dueño legal es la Sutel, la superintendencia de aquí.
El 3er competidor es el estatal ICE que también tiene aún buena cuota de mercado.
Hay muchas cableras regionales aparte de las 4 grandes nacionales (Tigo, Liberty (antes Movistar), Telecable y Kolbi que es del ICE).
Claro como proveedor de tv satelital está por todo el país, pero en fibra óptica apenas en algunos distritos de San José, la capital del país. El problema para los que tenemos Tigo (único proveedor en mi barrio) es que no hay servicio de fibra, solo cobre aún, y eso que hasta el ICE ya está reemplazado sus viejas líneas de par de cobre por fibra en todo el país.
En fin, solo quería contarle cómo funciona en otro país del área.","Excelente video, gracias por contarnos cómo son este par de empresas cuando están solitas en un pais. Y pensar que aquí en Costa Rica nos quejamos por mucho menos. Le cuento como es aquí: Yo soy cliente de Claro en el celular y la verdad, aunque la cobertura ha mejorado mucho, aún le falta. Eso si, la velocidad de internet y claridad al llamar son excelentes y las facturas muy claras. Tengo Tigo residencial y no me puedo quejar, la velocidad es estable y falla muy poco dónde vivo. Y eso que no vivo para nada en la capital ni una cabecera de provincia, como les decimos aquí. A veces ha pasado que hasta hay huracanes y el internet como si nada. Aquí la ley indica que un cliente de servicio celular puede cambiarse hasta 5 veces de operador/plan por año y seguir con su número, el cuál es un derecho del cliente y cuyo dueño legal es la Sutel, la superintendencia de aquí. El 3er competidor es el estatal ICE que también tiene aún buena cuota de mercado. Hay muchas cableras regionales aparte de las 4 grandes nacionales (Tigo, Liberty (antes Movistar), Telecable y Kolbi que es del ICE). Claro como proveedor de tv satelital está por todo el país, pero en fibra óptica apenas en algunos distritos de San José, la capital del país. El problema para los que tenemos Tigo (único proveedor en mi barrio) es que no hay servicio de fibra, solo cobre aún, y eso que hasta el ICE ya está reemplazado sus viejas líneas de par de cobre por fibra en todo el país. En fin, solo quería contarle cómo funciona en otro país del área.",excelente video contarno par empresa solito pensar costa rico quejar cuento cliente celular cobertura mejorado faltar velocidad internet claridad llamar excelente factura tigo residencial quejar velocidad estable falla vivo vivo capital cabecero provincia decimos huracan internet ley indicar cliente servicio celular cambiar el operador plan ano seguir numero derecho cliente cuyo dueno legal sutel superintendenciar 3er competidor estatal ice cuota mercado cablera regional aparte nacional tigo liberty movistar telecable kolbi ice proveedor satelital fibra opticar distritos san jo el capital problema tigo unico proveedor barrio servicio fibra cobre izar reemplazado vieja line par cobre fibra querio contar el funciona areo,0,0,1525,0,@quorumgt/videos,channel,NEU,0.095199,0.485644,0.419158,0.485644,0.066486,0.939119,"polaridad neutra (informativo, pregunta, sin carga afectiva clara)",True,pysentimiento/robertuito-sentiment-analysis
Ugyav8Au2cT8yVfYgp54AaABAg,PjmxCj-a9Hg,Conferencia de Prensa del Gobierno de Guatemala. #LaRondaGt,UC-ZtFBHzgkYFh7whZkuR_Ag,Gobierno de la República de Guatemala,UCf5lnNZF7Qrtli9v4N_23WQ,@CarlosCortez-v5r,Platiquen de petróleo  y del hospital de rabinal que paso,Platiquen de petróleo y del hospital de rabinal que paso,platicar petroleo hospital rabinal paso,0,0,57,0,@GobiernodeGuatemala,topic,NEU,0.481394,0.504683,0.013923,0.504683,0.023289,0.756556,"polaridad neutra (informativo, pregunta, sin carga afectiva clara)",False,pysentimiento/robertuito-sentiment-analysis
Ugyb2uIeZGcNljNqap94AaABAg,j43HgwYFKfk,La cooptación de Walter Mazariegos en la USAC,UCE4rsXcgDb6e1-a9iTbWzfg,Quorum,UCW80DaMjQlEUibC98Cot-Dg,@rogeraldana4289,"Que pena que estos pusilánimes muertos de hambre de poder estén llevando a la Universidad a denigrar la democracia en Guatemala empezando con sus elecciones fraudulentas. 
Pero si bien es cierto todo lo mal habido se acaba.",Que pena que estos pusilánimes muertos de hambre de poder estén llevando a la Universidad a denigrar la democracia en Guatemala empezando con sus elecciones fraudulentas. Pero si bien es cierto todo lo mal habido se acaba.,pena pusilanim muerto hambrir universidad denigrar democracia guatemalo empezar eleccion fraudulento acabar,0,0,223,0,@quorumgt/videos,channel,NEG,0.9812,0.014154,0.004646,0.9812,0.967046,0.103842,"polaridad negativa (critica, queja, rechazo, insulto)",False,pysentimiento/robertuito-sentiment-analysis
UgycKHbiLBi0WcSs8sh4AaABAg,n8iP75gIpmw,Qué rico come tu diputado,UCE4rsXcgDb6e1-a9iTbWzfg,Quorum,UCL13XhnRzbGokEkCkEOb0-g,@raquelprado3643,Nunca trabajan para el pueblo si no para si mismos,Nunca trabajan para el pueblo si no para si mismos,trabajar pueblo,7,0,50,0,@quorumgt/videos,channel,NEG,0.901413,0.086892,0.011695,0.901413,0.814522,0.35787,"polaridad negativa (critica, queja, rechazo, insulto)",False,pysentimiento/robertuito-sentiment-analysis
UgyciTatiqHr2BpFTqJ4AaABAg,j43HgwYFKfk,La cooptación de Walter Mazariegos en la USAC,UCE4rsXcgDb6e1-a9iTbWzfg,Quorum,UCDrmf9y9nLgFY5wnA2hTuGA,@laboratorio5528,Excelente vídeo!! Sería bueno extender este video y mencionar los nombres y facultades a los representantes que ya estan ilegalmente en su cargo,Excelente vídeo!! Sería bueno extender este video y mencionar los nombres y facultades a los representantes que ya estan ilegalmente en su cargo,excelente video extender video mencionar nombre facultad representant ilegalmente cargo,1,0,144,0,@quorumgt,topic,NEU,0.025244,0.581442,0.393314,0.581442,0.188127,0.775181,"polaridad neutra (informativo, pregunta, sin carga afectiva clara)",False,pysentimiento/robertuito-sentiment-analysis
UgydkbyzemdvsBJrYxt4AaABAg,n8iP75gIpmw,Qué rico come tu diputado,UCE4rsXcgDb6e1-a9iTbWzfg,Quorum,UCTD6q1nyIe3Y7HhqjaMj72w,@JuanChang-r6k,"Entonces, no se postulen para diputados si dicen que no alcanza el dinero","Entonces, no se postulen para diputados si dicen que no alcanza el dinero",postular diputado alcanzar dinero,8,0,73,0,@quorumgt/videos,channel,NEG,0.807964,0.183046,0.00899,0.807964,0.624918,0.52546,"polaridad negativa (critica, queja, rechazo, insulto)",False,pysentimiento/robertuito-sentiment-analysis
UgyeTw07aydjDqK4crN4AaABAg,lj983NWyAQY,Plan 2032 Ciudad de Guatemala,UCXa6LVjBzUtmcM3cwbd9e2w,Municipalidad de Guatemala,UC0aEyakBPqcBkVJiErfSupQ,@jhonymanuel9891,Wow una ciudad de futuro,Wow una ciudad de futuro,wow ciudad futuro,70,0,24,0,Municipalidad de Guatemala,topic,POS,0.007245,0.119008,0.873746,0.873746,0.754738,0.406943,"polaridad positiva (aprobacion, agradecimiento, elogio, apoyo)",False,pysentimiento/robertuito-sentiment-analysis
Ugyeb8_nptWKXnFXH8F4AaABAg,n8iP75gIpmw,Qué rico come tu diputado,UCE4rsXcgDb6e1-a9iTbWzfg,Quorum,UChs3tU2BcKOT0CezykvAsGw,@byronpontaza,"Porque este programa no habla de la corrupción, de los negocios de Miguelito y Giamatei, o será que ellos les pagan","Porque este programa no habla de la corrupción, de los negocios de Miguelito y Giamatei, o será que ellos les pagan",programa corrupcion negocio miguelito giamatei pagar,1,0,115,0,@quorumgt/videos,channel,NEG,0.83876,0.149676,0.011563,0.83876,0.689084,0.483327,"polaridad negativa (critica, queja, rechazo, insulto)",False,pysentimiento/robertuito-sentiment-analysis
Ugyejets0FNr0Zh-VuZ4AaABAg,n8iP75gIpmw,Qué rico come tu diputado,UCE4rsXcgDb6e1-a9iTbWzfg,Quorum,UC650pRT-OYzny3GwOH8Cgfw,@edvinparedesherrera7632,Que indignante saber como se artan estos coches y finalmente el pueblo esta ciendo dañado,Que indignante saber como se artan estos coches y finalmente el pueblo esta ciendo dañado,indignante artar coche finalmente pueblo ceir danado,1,0,89,0,@quorumgt/videos,channel,NEG,0.985907,0.011915,0.002178,0.985907,0.973992,0.080126,"polaridad negativa (critica, queja, rechazo, insulto)",False,pysentimiento/robertuito-sentiment-analysis
UgyfMf4MkQsDKavjbLV4AaABAg,n8iP75gIpmw,Qué rico come tu diputado,UCE4rsXcgDb6e1-a9iTbWzfg,Quorum,UC9vMq1YF-e7C-VO0SHkbUTA,@ErvinLeonardoCarreraLatín,P..... Como no es su dinero  les vale v....,P... Como no es su dinero les vale v...,dinero valer,0,0,43,0,@quorumgt/videos,channel,NEG,0.916035,0.068384,0.015581,0.916035,0.847651,0.32863,"polaridad negativa (critica, queja, rechazo, insulto)",False,pysentimiento/robertuito-sentiment-analysis
UgyhYgz2ilvm1-T5IW94AaABAg,j43HgwYFKfk,La cooptación de Walter Mazariegos en la USAC,UCE4rsXcgDb6e1-a9iTbWzfg,Quorum,UCWoAVGVqCn4xtINCMOTM4jg,@OmarMartinez-vv8re,"Esto es lo que los poderosos quieren esconder, sacan noticias a medias que confunden, si no acatan una orden para reinstalar a uno de sus miembros, que podemos esperar??? Entonces?? La ley es para unos y no para todos??...La San  Carlos ya no le pertenece ni representan al pueblo, "" Las ratas hacen fiesta en casa del gato""..😢","Esto es lo que los poderosos quieren esconder, sacan noticias a medias que confunden, si no acatan una orden para reinstalar a uno de sus miembros, que podemos esperar??? Entonces?? La ley es para unos y no para todos??...La San Carlos ya no le pertenece ni representan al pueblo, "" Las ratas hacen fiesta en casa del gato"".. emoji cara llorando emoji",poderoso querer esconder sacar noticia confundir acatar orden reinstalar miembro esperar ley san carlos pertenecer representar pueblo rata fiesta casa gato,0,0,327,1,@quorumgt/videos,channel,NEG,0.980662,0.016968,0.00237,0.980662,0.963694,0.102645,"polaridad negativa (critica, queja, rechazo, insulto)",False,pysentimiento/robertuito-sentiment-analysis
UgyiGiWPuiTR2hkzmVd4AaABAg,n8iP75gIpmw,Qué rico come tu diputado,UCE4rsXcgDb6e1-a9iTbWzfg,Quorum,UCDPWkUX3sNNaCx-m1dV4glA,@hectoroliva949,Solo giamagyey penso en grandes proyectos la coaptacion total del estado y el gran proyecto de corrupcion,Solo giamagyey penso en grandes proyectos la coaptacion total del estado y el gran proyecto de corrupcion,giamagyey penso proyecto coaptacion proyecto corrupcion,0,0,105,0,@quorumgt/videos,channel,NEG,0.901511,0.088073,0.010416,0.901511,0.813438,0.354994,"polaridad negativa (critica, queja, rechazo, insulto)",False,pysentimiento/robertuito-sentiment-analysis
UgyiegHTZAVz8J4Ogvt4AaABAg,j43HgwYFKfk,La cooptación de Walter Mazariegos en la USAC,UCE4rsXcgDb6e1-a9iTbWzfg,Quorum,UCsGoJEvb-cFPZ2rWoJcXzEQ,@sergiohinestroza9709,La felicito señorita; al rin hubo una valiente. Dios con usted  !!!,La felicito señorita; al rin hubo una valiente. Dios con usted !!!,felicito senoritar rin valiente dios,10,0,67,0,@quorumgt,topic,POS,0.006562,0.035833,0.957604,0.957604,0.921771,0.193754,"polaridad positiva (aprobacion, agradecimiento, elogio, apoyo)",False,pysentimiento/robertuito-sentiment-analysis
UgyihMW-pXKI2cEDqWx4AaABAg,n8iP75gIpmw,Qué rico come tu diputado,UCE4rsXcgDb6e1-a9iTbWzfg,Quorum,UCXXh7yg5KUFIWylTiKVEFKQ,@MrDuenderojo,Siguen con las mismas mañas....los diputados acostumbrados a estar de gorriones....,Siguen con las mismas mañas...los diputados acostumbrados a estar de gorriones...,seguir mana diputado acostumbrado gorrion,1,0,83,0,@quorumgt/videos,channel,NEG,0.933879,0.055544,0.010577,0.933879,0.878335,0.272556,"polaridad negativa (critica, queja, rechazo, insulto)",False,pysentimiento/robertuito-sentiment-analysis
UgyisqlInC7oBNbU95Z4AaABAg,n8iP75gIpmw,Qué rico come tu diputado,UCE4rsXcgDb6e1-a9iTbWzfg,Quorum,UC5H8ASmMC9WrURmzeB4ySog,@ManuelEdran,Lleve su lonchera...,Lleve su lonchera...,lonchero,1,0,20,0,@quorumgt/videos,channel,NEU,0.056951,0.714975,0.228074,0.714975,0.486901,0.740189,"polaridad neutra (informativo, pregunta, sin carga afectiva clara)",False,pysentimiento/robertuito-sentiment-analysis
Ugyk3PqfIuDEuXyeb494AaABAg,n8iP75gIpmw,Qué rico come tu diputado,UCE4rsXcgDb6e1-a9iTbWzfg,Quorum,UCfM3nrxtTQMY5jFx1v1J4Gg,@edgarroldan5539,Cabal con pisto robado c asen micos y pericos lo de productivo para el país queda muy lejos,Cabal con pisto robado c asen micos y pericos lo de productivo para el país queda muy lejos,cabal pisto robado mico perico productivo quedar lejos,0,0,91,0,@quorumgt/videos,channel,NEG,0.875383,0.108468,0.01615,0.875383,0.766915,0.424079,"polaridad negativa (critica, queja, rechazo, insulto)",False,pysentimiento/robertuito-sentiment-analysis
UgykKTDDGdoiNQIuYJd4AaABAg,n8iP75gIpmw,Qué rico come tu diputado,UCE4rsXcgDb6e1-a9iTbWzfg,Quorum,UCp4iw5_5SmV9VGTFSNVGOmQ,@CARLOSSTREMS51,"Quien no lo conoce que lo compre, este fue mano derecha y achichincle de Baldizón en LIDER. Andaban en helicoptero pagado por los financistas que iban a cobrar con creces si llegaban al poder. Este es un Dipucaco","Quien no lo conoce que lo compre, este fue mano derecha y achichincle de Baldizón en LIDER. Andaban en helicoptero pagado por los financistas que iban a cobrar con creces si llegaban al poder. Este es un Dipucaco",compre mano derecho achichincle baldizon lider andar helicoptero pagado financista cobrar creces llegar dipucaco,0,0,212,0,@quorumgt/videos,channel,NEG,0.852889,0.119061,0.028049,0.852889,0.733828,0.489336,"polaridad negativa (critica, queja, rechazo, insulto)",False,pysentimiento/robertuito-sentiment-analysis
UgymHCpILRINq5oT_7B4AaABAg,lj983NWyAQY,Plan 2032 Ciudad de Guatemala,UCXa6LVjBzUtmcM3cwbd9e2w,Municipalidad de Guatemala,UCIp19h9igblA2YKfSLPDAug,@JoseReyes-rn6sh,"FORTALEZCAMOS A NUESTRA BELLÍSIMA GUATEMALA


GUATEMALTECOS Y GUATEMALTECAS UNIDOS


ESTAN CONMIGO?",FORTALEZCAMOS A NUESTRA BELLÍSIMA GUATEMALA GUATEMALTECOS Y GUATEMALTECAS UNIDOS ESTAN CONMIGO?,fortalezcamos bellisimo guatemala guatemalteco guatemalteco unido,14,1,99,0,Municipalidad de Guatemala,topic,POS,0.031949,0.277906,0.690145,0.690145,0.412239,0.721813,"polaridad positiva (aprobacion, agradecimiento, elogio, apoyo)",False,pysentimiento/robertuito-sentiment-analysis
UgymHZwhYtsW9EYkxdl4AaABAg,n8iP75gIpmw,Qué rico come tu diputado,UCE4rsXcgDb6e1-a9iTbWzfg,Quorum,UCQtICyzWmhC5woCtbNgaSmg,@nestormendez6216,"Nery Rodas entienda. los fondos públicos no son para pagar comida de nadie. En lo privado ok. Es para generar negocios.
En lo público paguen de su sueldo. Punto.",Nery Rodas entienda. los fondos públicos no son para pagar comida de nadie. En lo privado ok. Es para generar negocios. En lo público paguen de su sueldo. Punto.,nery roda entender fondo publico pagar comida privado generar negocio publico pagar sueldo punto,5,0,161,0,@quorumgt/videos,channel,NEU,0.3904,0.562355,0.047244,0.562355,0.171955,0.835117,"polaridad neutra (informativo, pregunta, sin carga afectiva clara)",False,pysentimiento/robertuito-sentiment-analysis
Ugynh0Cq17X889qHS0J4AaABAg,n8iP75gIpmw,Qué rico come tu diputado,UCE4rsXcgDb6e1-a9iTbWzfg,Quorum,UCwha8rxULYMVtNwZWeSkE1A,@mariasamo8637,No sé si todos los del Cabal son corruptos; pero Nery Rodas es un descarado corrupto.,No sé si todos los del Cabal son corruptos; pero Nery Rodas es un descarado corrupto.,cabal corrupto nery roda descarar corrupto,0,0,85,0,@quorumgt/videos,channel,NEG,0.870131,0.110695,0.019174,0.870131,0.759436,0.440499,"polaridad negativa (critica, queja, rechazo, insulto)",False,pysentimiento/robertuito-sentiment-analysis
UgyoRKhs1yP8oKoD3uh4AaABAg,j43HgwYFKfk,La cooptación de Walter Mazariegos en la USAC,UCE4rsXcgDb6e1-a9iTbWzfg,Quorum,UCylqlpsh8ENNM1LqgQ1KbxA,@Jel.Awesh.M,Fuera Mazarriegos,Fuera Mazarriegos,mazarriego,0,0,17,0,@quorumgt,topic,NEG,0.626069,0.315822,0.058109,0.626069,0.310247,0.822539,"polaridad negativa (critica, queja, rechazo, insulto)",False,pysentimiento/robertuito-sentiment-analysis
UgyoglGwyV2PhIAvHdt4AaABAg,j43HgwYFKfk,La cooptación de Walter Mazariegos en la USAC,UCE4rsXcgDb6e1-a9iTbWzfg,Quorum,UCHbwIx9pmQuf7i-4_xO2EpA,@caminoseternos752,"Excelente información, necesitaba saber y esta bastante claro... Ahora entiendo mejor 😢","Excelente información, necesitaba saber y esta bastante claro... Ahora entiendo mejor emoji cara llorando emoji",excelente informacion necesitar enteir,0,0,87,1,@quorumgt,topic,POS,0.044221,0.358283,0.597497,0.597497,0.239214,0.813373,"polaridad positiva (aprobacion, agradecimiento, elogio, apoyo)",False,pysentimiento/robertuito-sentiment-analysis
UgyqA5EpXnBPn_uH-KB4AaABAg,j43HgwYFKfk,La cooptación de Walter Mazariegos en la USAC,UCE4rsXcgDb6e1-a9iTbWzfg,Quorum,UCu8_3-Wg-YzNyvHYQDEscfw,@RolandoCastroPérez-d7y,Y por que no manifiestan contra toda esa mafia ante los tribunales?. Se que hay mucha suciedad en la justicia pero se debe hacer algo.,Y por que no manifiestan contra toda esa mafia ante los tribunales?. Se que hay mucha suciedad en la justicia pero se debe hacer algo.,manifestar mafia tribunal suciedad justicia,2,0,134,0,@quorumgt,topic,NEG,0.926323,0.066036,0.007642,0.926323,0.860287,0.287597,"polaridad negativa (critica, queja, rechazo, insulto)",False,pysentimiento/robertuito-sentiment-analysis
Ugyr_-OfFbHlc9uWhg94AaABAg,OkXlHx0hx-8,EE.UU. envía a mexicanos deportados a Guatemala antes de su regreso a México | Noticias Telemundo,UCRwA1NUcUnwsly35ikGhp0A,Noticias Telemundo,UCIgoiXdIKJyUGmUoH2Lxdzg,@susievidal4134,Bueno los otros países tampoco queremos criminal es de México que los mandé a su país donde nacieron. Costa Rica lleva años aguantando gente de otros países ya no necesitamos más crimen en nuestro país.,Bueno los otros países tampoco queremos criminal es de México que los mandé a su país donde nacieron. Costa Rica lleva años aguantando gente de otros países ya no necesitamos más crimen en nuestro país.,criminal mexico mande nacer costa rico ano aguantar necesitar crimar,3,0,202,0,guatemala noticias,topic,NEG,0.8844,0.098282,0.017318,0.8844,0.786117,0.406894,"polaridad negativa (critica, queja, rechazo, insulto)",False,pysentimiento/robertuito-sentiment-analysis
UgysnIFZt6-_f2iGbid4AaABAg,06mFNPU0aB8,Capturan a presuntos delincuentes disfrazados de mujer señalados de cometer asalto,UCVpSRoZgngfSL03Nlbjtq9A,Noti7,UCXN2s7DwTJm33xO-pNkAdaA,@edithsan7688,Buen trabajo,Buen trabajo,trabajo,0,0,12,0,guatemala noticias,topic,POS,0.089021,0.411797,0.499182,0.499182,0.087384,0.927512,"polaridad positiva (aprobacion, agradecimiento, elogio, apoyo)",True,pysentimiento/robertuito-sentiment-analysis
UgysqnYM0p-_jyWisMJ4AaABAg,lj983NWyAQY,Plan 2032 Ciudad de Guatemala,UCXa6LVjBzUtmcM3cwbd9e2w,Municipalidad de Guatemala,UCgLrWFdYitoP-b7-PxtUr-w,@zetag,Quiero vivir en esa Guatemala :v,Quiero vivir en esa Guatemala :v,querer vivir guatemala,405,3,32,0,Municipalidad de Guatemala,topic,NEU,0.089865,0.746924,0.163212,0.746924,0.583712,0.730326,"polaridad neutra (informativo, pregunta, sin carga afectiva clara)",False,pysentimiento/robertuito-sentiment-analysis
UgysslM7dkNnQ1JT7Mh4AaABAg,j43HgwYFKfk,La cooptación de Walter Mazariegos en la USAC,UCE4rsXcgDb6e1-a9iTbWzfg,Quorum,UCAKuKvcbfnBD3kF5njNu-IA,@melvinlopez7096,Excelente información!,Excelente información!,excelente informacion,0,0,22,0,@quorumgt,topic,POS,0.009274,0.082901,0.907825,0.907825,0.824924,0.337628,"polaridad positiva (aprobacion, agradecimiento, elogio, apoyo)",False,pysentimiento/robertuito-sentiment-analysis
UgyuZ00FMdgmao7sNMx4AaABAg,n8iP75gIpmw,Qué rico come tu diputado,UCE4rsXcgDb6e1-a9iTbWzfg,Quorum,UCFxE8GbokBrBsPEKM1xrOjQ,@JuanDavila-qd7qj,"Todo muy caro,canasta básica,transporte,y que barbaridad ,no tienen conciencia,cuántos pacientes muriendo por medicinas caras,estos diputados no tendrían que ejercer este cargo,pueblo dormido,este es un gran corrupto,vamos,une,vos, valor , todos corruptos","Todo muy caro,canasta básica,transporte,y que barbaridad ,no tienen conciencia,cuántos pacientes muriendo por medicinas caras,estos diputados no tendrían que ejercer este cargo,pueblo dormido,este es un gran corrupto,vamos,une,vos, valor , todos corruptos",caro canasta basico transporte barbaridad conciencio paciente morir medicina cara diputado ejercer cargo pueblo dormido corrupto unir valor corrupto,10,0,255,0,@quorumgt/videos,channel,NEG,0.974235,0.021801,0.003964,0.974235,0.952434,0.130758,"polaridad negativa (critica, queja, rechazo, insulto)",False,pysentimiento/robertuito-sentiment-analysis
Ugyuk_4Gq9tbJjGZVRl4AaABAg,n8iP75gIpmw,Qué rico come tu diputado,UCE4rsXcgDb6e1-a9iTbWzfg,Quorum,UCh5ESQvtzyHDhCA7XyekCFA,@andyB5280,"Y las cosas no cambian, ellos siguen haciendo pobrecitos cómo sufren, mientras jenye de muere por la compra de medicamentos y no tienen para comprarla .","Y las cosas no cambian, ellos siguen haciendo pobrecitos cómo sufren, mientras jenye de muere por la compra de medicamentos y no tienen para comprarla .",cambiar seguir pobrecito sufrir jenye morir comprar medicamento comprar el,3,0,152,0,@quorumgt/videos,channel,NEG,0.972292,0.024103,0.003605,0.972292,0.948189,0.137393,"polaridad negativa (critica, queja, rechazo, insulto)",False,pysentimiento/robertuito-sentiment-analysis
UgyvMO5z1LjtvyRIIxd4AaABAg,is3Mk5oC19g,Capturan a ladrón que había quedado grabado mientras robaba en una parroquia de Retalhuleu,UCt5Dw7ePnn0AqPqRF8Xpjkw,TN23 Guatemala,UCk4O-J1BhoqPmig1KLGJePA,@lazarobarillas3575,Claro....hechor y consentidor pena por igual😮😮😮😮😮😮😮,Claro...hechor y consentidor pena por igual emoji cara con la boca abierta emoji emoji cara con la boca abierta emoji emoji cara con la boca abierta emoji,hechor consentidor pena,0,0,51,7,guatemala noticias,topic,NEG,0.62113,0.353627,0.025243,0.62113,0.267503,0.756264,"polaridad negativa (critica, queja, rechazo, insulto)",False,pysentimiento/robertuito-sentiment-analysis
UgyvSxtnuw9xRiNU5tl4AaABAg,j43HgwYFKfk,La cooptación de Walter Mazariegos en la USAC,UCE4rsXcgDb6e1-a9iTbWzfg,Quorum,UCUoYsrx1oZnCZ0usbBJn4fA,@AnaDiaz-re9sq,"Ese Luis Cordón, si que es valiente el resto de consejeros son lame botas","Ese Luis Cordón, si que es valiente el resto de consejeros son lame botas",luis cordon valiente resto consejero lamer bota,1,0,73,0,@quorumgt/videos,channel,NEG,0.932446,0.040159,0.027394,0.932446,0.892287,0.292876,"polaridad negativa (critica, queja, rechazo, insulto)",False,pysentimiento/robertuito-sentiment-analysis
UgyxvyPVCur3jgc_1mx4AaABAg,b_Hkrkl3adA,Bloqueos en Guatemala este 31 de agosto por alza en combustibles afectan rutas principales,UCEepOY2svuxbsJ-zsAPT9Fg,PrensaLibreOficial,UCHu8x4MVkayU6VgwVKd--MQ,@Hernandez-i1o,Asquerosos dilicuentes empresas del belzebu y Buda asqueroso gobierno chueco del Don Arévalo nada hace por la población Guatemalteca y los asquerosas y asquerosos diputados del congreso de la república,Asquerosos dilicuentes empresas del belzebu y Buda asqueroso gobierno chueco del Don Arévalo nada hace por la población Guatemalteca y los asquerosas y asquerosos diputados del congreso de la república,asqueroso dilicuent empresa belzebu budo asqueroso gobierno chueco don arevalo poblacion guatemalteco asquerosa asqueroso diputado congreso republico,1,0,201,0,guatemala noticias,topic,NEG,0.974194,0.019863,0.005943,0.974194,0.954332,0.133771,"polaridad negativa (critica, queja, rechazo, insulto)",False,pysentimiento/robertuito-sentiment-analysis
UgyypM6Ts6Ut_EuFcdN4AaABAg,n8iP75gIpmw,Qué rico come tu diputado,UCE4rsXcgDb6e1-a9iTbWzfg,Quorum,UC-jS_kA9w-OmpupXDx156Rg,@simoncreyesc7579,Y pueblo muriéndose del ambre ve hijos de su mera madre,Y pueblo muriéndose del ambre ve hijos de su mera madre,pueblo morir el ambre hijo mero madre,2,0,55,0,@quorumgt/videos,channel,NEG,0.970505,0.022474,0.007021,0.970505,0.94803,0.149171,"polaridad negativa (critica, queja, rechazo, insulto)",False,pysentimiento/robertuito-sentiment-analysis
Ugyyx5lXrgFXsraCIMh4AaABAg,n8iP75gIpmw,Qué rico come tu diputado,UCE4rsXcgDb6e1-a9iTbWzfg,Quorum,UC9vMq1YF-e7C-VO0SHkbUTA,@ErvinLeonardoCarreraLatín,P..   si tengo hambre que le quitó un pedazo de ferrocarril mi...,P.. si tengo hambre que le quitó un pedazo de ferrocarril mi...,hambre quito pedazo ferrocarril,0,0,65,0,@quorumgt/videos,channel,NEG,0.695833,0.294357,0.00981,0.695833,0.401477,0.657692,"polaridad negativa (critica, queja, rechazo, insulto)",False,pysentimiento/robertuito-sentiment-analysis
UgyzKNq94Z4Y2GSth514AaABAg,yLZS3JiEBg8,Arroz con pollo a la MONOPOLIO,UCE4rsXcgDb6e1-a9iTbWzfg,Quorum,UChT7pzGytNd92Nmvi-zuWog,@sparkvalkov,vine del instagram!,vine del instagram!,venir instagram,1,0,19,0,@quorumgt/videos,channel,NEU,0.076743,0.60759,0.315667,0.60759,0.291923,0.863741,"polaridad neutra (informativo, pregunta, sin carga afectiva clara)",False,pysentimiento/robertuito-sentiment-analysis
Ugyzgy-Lqlq6CTb4GPB4AaABAg,n8iP75gIpmw,Qué rico come tu diputado,UCE4rsXcgDb6e1-a9iTbWzfg,Quorum,UChZknRmJkeGeQk0-mQuhDOg,@OdilioRodríguez-c5w,Y porqué no lo hacen  en lugares más sencillos pero como todos estos son iguales solo piensan en hartarse bien por eso salen como Rodriguez arzu  a costillas del pueblo,Y porqué no lo hacen en lugares más sencillos pero como todos estos son iguales solo piensan en hartarse bien por eso salen como Rodriguez arzu a costillas del pueblo,lugar sencillo pensar hartar el salir rodriguez arzu costilla pueblo,1,0,168,0,@quorumgt/videos,channel,NEG,0.940988,0.051754,0.007258,0.940988,0.889234,0.246242,"polaridad negativa (critica, queja, rechazo, insulto)",False,pysentimiento/robertuito-sentiment-analysis
UgyzzIxBoO0_7kX1EWJ4AaABAg,WIUZtitfLRw,Caminar en una ciudad hecha para carros,UCE4rsXcgDb6e1-a9iTbWzfg,Quorum,UCOARn3hnfkB7-_Rwa8Hoqcw,@nicelol5241,"Muy cierto, mi mamá en este momento esta incapacitada de una pierna y hemos vivido lo que es caminar en aceras altas, ineptas, absurdamente pequeñas y además dañadas.","Muy cierto, mi mamá en este momento esta incapacitada de una pierna y hemos vivido lo que es caminar en aceras altas, ineptas, absurdamente pequeñas y además dañadas.",mama momento incapacitado pierna vivido caminar acera alto inepta absurdamente pequena danada,0,0,166,0,@quorumgt/videos,channel,NEG,0.98267,0.014484,0.002846,0.98267,0.968185,0.095199,"polaridad negativa (critica, queja, rechazo, insulto)",False,pysentimiento/robertuito-sentiment-analysis
Ugz-XNtfLx0lzcoHUXN4AaABAg,b_Hkrkl3adA,Bloqueos en Guatemala este 31 de agosto por alza en combustibles afectan rutas principales,UCEepOY2svuxbsJ-zsAPT9Fg,PrensaLibreOficial,UC9Wp6vL5oCU37qC3Aj94WZA,@ManuelSanchez-b8q2z,"Que comando mierd@ mejor de todas maneras tenemos que seguir trabajando, más gasto cuando ellos tapan.","Que comando mierd@ mejor de todas maneras tenemos que seguir trabajando, más gasto cuando ellos tapan.",comando mierd seguir trabajar gasto tapar,0,0,102,0,guatemala noticias,topic,NEG,0.951879,0.037948,0.010173,0.951879,0.913931,0.217764,"polaridad negativa (critica, queja, rechazo, insulto)",False,pysentimiento/robertuito-sentiment-analysis
Ugz158DoUO_zyZlglG14AaABAg,06mFNPU0aB8,Capturan a presuntos delincuentes disfrazados de mujer señalados de cometer asalto,UCVpSRoZgngfSL03Nlbjtq9A,Noti7,UCIXLDYqR_syskKRJy_x9W9Q,@carlitosramirez4739,Inglés,Inglés,ingl,0,0,6,0,guatemala noticias,topic,NEU,0.343536,0.506961,0.149502,0.506961,0.163425,0.995565,"polaridad neutra (informativo, pregunta, sin carga afectiva clara)",False,pysentimiento/robertuito-sentiment-analysis
Ugz1TFgP101cP3SQAW94AaABAg,n8iP75gIpmw,Qué rico come tu diputado,UCE4rsXcgDb6e1-a9iTbWzfg,Quorum,UCYN4wSQ1Sx4_LurxLlW7MPg,@belarminavillatoro6474,"Esas no son cosas minuciosas como dice el diputado Nery Rodas ya todos los diputados saben que les dieron orden de no gastar el dinero del pueblo para almuerzos de diputados y el w que quiere que  no nos digan nada porque son cosas como que no vale nada contarlo,si gastaron ese dinero que se los cobren a los diputados,están viendo qué hay personas muriendo de hambre y ellos bien Gracias dándose la gran vida que lo paguen con su sueldo que para eso ganan bien sin vergüenzas vividores,pues que lo paguen para ustedes es poco dos mil quetzales pero para nosotros los pobres es mucho dinero no importa que sea menor gasto pero entiendan que ya no,y si ustedes trabajan que sea en horas adecuadas y no en horas de comidas,y si usted dice que es muy poco el dinero entonces renuncien y busquen otro trabajo porque hay sueldos que ganan el mínimo y de ahí tienen que pagar todo imagínese señor por favor?","Esas no son cosas minuciosas como dice el diputado Nery Rodas ya todos los diputados saben que les dieron orden de no gastar el dinero del pueblo para almuerzos de diputados y el w que quiere que no nos digan nada porque son cosas como que no vale nada contarlo,si gastaron ese dinero que se los cobren a los diputados,están viendo qué hay personas muriendo de hambre y ellos bien Gracias dándose la gran vida que lo paguen con su sueldo que para eso ganan bien sin vergüenzas vividores,pues que lo paguen para ustedes es poco dos mil quetzales pero para nosotros los pobres es mucho dinero no importa que sea menor gasto pero entiendan que ya no,y si ustedes trabajan que sea en horas adecuadas y no en horas de comidas,y si usted dice que es muy poco el dinero entonces renuncien y busquen otro trabajo porque hay sueldos que ganan el mínimo y de ahí tienen que pagar todo imagínese señor por favor?",minucioso diputado nery roda diputado ordir gastar dinero pueblo almuerzo diputado valer contar el gastar dinero cobrir diputado persona morir hambre dar el vida pagar sueldo ganar verguenza vividor pagar mil quetzal pobre dinero importar menor gasto entender trabajar hora adecuado hora comida dinero renuncien buscar trabajo sueldo ganar minimo pagar imaginese senor favor,0,0,902,0,@quorumgt/videos,channel,NEG,0.941538,0.052003,0.006459,0.941538,0.889535,0.243032,"polaridad negativa (critica, queja, rechazo, insulto)",False,pysentimiento/robertuito-sentiment-analysis
Ugz1VUKAy1iuwk_x2jN4AaABAg,yLZS3JiEBg8,Arroz con pollo a la MONOPOLIO,UCE4rsXcgDb6e1-a9iTbWzfg,Quorum,UCTTILH6QCIxbTnEWxwRqs1g,@3762Jorge,La próxima habla de la harina de trigo.,La próxima habla de la harina de trigo.,harina trigo,0,0,39,0,@quorumgt/videos,channel,NEU,0.075851,0.870969,0.05318,0.870969,0.795118,0.471975,"polaridad neutra (informativo, pregunta, sin carga afectiva clara)",False,pysentimiento/robertuito-sentiment-analysis
Ugz1kbHjtN-jQUk3sWd4AaABAg,n8iP75gIpmw,Qué rico come tu diputado,UCE4rsXcgDb6e1-a9iTbWzfg,Quorum,UC5bG9nc_JV3FsNP2KseQiYw,@giovannirodas4836,Nombre.... Tenía razon el loco Taracena!!!!! Los diputados siempre iban a decir q no les alcanza el salario de 25 mil. Y uno von salario mínimo tiene q ver cómo le hace para q le alcance!!! Entonces q busquen otro trabajo!!! Es el colmo plata hay lo q pasa q los políticos como el se lo gastan en hartazon!!!!😡😡😡😡,Nombre... Tenía razon el loco Taracena!!! Los diputados siempre iban a decir q no les alcanza el salario de 25 mil. Y uno von salario mínimo tiene q ver cómo le hace para q le alcance!!! Entonces q busquen otro trabajo!!! Es el colmo plata hay lo q pasa q los políticos como el se lo gastan en hartazon!!! emoji cara cabreada emoji emoji cara cabreada emoji emoji cara cabreada emoji,nombre razon loco taracenir diputado alcanzar salario mil von salario minimo alcance buscar trabajo colmo plata pasar politico gastar hartazon,2,0,313,4,@quorumgt/videos,channel,NEG,0.967605,0.029321,0.003074,0.967605,0.938284,0.153133,"polaridad negativa (critica, queja, rechazo, insulto)",False,pysentimiento/robertuito-sentiment-analysis
Ugz200h27x5RIAnswQd4AaABAg,n8iP75gIpmw,Qué rico come tu diputado,UCE4rsXcgDb6e1-a9iTbWzfg,Quorum,UCKDR0f2fu2UzWL8mBv5-BHw,@mireyamorales6595,"PERO ESTOS QUE ESTAN ENTREVISTANDO AL DIPUTADO NERY RODAS PORQUE 
NO LE PREGUNTARON A LA LEGISLATURA ANTERIOR TODOS LOS GASTOS  QUE HHACIAN.
 :face-blue-smiling: ASI ES LA ANTERIOR LEGISLATURA PAGABAN HASTA PORQUE IBAN AL BAÑO.
SR. RODAS..DEJE A ESTOS QUE LO ESTAN ENTREVISTANDO QUE LE PREGUNTEN
A SU MADRE.
LO QUE AFECTO EN GRANDE EL PAIS,ESOS ROBOS DE  jimmy morales / giammattei.
ALEGANDO POR UNA FACTURA DE Q.2,OOO. O,  MENOS.
  👁giammattei  ROBO MILLONES DE MILLONES Y ESTOS CORRUPTOS ENTREVISTADORES hablando de desnutricion ???  pregunten a giammattei,vive en
el pais todavia...vayan a buscarlo.
JAMAS LE HIZIERON NUNCA UNA PREGUNTA ACERCA DE LOS GASTOS QUE HACIA.
👁 toda empresa privada o gubernamental,PAGAN SUS GASTOS PARA LAS REUNIONESS
QUE LES TOCA HACER.
VAYAN A BUSCAR A allan rodriguez por ej...alvaro arzu...esos si son CORRUPTOS.","PERO ESTOS QUE ESTAN ENTREVISTANDO AL DIPUTADO NERY RODAS PORQUE NO LE PREGUNTARON A LA LEGISLATURA ANTERIOR TODOS LOS GASTOS QUE HHACIAN. :face-blue-smiling: ASI ES LA ANTERIOR LEGISLATURA PAGABAN HASTA PORQUE IBAN AL BAÑO. SR. RODAS..DEJE A ESTOS QUE LO ESTAN ENTREVISTANDO QUE LE PREGUNTEN A SU MADRE. LO QUE AFECTO EN GRANDE EL PAIS,ESOS ROBOS DE jimmy morales / giammattei. ALEGANDO POR UNA FACTURA DE Q.2,OOO. O, MENOS. emoji ojo emoji giammattei ROBO MILLONES DE MILLONES Y ESTOS CORRUPTOS ENTREVISTADORES hablando de desnutricion ??? pregunten a giammattei,vive en el pais todavia...vayan a buscarlo. JAMAS LE HIZIERON NUNCA UNA PREGUNTA ACERCA DE LOS GASTOS QUE HACIA. emoji ojo emoji toda empresa privada o gubernamental,PAGAN SUS GASTOS PARA LAS REUNIONESS QUE LES TOCA HACER. VAYAN A BUSCAR A allan rodriguez por ej...alvaro arzu...esos si son CORRUPTOS.",entrevistar diputado nery roda preguntar legislatura gasto hhaciar legislatura pagar bano roda dejar entrevistar preguntar madre afecto robo jimmy moral giammattei alegar factura giammattei robo millon millon corrupto entrevistador hablar desnutricion preguntar giammattei vivir buscar el jama hizeir pregunta acerca gasto empresa privado gubernamental pagar gasto reunioness toca buscar allan rodriguez alvaro arzu corrupto,0,0,846,2,@quorumgt/videos,channel,NEG,0.908245,0.084552,0.007203,0.908245,0.823693,0.331821,"polaridad negativa (critica, queja, rechazo, insulto)",False,pysentimiento/robertuito-sentiment-analysis
Ugz26waEPWK6VtsenFZ4AaABAg,PjmxCj-a9Hg,Conferencia de Prensa del Gobierno de Guatemala. #LaRondaGt,UC-ZtFBHzgkYFh7whZkuR_Ag,Gobierno de la República de Guatemala,UCNIeXbV_mEwpa412h1aqUWw,@juandeleon9060,Dios. Los cria. Y El.....los coruptos. Siempre. Van de la Mano....,Dios. Los cria. Y El...los coruptos. Siempre. Van de la Mano...,crio corupto mano,1,1,66,0,@GobiernodeGuatemala,topic,POS,0.067561,0.399394,0.533045,0.533045,0.133651,0.88399,"polaridad positiva (aprobacion, agradecimiento, elogio, apoyo)",False,pysentimiento/robertuito-sentiment-analysis
Ugz26waEPWK6VtsenFZ4AaABAg.ALglV0O_2mtALgq1_mUSB_,PjmxCj-a9Hg,Conferencia de Prensa del Gobierno de Guatemala. #LaRondaGt,UC-ZtFBHzgkYFh7whZkuR_Ag,Gobierno de la República de Guatemala,UCbYoNG5J3Au5BqtbXogfEFw,@Luis-gn3fj,Ud y quienes mas😂😂😂😂😂😂😂😂😂😂😂😂😂😂😂😂😂😂,Ud y quienes mas emoji cara llorando de risa emoji emoji cara llorando de risa emoji emoji cara llorando de risa emoji,,1,0,34,18,@GobiernodeGuatemala,topic,NEU,0.224751,0.73993,0.03532,0.73993,0.515179,0.676452,"polaridad neutra (informativo, pregunta, sin carga afectiva clara)",False,pysentimiento/robertuito-sentiment-analysis
Ugz2Y0LOPaJfoV8R01d4AaABAg,n8iP75gIpmw,Qué rico come tu diputado,UCE4rsXcgDb6e1-a9iTbWzfg,Quorum,UCl0ekS9Tt0jJGtOEM18S63w,@monkchapin,paaajaaaasss,paaajaaasss,paajaass,0,0,12,0,@quorumgt/videos,channel,NEU,0.182449,0.56397,0.253581,0.56397,0.310389,0.981345,"polaridad neutra (informativo, pregunta, sin carga afectiva clara)",False,pysentimiento/robertuito-sentiment-analysis
Ugz5OziU6YjREVjZJUZ4AaABAg,PjmxCj-a9Hg,Conferencia de Prensa del Gobierno de Guatemala. #LaRondaGt,UC-ZtFBHzgkYFh7whZkuR_Ag,Gobierno de la República de Guatemala,UCVQf0tzL7xRzFJsABVVULpg,@DennisseLopetegi,El estado de Colombia fue el verdugo de Uribe.. cuando sienten q alguien les enfrenta con la verdad se acobardan.. igual pasa con el ejecutivo de Guatemala.. bueno en fin arevalo es compadre de petro.  0igo a este presidente y solo mentiras salen de du bocata..  HDP,El estado de Colombia fue el verdugo de Uribe.. cuando sienten q alguien les enfrenta con la verdad se acobardan.. igual pasa con el ejecutivo de Guatemala.. bueno en fin arevalo es compadre de petro. 0igo a este presidente y solo mentiras salen de du bocata.. HDP,colombia verdugo uribe sentir alguien enfrentar acobardir pasar ejecutivo guatemala arevalo compadre petro 0igo presidente mentira salir bocata hdp,0,0,266,0,@GobiernodeGuatemala,topic,NEG,0.958617,0.033974,0.007408,0.958617,0.924643,0.19176,"polaridad negativa (critica, queja, rechazo, insulto)",False,pysentimiento/robertuito-sentiment-analysis
Ugz6naDsqtHsbONkRBl4AaABAg,b_Hkrkl3adA,Bloqueos en Guatemala este 31 de agosto por alza en combustibles afectan rutas principales,UCEepOY2svuxbsJ-zsAPT9Fg,PrensaLibreOficial,UCsUCN0Yq_UyTvKjOJLmNrnQ,@moisesvaldez4043,Vamos a paralizar todo el pais talvez asi entiende este gibierno medrioque,Vamos a paralizar todo el pais talvez asi entiende este gibierno medrioque,paralizar talvez entender gibierno medrioque,0,0,74,0,guatemala noticias,topic,NEG,0.775039,0.202821,0.022139,0.775039,0.572218,0.605459,"polaridad negativa (critica, queja, rechazo, insulto)",False,pysentimiento/robertuito-sentiment-analysis
Ugz76M4X7jXyiAqAC_d4AaABAg,n8iP75gIpmw,Qué rico come tu diputado,UCE4rsXcgDb6e1-a9iTbWzfg,Quorum,UCsSXdJct-nsS8DsABoEsaYA,@IvánPérez-j4j,"Pues deberían establecer viáticos cuando los trabajos sean institucionales, eso seria más legal. Ponga una tabla de viáticos, ejemplo: desayuno 60, almuerzo 100, cena 60; hospedaje 150.","Pues deberían establecer viáticos cuando los trabajos sean institucionales, eso seria más legal. Ponga una tabla de viáticos, ejemplo: desayuno 60, almuerzo 100, cena 60; hospedaje 150.",deberiar establecer viatico trabajo institucional legal tabla viatico ejemplo desayuno almuerzo cena hospedaje,2,1,185,0,@quorumgt/videos,channel,NEU,0.046396,0.885053,0.068551,0.885053,0.816501,0.434262,"polaridad neutra (informativo, pregunta, sin carga afectiva clara)",False,pysentimiento/robertuito-sentiment-analysis
Ugz76M4X7jXyiAqAC_d4AaABAg.A7j4tx1RMDbA7oQQlZnZR4,n8iP75gIpmw,Qué rico come tu diputado,UCE4rsXcgDb6e1-a9iTbWzfg,Quorum,UC9xr9QvIcDvoZNUX5f-jaZw,@MariaaliciaColonmorales,"Es que ellos tienen un rubro para comidas hasta por 10,000quetzales pero ellos principalmente los de junta directiva dijeron que  no tocarían ese dinero que ellos comerían de su bolsillo","Es que ellos tienen un rubro para comidas hasta por 10,000quetzales pero ellos principalmente los de junta directiva dijeron que no tocarían ese dinero que ellos comerían de su bolsillo",rubro comida 00quetzal principalmente directivo tocariar dinero comeriar bolsillo,0,0,186,0,@quorumgt/videos,channel,NEG,0.556422,0.407942,0.035636,0.556422,0.148479,0.810788,"polaridad negativa (critica, queja, rechazo, insulto)",False,pysentimiento/robertuito-sentiment-analysis
Ugz7WPxTOQEwmZpnx_V4AaABAg,n8iP75gIpmw,Qué rico come tu diputado,UCE4rsXcgDb6e1-a9iTbWzfg,Quorum,UCi1b_TRQfgO1Z9O2gNGGWNA,@davidisraelesquitsaquil,"Ahora se destapo la CORRUPCION Q EXISTIA Y AHORA SE CONTAMINO despues de ampliacion ahora DEUDAS a la Comunidad Internacional por PRESTAMOS para carreteras, ademas CONCESIONES A AEROPUERTOS, PUERTOS, LAS MISMAS CARRETERAS, todos millonario, EUROBONOS, vender al pais y CANASTA BASICA A Q10,000 todo lo van hacer PERO ESE DINERO QUE OBTENGAN SERA REGALO DEL 👹👹👹 Xq DIOS dara justicia en su momento la JUSTICIA DE DIOS con sus hijitos sera IMPLACABLE y omnipotente🇬🇹🇬🇹🇬🇹🇬🇹","Ahora se destapo la CORRUPCION Q EXISTIA Y AHORA SE CONTAMINO despues de ampliacion ahora DEUDAS a la Comunidad Internacional por PRESTAMOS para carreteras, ademas CONCESIONES A AEROPUERTOS, PUERTOS, LAS MISMAS CARRETERAS, todos millonario, EUROBONOS, vender al pais y CANASTA BASICA A Q10,000 todo lo van hacer PERO ESE DINERO QUE OBTENGAN SERA REGALO DEL emoji demonio japonés oni emoji emoji demonio japonés oni emoji emoji demonio japonés oni emoji Xq DIOS dara justicia en su momento la JUSTICIA DE DIOS con sus hijitos sera IMPLACABLE y omnipotente emoji bandera guatemala emoji emoji bandera guatemala emoji emoji bandera guatemala emoji emoji bandera guatemala emoji",destapo corrupcion existia contamino ampliacion deuda comunidad internacional prestar carretero concesion aeropuerto puerto carretero millonario eurobo yo vender canasta basico q10 dinero obtengar regalo dios justicia momento justicia dios hijito implacable omnipotente,0,0,470,7,@quorumgt/videos,channel,NEG,0.730113,0.251942,0.017945,0.730113,0.478171,0.649124,"polaridad negativa (critica, queja, rechazo, insulto)",False,pysentimiento/robertuito-sentiment-analysis
Ugz8BbgcucTeHAjfvqJ4AaABAg,n8iP75gIpmw,Qué rico come tu diputado,UCE4rsXcgDb6e1-a9iTbWzfg,Quorum,UCpl8rF8uv_8uui-QRvuJaRA,@SergioGarcia-z9c,Señores con el salario de este señor almuerzo asta las ocho dela noche y me como un tortrix que vale la pena,Señores con el salario de este señor almuerzo asta las ocho dela noche y me como un tortrix que vale la pena,senor salario senor almuerzo asta dela noche tortrix valer pena,0,0,108,0,@quorumgt/videos,channel,POS,0.00507,0.078519,0.916411,0.916411,0.837892,0.306571,"polaridad positiva (aprobacion, agradecimiento, elogio, apoyo)",False,pysentimiento/robertuito-sentiment-analysis
Ugz8fJcHTKHoEWJPwWt4AaABAg,j43HgwYFKfk,La cooptación de Walter Mazariegos en la USAC,UCE4rsXcgDb6e1-a9iTbWzfg,Quorum,UClhMWQ7XKWywYvbRnuf8QsA,@EcPerez-zz9oh,"Como sabes que son pajas, si las tienes dwvuelvelas.","Como sabes que son pajas, si las tienes dwvuelvelas.",paja dwvuelvela,0,0,52,0,@quorumgt/videos,channel,NEU,0.220965,0.730374,0.04866,0.730374,0.509409,0.710179,"polaridad neutra (informativo, pregunta, sin carga afectiva clara)",False,pysentimiento/robertuito-sentiment-analysis
Ugz8hBV9j2KQGtMhPUR4AaABAg,is3Mk5oC19g,Capturan a ladrón que había quedado grabado mientras robaba en una parroquia de Retalhuleu,UCt5Dw7ePnn0AqPqRF8Xpjkw,TN23 Guatemala,UC4kg7zuTfqQKLd2bkZrSYBA,@zoilagarcia9019,Sinverguenza la ley maya y luego preso.,Sinverguenza la ley maya y luego preso.,sinverguenza ley maya preso,0,0,39,0,guatemala noticias,topic,NEG,0.815136,0.143997,0.040867,0.815136,0.671138,0.576345,"polaridad negativa (critica, queja, rechazo, insulto)",False,pysentimiento/robertuito-sentiment-analysis
Ugz8pKFUmjVv-zF8lvJ4AaABAg,n8iP75gIpmw,Qué rico come tu diputado,UCE4rsXcgDb6e1-a9iTbWzfg,Quorum,UCOLGv5Pf6BF2wFcwUzgcvHg,@welfrealdana5559,La única que se filtro el mismo lo dijo son unos muertos de amber todos lis diputados tienen que pagar con su dinero para eso tienen un sueldo  no sean sucios,La única que se filtro el mismo lo dijo son unos muertos de amber todos lis diputados tienen que pagar con su dinero para eso tienen un sueldo no sean sucios,unico filtro muerto amber diputado pagar dinero sueldo sucio,0,0,158,0,@quorumgt/videos,channel,NEG,0.941597,0.05089,0.007513,0.941597,0.890706,0.244966,"polaridad negativa (critica, queja, rechazo, insulto)",False,pysentimiento/robertuito-sentiment-analysis
UgzBnKyfiTTp9djPTh54AaABAg,OkXlHx0hx-8,EE.UU. envía a mexicanos deportados a Guatemala antes de su regreso a México | Noticias Telemundo,UCRwA1NUcUnwsly35ikGhp0A,Noticias Telemundo,UCbNanjFI51cwGqMAb2rOrBw,@RosaMontesdeOca777,Fe esperanza oración perseverantes diariamente paz bien verdad amor claridad sabiduría justicia divina ❤😊,Fe esperanza oración perseverantes diariamente paz bien verdad amor claridad sabiduría justicia divina emoji corazón rojo emoji emoji cara feliz con ojos sonrientes emoji,esperanza oracion perseverant diariamente paz amor claridad sabidurio justicia divino,0,0,105,2,guatemala noticias,topic,POS,0.01453,0.278102,0.707369,0.707369,0.429267,0.662283,"polaridad positiva (aprobacion, agradecimiento, elogio, apoyo)",False,pysentimiento/robertuito-sentiment-analysis
UgzBpiHQkRpqfeyCDwd4AaABAg,n8iP75gIpmw,Qué rico come tu diputado,UCE4rsXcgDb6e1-a9iTbWzfg,Quorum,UC2weSE8rpqkGMOp6StYtVfg,@katerynsantiago2907,que verguenza de jente..esto esto lo que logran parir las universidades..y estos corruptos nunca han hecho nada bueno x el pais..lo unico que han hecho es artarse caro a costillas del pueblo...que de aposol...,que verguenza de jente..esto esto lo que logran parir las universidades..y estos corruptos nunca han hecho nada bueno x el pais..lo unico que han hecho es artarse caro a costillas del pueblo...que de aposol...,verguenza jente lograr parir universidad corrupto unico artar el caro costilla pueblo aposol,1,0,209,0,@quorumgt/videos,channel,NEG,0.979791,0.016021,0.004188,0.979791,0.963769,0.109165,"polaridad negativa (critica, queja, rechazo, insulto)",False,pysentimiento/robertuito-sentiment-analysis
UgzDFSLs4n_6XtQjgjZ4AaABAg,lj983NWyAQY,Plan 2032 Ciudad de Guatemala,UCXa6LVjBzUtmcM3cwbd9e2w,Municipalidad de Guatemala,UCyzf29IYjNw67gGIfsjgtxA,@carlosoliva9249,"Impresionante 👏🏻👏🏻 la ciudad de Guatemala siempre ha tenido alcaldes de visión, Arzú siempre quizo ver una ciudad cosmopolita y de gran desarrollo, esperemos eso siga.","Impresionante emoji manos aplaudiendo tono de piel claro emoji emoji manos aplaudiendo tono de piel claro emoji la ciudad de Guatemala siempre ha tenido alcaldes de visión, Arzú siempre quizo ver una ciudad cosmopolita y de gran desarrollo, esperemos eso siga.",impresionante ciudad guatemala alcaldes vision arzu quizo ciudad cosmopolita desarrollo esperar seguir,45,0,167,2,Municipalidad de Guatemala,topic,POS,0.020199,0.150195,0.829605,0.829605,0.67941,0.518538,"polaridad positiva (aprobacion, agradecimiento, elogio, apoyo)",False,pysentimiento/robertuito-sentiment-analysis
UgzDK8qo7Il1yafNllJ4AaABAg,PjmxCj-a9Hg,Conferencia de Prensa del Gobierno de Guatemala. #LaRondaGt,UC-ZtFBHzgkYFh7whZkuR_Ag,Gobierno de la República de Guatemala,UCzZ6dDCEsLMXbc5pCFXIprw,@josegil3813,Adelante Excelentisimo Senor Presidente  Bernardo Arevalo de Leo'n   2028 - 2030.-,Adelante Excelentisimo Senor Presidente Bernardo Arevalo de Leo'n 2028 - 2030.-,excelentisimo senor presidente bernardo arevalo leo,0,0,82,0,@GobiernodeGuatemala,topic,POS,0.016637,0.222057,0.761306,0.761306,0.539249,0.609925,"polaridad positiva (aprobacion, agradecimiento, elogio, apoyo)",False,pysentimiento/robertuito-sentiment-analysis
UgzESrzC3abcN60poBF4AaABAg,lj983NWyAQY,Plan 2032 Ciudad de Guatemala,UCXa6LVjBzUtmcM3cwbd9e2w,Municipalidad de Guatemala,UCaT6M2zp7X6r6Whd8Vv3kHQ,@alexarcos8349,Me encanta poner un negocio en Guatemala en un futuro no muy lejano.,Me encanta poner un negocio en Guatemala en un futuro no muy lejano.,encantar negocio guatemala futuro lejano,1,0,68,0,Municipalidad de Guatemala,topic,POS,0.00532,0.138395,0.856285,0.856285,0.71789,0.434406,"polaridad positiva (aprobacion, agradecimiento, elogio, apoyo)",False,pysentimiento/robertuito-sentiment-analysis
UgzFOdujc0-cy9W1Uv14AaABAg,n8iP75gIpmw,Qué rico come tu diputado,UCE4rsXcgDb6e1-a9iTbWzfg,Quorum,UC3NMzdMYryaw82kPTnsaljg,@marisosa7832,Mientras los Guatemaltecos  muriendo de hambre,Mientras los Guatemaltecos muriendo de hambre,guatemalteco morir hambre,0,0,46,0,@quorumgt/videos,channel,NEG,0.801763,0.178995,0.019243,0.801763,0.622768,0.561106,"polaridad negativa (critica, queja, rechazo, insulto)",False,pysentimiento/robertuito-sentiment-analysis
UgzGYzecKVZyDzajKPV4AaABAg,n8iP75gIpmw,Qué rico come tu diputado,UCE4rsXcgDb6e1-a9iTbWzfg,Quorum,UCLggDc_a5HriXv7I1h02sOA,@guillermogonzalez5153,"Cuando comen  puyaso,,,,,,y un niño  del campo come tortilla con sal  ,,,que es lo relevante  ,,,??","Cuando comen puyaso,,,y un niño del campo come tortilla con sal ,,,que es lo relevante ,,,??",comar puyaso nino campo comar tortilla sal relevante,4,0,99,0,@quorumgt/videos,channel,NEG,0.694643,0.280629,0.024727,0.694643,0.414014,0.701187,"polaridad negativa (critica, queja, rechazo, insulto)",False,pysentimiento/robertuito-sentiment-analysis
UgzH_SOr2gGO_dDna5J4AaABAg,n8iP75gIpmw,Qué rico come tu diputado,UCE4rsXcgDb6e1-a9iTbWzfg,Quorum,UCSou6a2OuYGSvPjm5psquyA,@FranciscoRivera-sf7ne,Qué descaro de ese vividor,Qué descaro de ese vividor,descaro vividor,0,0,26,0,@quorumgt/videos,channel,NEG,0.939765,0.040339,0.019896,0.939765,0.899427,0.265826,"polaridad negativa (critica, queja, rechazo, insulto)",False,pysentimiento/robertuito-sentiment-analysis
UgzJ85lM1ogkB4KOk2d4AaABAg,PjmxCj-a9Hg,Conferencia de Prensa del Gobierno de Guatemala. #LaRondaGt,UC-ZtFBHzgkYFh7whZkuR_Ag,Gobierno de la República de Guatemala,UCtNyHmRZtvGF2hSvI2dUBWw,@aureliomaldonado4793,Este presidente pendejo no va aser nada si no van a tapar baches menos van a avanzar en otras cosas ya están igual a México con la mañanera y no asen nada solo son abla mierda,Este presidente pendejo no va aser nada si no van a tapar baches menos van a avanzar en otras cosas ya están igual a México con la mañanera y no asen nada solo son abla mierda,presidente pendejo aser tapar bache avanzar mexico mananera abla mierdo,0,0,175,0,@GobiernodeGuatemala,topic,NEG,0.979127,0.016223,0.00465,0.979127,0.962904,0.112488,"polaridad negativa (critica, queja, rechazo, insulto)",False,pysentimiento/robertuito-sentiment-analysis
UgzKcy6Zr6Ele2EAo6J4AaABAg,lj983NWyAQY,Plan 2032 Ciudad de Guatemala,UCXa6LVjBzUtmcM3cwbd9e2w,Municipalidad de Guatemala,UCGqKxQS-z3NZzZF-2w338AA,@samuelaguilar529,"Me encantaría vivir por un tiempo en Guatemala.
Saludos desde México. :)",Me encantaría vivir por un tiempo en Guatemala. Saludos desde México. :),encantario vivir tiempo guatemala saludo mexico,211,3,72,0,Municipalidad de Guatemala,topic,POS,0.005586,0.087997,0.906417,0.906417,0.81842,0.33191,"polaridad positiva (aprobacion, agradecimiento, elogio, apoyo)",False,pysentimiento/robertuito-sentiment-analysis
UgzL_lyzP1gwPdnVQ3Z4AaABAg,yLZS3JiEBg8,Arroz con pollo a la MONOPOLIO,UCE4rsXcgDb6e1-a9iTbWzfg,Quorum,UCXO1BBohNWXkK9SBDAG2ySg,@JBFlute92,Excelente trabajo !!,Excelente trabajo !!,excelente trabajo,0,0,20,0,@quorumgt/videos,channel,POS,0.006142,0.043519,0.950339,0.950339,0.906821,0.216097,"polaridad positiva (aprobacion, agradecimiento, elogio, apoyo)",False,pysentimiento/robertuito-sentiment-analysis
UgzMXsCXt9Lh-tk3fZd4AaABAg,6W4u8sGEnGM,Inician los trabajos de recuperación del Puente Belice II.,UC-ZtFBHzgkYFh7whZkuR_Ag,Gobierno de la República de Guatemala,UChyps3dqY-VY1_wLeq-2lhw,@maydamorales4395,"Despues de tanta corrpcion y desfalco por los anteriores gobiernos ladrones que esperaba Rolando? ahora si se puede ver que los fondos de nuestros impuestos se estan usando en lo que deberian de haberse usado hace 40 anios, es muy bueno ver que al fin hay un presidente que esta trabajando no sentado atras de un escritorio llenandose las bolsas!","Despues de tanta corrpcion y desfalco por los anteriores gobiernos ladrones que esperaba Rolando? ahora si se puede ver que los fondos de nuestros impuestos se estan usando en lo que deberian de haberse usado hace 40 anios, es muy bueno ver que al fin hay un presidente que esta trabajando no sentado atras de un escritorio llenandose las bolsas!",corrpcion desfalco gobierno ladron esperar rolar fondo impuesto deberiar haber el anio presidente trabajar sentado escritorio llenar el bolsa,14,1,346,0,Gobierno de la República de Guatemala,topic,POS,0.255847,0.271081,0.473072,0.473072,0.20199,1.056715,"polaridad positiva (aprobacion, agradecimiento, elogio, apoyo)",True,pysentimiento/robertuito-sentiment-analysis
UgzMXsCXt9Lh-tk3fZd4AaABAg.A_zGMKwFBhPA_zWhjiGKb7,6W4u8sGEnGM,Inician los trabajos de recuperación del Puente Belice II.,UC-ZtFBHzgkYFh7whZkuR_Ag,Gobierno de la República de Guatemala,UCyJhqmMbsvjpoarBBStA2kg,@Murmullodelbarrio,"Esoooooo 
Así mero es",Esooo Así mero es,esoo mero,1,0,21,0,Gobierno de la República de Guatemala,topic,POS,0.013249,0.221455,0.765296,0.765296,0.54384,0.59585,"polaridad positiva (aprobacion, agradecimiento, elogio, apoyo)",False,pysentimiento/robertuito-sentiment-analysis
UgzM_dw7xZDkJJ8eYQ94AaABAg,n8iP75gIpmw,Qué rico come tu diputado,UCE4rsXcgDb6e1-a9iTbWzfg,Quorum,UCXgr7vXlRrsaskPdo097kGA,@Rogergh-nw4oj,asi o mas envelequero...,asi o mas envelequero...,envelequero,0,0,24,0,@quorumgt/videos,channel,NEG,0.65888,0.309079,0.032041,0.65888,0.349801,0.748046,"polaridad negativa (critica, queja, rechazo, insulto)",False,pysentimiento/robertuito-sentiment-analysis
UgzMppllQcjsXkBLgiZ4AaABAg,n8iP75gIpmw,Qué rico come tu diputado,UCE4rsXcgDb6e1-a9iTbWzfg,Quorum,UCylqlpsh8ENNM1LqgQ1KbxA,@Jel.Awesh.M,Y eso es a lo que sale a luz ¿qué más  nos esconderán?,Y eso es a lo que sale a luz ¿qué más nos esconderán?,salir luz esconderan,0,0,54,0,@quorumgt/videos,channel,NEG,0.866411,0.12534,0.00825,0.866411,0.741071,0.424115,"polaridad negativa (critica, queja, rechazo, insulto)",False,pysentimiento/robertuito-sentiment-analysis
UgzOB-KAGGElQGAPxEZ4AaABAg,n8iP75gIpmw,Qué rico come tu diputado,UCE4rsXcgDb6e1-a9iTbWzfg,Quorum,UC4cXueR2bKGFJV0Fk76gwmA,@aluxdel4792,"Por qué hay 160 diPUTAdos ? Máximo deberían ser 80 diPUTAdos , hambrientos porque saben que el pueblo paga y hasta da propina. Y mientras tanto en el corredor seco la gente se está muriendo de hambre","Por qué hay 160 diPUTAdos ? Máximo deberían ser 80 diPUTAdos , hambrientos porque saben que el pueblo paga y hasta da propina. Y mientras tanto en el corredor seco la gente se está muriendo de hambre",diputado maximo deberiar diputado hambriento pueblo pagar propin corredor seco morir hambre,0,0,199,0,@quorumgt/videos,channel,NEG,0.970583,0.02596,0.003457,0.970583,0.944623,0.143357,"polaridad negativa (critica, queja, rechazo, insulto)",False,pysentimiento/robertuito-sentiment-analysis
UgzOGr7KGQ9pa-CJdgN4AaABAg,n8iP75gIpmw,Qué rico come tu diputado,UCE4rsXcgDb6e1-a9iTbWzfg,Quorum,UCNBnKqWf4d-rS4HwJRQljmQ,@LE_A22,"Ósea que por ser diputados TIENEN QUE TENER PRIVILEGIOS A HUEVOS?  25 mil al mes más dietas,mocos etc. pero hablemos de 25 mil,ese ese el salario de 5 ó 6 meses de un ciudadano de a pie… y no tiene carro comida,tel etc gratis como estas ratas,y entre esos diputados los de la junta,los jefes de bloque son los más chuchos,pero quiere justificar todo como que fuese un derecho  y ellos fuesen reyes del país","Ósea que por ser diputados TIENEN QUE TENER PRIVILEGIOS A HUEVOS? 25 mil al mes más dietas,mocos etc. pero hablemos de 25 mil,ese ese el salario de 5 ó 6 meses de un ciudadano de a pie… y no tiene carro comida,tel etc gratis como estas ratas,y entre esos diputados los de la junta,los jefes de bloque son los más chuchos,pero quiere justificar todo como que fuese un derecho y ellos fuesen reyes del país",osear diputado privilegio huevo mil mes dieta moco etc hablar mil salario mes ciudadano pie carro comida tel etc gratis rata diputado jefe blocar chucho justificar derecho reyes,0,0,406,0,@quorumgt/videos,channel,NEG,0.921927,0.071787,0.006286,0.921927,0.85014,0.295899,"polaridad negativa (critica, queja, rechazo, insulto)",False,pysentimiento/robertuito-sentiment-analysis
UgzOYjc2Ii04ZArW7vF4AaABAg,n8iP75gIpmw,Qué rico come tu diputado,UCE4rsXcgDb6e1-a9iTbWzfg,Quorum,UCmvOgzmmXbjUthHy-WJ52hQ,@mariorodas593,Eso del ferrogaril nunca se va a realisar.,Eso del ferrogaril nunca se va a realisar.,ferrogaril realisar,1,0,42,0,@quorumgt/videos,channel,NEG,0.793234,0.191913,0.014853,0.793234,0.601321,0.563061,"polaridad negativa (critica, queja, rechazo, insulto)",False,pysentimiento/robertuito-sentiment-analysis
UgzOeIbOqa0dhaWyj_B4AaABAg,s0eco-BofOs,¿Quiénes pagan más en Centroamérica?,UCE4rsXcgDb6e1-a9iTbWzfg,Quorum,UC6xI_MOaxajIWpoP8BH6E_Q,@jahirdiaz5862,wooow,wooow,woow,0,0,5,0,@quorumgt/videos,channel,POS,0.03429,0.213565,0.752146,0.752146,0.538581,0.659591,"polaridad positiva (aprobacion, agradecimiento, elogio, apoyo)",False,pysentimiento/robertuito-sentiment-analysis
UgzPExq20lnf7-8d7_p4AaABAg,lj983NWyAQY,Plan 2032 Ciudad de Guatemala,UCXa6LVjBzUtmcM3cwbd9e2w,Municipalidad de Guatemala,UCtMBF_1O2jY2INlb_luuB_A,@mynorgudiel8646,Que Bonita ciudad mi Guatemala como te extraño algún día regresaremos saludos a todos los paisanos que estamos en el extranjero,Que Bonita ciudad mi Guatemala como te extraño algún día regresaremos saludos a todos los paisanos que estamos en el extranjero,bonito ciudad guatemala extrano regresarer saludo paisano extranjero,15,0,127,0,Municipalidad de Guatemala,topic,POS,0.087298,0.208169,0.704533,0.704533,0.496365,0.786313,"polaridad positiva (aprobacion, agradecimiento, elogio, apoyo)",False,pysentimiento/robertuito-sentiment-analysis
UgzQTWwjC_XVPUNxuXp4AaABAg,OkXlHx0hx-8,EE.UU. envía a mexicanos deportados a Guatemala antes de su regreso a México | Noticias Telemundo,UCRwA1NUcUnwsly35ikGhp0A,Noticias Telemundo,UCrqXyRsg-_hTosURZ-uvoKg,@flornolberto2425,Que desgraciados sin Corazón y porque mandarlos a un pais del que no pertenesen ???? Si los  deportan por lo menos deverian de hacerlo al pais que pertenesen haci la familia puede verlos y ver sus nesecidad.,Que desgraciados sin Corazón y porque mandarlos a un pais del que no pertenesen ??? Si los deportan por lo menos deverian de hacerlo al pais que pertenesen haci la familia puede verlos y ver sus nesecidad.,desgraciado corazon mandarlo pertenesen deportar deveriar pertenesen haci familia verlo nesecidad,0,0,207,0,guatemala noticias,topic,NEG,0.950804,0.042323,0.006874,0.950804,0.908481,0.21604,"polaridad negativa (critica, queja, rechazo, insulto)",False,pysentimiento/robertuito-sentiment-analysis
UgzRlz8OqalaHh8EnUl4AaABAg,OkXlHx0hx-8,EE.UU. envía a mexicanos deportados a Guatemala antes de su regreso a México | Noticias Telemundo,UCRwA1NUcUnwsly35ikGhp0A,Noticias Telemundo,UCGZMgmM92E3njyXNe9-kjAQ,@pasionpornada,""" Ayudanos a luchar contra el racismo y los malos tratos; vete de regreso a tu pais""
                                              Someone.",""" Ayudanos a luchar contra el racismo y los malos tratos; vete de regreso a tu pais"" Someone.",ayudano luchar racismo malo trato vetir regreso someonir,2,1,139,0,guatemala noticias,topic,NEU,0.426407,0.441934,0.131659,0.441934,0.015527,0.991277,"polaridad neutra (informativo, pregunta, sin carga afectiva clara)",True,pysentimiento/robertuito-sentiment-analysis
UgzRlz8OqalaHh8EnUl4AaABAg.Aa9hqaKl_ywAaB_OUjpKKh,OkXlHx0hx-8,EE.UU. envía a mexicanos deportados a Guatemala antes de su regreso a México | Noticias Telemundo,UCRwA1NUcUnwsly35ikGhp0A,Noticias Telemundo,UCi2KiZq63sRq8Mfbcp-MelQ,@eugeneramirez4405,"It ghe LAW 
You don't make your own rules!",It ghe LAW You don't make your own rules!,ghe law don make your own rul,0,0,42,0,guatemala noticias,topic,NEG,0.680031,0.244469,0.0755,0.680031,0.435563,0.80167,"polaridad negativa (critica, queja, rechazo, insulto)",False,pysentimiento/robertuito-sentiment-analysis
UgzRyWsi9Ed1wsXKgwd4AaABAg,yLZS3JiEBg8,Arroz con pollo a la MONOPOLIO,UCE4rsXcgDb6e1-a9iTbWzfg,Quorum,UCOY3XpD9qMCRSA8AA8c4CAw,@franciscorodas9686,Muy buena explicación para entender los carteles y la necesidad de una Ley de Competencia. Felicitaciones.,Muy buena explicación para entender los carteles y la necesidad de una Ley de Competencia. Felicitaciones.,explicacion entender cartel necesidad ley competencia felicitacion,1,0,106,0,@quorumgt/videos,channel,POS,0.007759,0.04706,0.945181,0.945181,0.898121,0.234819,"polaridad positiva (aprobacion, agradecimiento, elogio, apoyo)",False,pysentimiento/robertuito-sentiment-analysis
UgzSjpcAY2zvJ6i-poh4AaABAg,is3Mk5oC19g,Capturan a ladrón que había quedado grabado mientras robaba en una parroquia de Retalhuleu,UCt5Dw7ePnn0AqPqRF8Xpjkw,TN23 Guatemala,UCfRqgt2O-vjzUDMZY_tnxQw,@Williams-Garcia67E,Robando en una iglesia eso es un gran pecado,Robando en una iglesia eso es un gran pecado,robar iglesia pecado,0,0,44,0,guatemala noticias,topic,NEG,0.743944,0.225358,0.030698,0.743944,0.518586,0.662788,"polaridad negativa (critica, queja, rechazo, insulto)",False,pysentimiento/robertuito-sentiment-analysis
UgzSu6dFpC7PrEYl7AF4AaABAg,n8iP75gIpmw,Qué rico come tu diputado,UCE4rsXcgDb6e1-a9iTbWzfg,Quorum,UC9vMq1YF-e7C-VO0SHkbUTA,@ErvinLeonardoCarreraLatín,Este señor le vale cuánto es el valor del almuerzo de un pobre y cuánto gana la población  más pobre,Este señor le vale cuánto es el valor del almuerzo de un pobre y cuánto gana la población más pobre,senor valer valor almuerzo pobre ganar poblacion pobre,0,0,100,0,@quorumgt/videos,channel,NEG,0.919668,0.072251,0.008082,0.919668,0.847417,0.305801,"polaridad negativa (critica, queja, rechazo, insulto)",False,pysentimiento/robertuito-sentiment-analysis
UgzT_1dx4pvgJTFMsnZ4AaABAg,6W4u8sGEnGM,Inician los trabajos de recuperación del Puente Belice II.,UC-ZtFBHzgkYFh7whZkuR_Ag,Gobierno de la República de Guatemala,UCp29O_C7cchZV8IxV7Crdag,@robertoescobar5507,"Parafraseando a Bukele, cuando no hay hueveo el pisto alcanza.","Parafraseando a Bukele, cuando no hay hueveo el pisto alcanza.",parafrasear bukele hueveo pisto alcanzar,0,0,62,0,Gobierno de la República de Guatemala,topic,NEU,0.230613,0.618315,0.151072,0.618315,0.387702,0.921098,"polaridad neutra (informativo, pregunta, sin carga afectiva clara)",False,pysentimiento/robertuito-sentiment-analysis
UgzTqBd3og9IPuVu3o94AaABAg,n8iP75gIpmw,Qué rico come tu diputado,UCE4rsXcgDb6e1-a9iTbWzfg,Quorum,UCrJn_rbo_ENAdeqneS-RmRw,@josecarrera9623,se be q ese neri rodas kiere seguir comiendo acostillas de los pobres de guatemala verguenza no conose,se be q ese neri rodas kiere seguir comiendo acostillas de los pobres de guatemala verguenza no conose,neri roda kierir seguir comer acostilla pobre guatemala verguenzar cono el,1,0,102,0,@quorumgt/videos,channel,NEG,0.941918,0.050211,0.007871,0.941918,0.891708,0.2447,"polaridad negativa (critica, queja, rechazo, insulto)",False,pysentimiento/robertuito-sentiment-analysis
UgzU2eLo006-Cz6rYLZ4AaABAg,ndAZjHqzzT8,Internet: escoger el menos malo,UCE4rsXcgDb6e1-a9iTbWzfg,Quorum,UCjJf-AJKRFFWtiN-CSwkDmA,@2jose82,En Tigo tienen una práctica que se llama falla programada y como lo dice el nombre lo hacen para obligar a los a clientes a migrar a nuevos servicios que seguramente podrían llegar a ser más caros o para que paguen x adelantado en el caso del internet residencial sin contrato,En Tigo tienen una práctica que se llama falla programada y como lo dice el nombre lo hacen para obligar a los a clientes a migrar a nuevos servicios que seguramente podrían llegar a ser más caros o para que paguen x adelantado en el caso del internet residencial sin contrato,tigo practica llamar falla programado nombre obligar cliente migrar servicio seguramente llegar caro pagar adelantado caso internet residencial contrato,0,0,276,0,@quorumgt/videos,channel,NEG,0.875953,0.120418,0.003629,0.875953,0.755536,0.391302,"polaridad negativa (critica, queja, rechazo, insulto)",False,pysentimiento/robertuito-sentiment-analysis
UgzVRaRar_M-cPPi92x4AaABAg,is3Mk5oC19g,Capturan a ladrón que había quedado grabado mientras robaba en una parroquia de Retalhuleu,UCt5Dw7ePnn0AqPqRF8Xpjkw,TN23 Guatemala,UCBtB5dIyx-C16UN8ClUD2UA,@alexmonzon4257,Parece hijo del policia que esta a su lado...,Parece hijo del policia que esta a su lado...,hijo policia,0,0,45,0,guatemala noticias,topic,NEG,0.596264,0.359314,0.044422,0.596264,0.23695,0.814421,"polaridad negativa (critica, queja, rechazo, insulto)",False,pysentimiento/robertuito-sentiment-analysis
UgzVSZ19e2Cc28bFi-94AaABAg,n8iP75gIpmw,Qué rico come tu diputado,UCE4rsXcgDb6e1-a9iTbWzfg,Quorum,UCDUffaruH6dyUnUGwsTKpgg,@luisletona2842,Pobrecito dipucaco,Pobrecito dipucaco,pobrecito dipucaco,2,0,18,0,@quorumgt/videos,channel,NEG,0.857384,0.087532,0.055084,0.857384,0.769852,0.504814,"polaridad negativa (critica, queja, rechazo, insulto)",False,pysentimiento/robertuito-sentiment-analysis
UgzVsPOuFAogocL8wKB4AaABAg,6W4u8sGEnGM,Inician los trabajos de recuperación del Puente Belice II.,UC-ZtFBHzgkYFh7whZkuR_Ag,Gobierno de la República de Guatemala,UCgGqw4aqMdMVSGkKiMgrJRQ,@pattyfigueroa5609,Interesante 😊 de haya cosas buenas en el país de guatemala.con el puente Belice dos.,Interesante emoji cara feliz con ojos sonrientes emoji de haya cosas buenas en el país de guatemala.con el puente Belice dos.,interesante guatemala puente belice,0,0,84,1,Gobierno de la República de Guatemala,topic,POS,0.003397,0.071937,0.924666,0.924666,0.852729,0.281068,"polaridad positiva (aprobacion, agradecimiento, elogio, apoyo)",False,pysentimiento/robertuito-sentiment-analysis
UgzWNBqTQMz8ba4pbUd4AaABAg,j43HgwYFKfk,La cooptación de Walter Mazariegos en la USAC,UCE4rsXcgDb6e1-a9iTbWzfg,Quorum,UC32oozucwCF3q8d4m8fyOUg,@RauldejesusOlivagonzalez,La pregunta  es.quetanto poder tiene ese delicuente de. Masariego  porque es impone ese indibidodespierte amigo unibersitarios que pasa,La pregunta es.quetanto poder tiene ese delicuente de. Masariego porque es impone ese indibidodespierte amigo unibersitarios que pasa,preguntar quetanto delicuente masariego imponer indibidodespierte amigo unibersitarios pasar,0,0,135,0,@quorumgt/videos,channel,NEG,0.840556,0.15164,0.007804,0.840556,0.688916,0.469901,"polaridad negativa (critica, queja, rechazo, insulto)",False,pysentimiento/robertuito-sentiment-analysis
UgzWNJK42U_F1IKlwwh4AaABAg,n8iP75gIpmw,Qué rico come tu diputado,UCE4rsXcgDb6e1-a9iTbWzfg,Quorum,UCvApqeCbLod-wejtT4CcVuA,@davidgaher9550,"Prepotente todavía, ni vergüenza tienen, gastar como no les cuesta nada deberían pagarlo con sus propio sueldo","Prepotente todavía, ni vergüenza tienen, gastar como no les cuesta nada deberían pagarlo con sus propio sueldo",prepotente verguenza gastar cuesta deberiar pagar el sueldo,15,0,110,0,@quorumgt/videos,channel,NEG,0.966294,0.025104,0.008602,0.966294,0.941191,0.166541,"polaridad negativa (critica, queja, rechazo, insulto)",False,pysentimiento/robertuito-sentiment-analysis
UgzWs20muY6Ghm9Z7094AaABAg,JkpVO1hx2f8,10 Preguntas a un año del Paro Nacional,UCE4rsXcgDb6e1-a9iTbWzfg,Quorum,UCHGd14aYuZZShLD73dkk6mg,@noemiherrera3152,Fue emocionante! ❤🥹,Fue emocionante! emoji corazón rojo emoji emoji cara aguantándose las lágrimas emoji,emocionante,0,0,19,2,@quorumgt/videos,channel,POS,0.079696,0.349363,0.57094,0.57094,0.221577,0.888995,"polaridad positiva (aprobacion, agradecimiento, elogio, apoyo)",False,pysentimiento/robertuito-sentiment-analysis
UgzXDN6uNEworKy3uqZ4AaABAg,n8iP75gIpmw,Qué rico come tu diputado,UCE4rsXcgDb6e1-a9iTbWzfg,Quorum,UCiMythXHsw7eQEMykCdmMUA,@JavierBecerra-h6x,"Con la venta de fertilizantes se repone todo lo gastado y queda ganancia todavía, dice que tiene 40 agroservicios.","Con la venta de fertilizantes se repone todo lo gastado y queda ganancia todavía, dice que tiene 40 agroservicios.",ventar fertilizant reponer gastado quedar ganancia agroservicio,2,0,114,0,@quorumgt/videos,channel,NEU,0.023088,0.643962,0.332951,0.643962,0.311011,0.736589,"polaridad neutra (informativo, pregunta, sin carga afectiva clara)",False,pysentimiento/robertuito-sentiment-analysis
UgzYz6n8mPI0dBWsP2h4AaABAg,j43HgwYFKfk,La cooptación de Walter Mazariegos en la USAC,UCE4rsXcgDb6e1-a9iTbWzfg,Quorum,UC-fiZBS5Gp1eCJd9ucgWnCg,@Tommii.10,Hay que sacar a como de lugar a estos 37 miembros del consejo que cumplieron su tiempo y colocar una denuncia penal contra estos que están usurpado los cargos en el CSU,Hay que sacar a como de lugar a estos 37 miembros del consejo que cumplieron su tiempo y colocar una denuncia penal contra estos que están usurpado los cargos en el CSU,sacar lugar miembro consejo cumplir tiempo colocar denuncia penal usurpado cargos csu,6,0,168,0,@quorumgt,topic,NEG,0.520976,0.434034,0.04499,0.520976,0.086943,0.84149,"polaridad negativa (critica, queja, rechazo, insulto)",False,pysentimiento/robertuito-sentiment-analysis
UgzZMPOIKJlwEpgh7zd4AaABAg,b_Hkrkl3adA,Bloqueos en Guatemala este 31 de agosto por alza en combustibles afectan rutas principales,UCEepOY2svuxbsJ-zsAPT9Fg,PrensaLibreOficial,UC5PrBbmUlQolwqmiru7yZhw,@lazarochavez8269,Porque estan aciendo protestas si la gasolina aun subira mas de precio yo claro les edicho que si Nosotros perdemos la guerra Con Irán 🇮🇷 ustedes países como Mexico Guatemala todos los países del mundo 🌎no podrán comprar gasolina porque el galón subira $10. por galón cuánto es esto en tu país es mucho dinero saludos desde mi hermoso país 🇺🇸🇺🇸💵🦅🇺🇸🇺🇸♥️,Porque estan aciendo protestas si la gasolina aun subira mas de precio yo claro les edicho que si Nosotros perdemos la guerra Con Irán emoji bandera irán emoji ustedes países como Mexico Guatemala todos los países del mundo emoji globo terráqueo mostrando américa emoji no podrán comprar gasolina porque el galón subira $10. por galón cuánto es esto en tu país es mucho dinero saludos desde mi hermoso país emoji bandera estados unidos emoji emoji bandera estados unidos emoji emoji billete de dólar emoji emoji águila emoji emoji bandera estados unidos emoji emoji bandera estados unidos emoji emoji palo de corazones emoji,aceir protesta gasolina subirir precio edicho perder guerra iran mexico guatemala mundir comprar gasolina galon subira galon dinero saludo hermoso,0,1,352,9,guatemala noticias,topic,NEG,0.612616,0.367313,0.02007,0.612616,0.245303,0.746516,"polaridad negativa (critica, queja, rechazo, insulto)",False,pysentimiento/robertuito-sentiment-analysis
UgzZMPOIKJlwEpgh7zd4AaABAg.AaB6SZj2UadAaBRkGrUAJI,b_Hkrkl3adA,Bloqueos en Guatemala este 31 de agosto por alza en combustibles afectan rutas principales,UCEepOY2svuxbsJ-zsAPT9Fg,PrensaLibreOficial,UC094EFEmMSdwVa8NQjjYBXg,@CelestinoQuej-j7k,Pero ay que entender esta a 10 o un poco MAs de impuesto x galon en en Guatemala,Pero ay que entender esta a 10 o un poco MAs de impuesto x galon en en Guatemala,entender impuesto galon guatemala,0,0,80,0,guatemala noticias,topic,NEU,0.187776,0.781606,0.030618,0.781606,0.593831,0.613388,"polaridad neutra (informativo, pregunta, sin carga afectiva clara)",False,pysentimiento/robertuito-sentiment-analysis
UgzZMPOIKJlwEpgh7zd4AaABAg.AaB6SZj2UadAaCH5adXxCo,b_Hkrkl3adA,Bloqueos en Guatemala este 31 de agosto por alza en combustibles afectan rutas principales,UCEepOY2svuxbsJ-zsAPT9Fg,PrensaLibreOficial,UCGm3gRBEHGRJYmtCryZLtDw,@JoséLopez-g6k,Pues  dile a tu presidente que deje de andar haciendo guerra a lo baboseo .,Pues dile a tu presidente que deje de andar haciendo guerra a lo baboseo .,dile presidente dejar andar guerra baboseo,0,0,75,0,guatemala noticias,topic,NEG,0.837228,0.124833,0.037939,0.837228,0.712395,0.53262,"polaridad negativa (critica, queja, rechazo, insulto)",False,pysentimiento/robertuito-sentiment-analysis
UgzZc-W-gVj1t4SXc-54AaABAg,lj983NWyAQY,Plan 2032 Ciudad de Guatemala,UCXa6LVjBzUtmcM3cwbd9e2w,Municipalidad de Guatemala,UCwUAv3_LpWVtTIi7lkmTL7A,@kingr4706,"Sería muy bueno que hicieran eso, y que también mejoren muchas cosas no solo en la capital. Ojalá antes lo hagan.
Vamos Guate, saldremos adelante con pasos pequeño pero firmes 🇬🇹❤️🇬🇹","Sería muy bueno que hicieran eso, y que también mejoren muchas cosas no solo en la capital. Ojalá antes lo hagan. Vamos Guate, saldremos adelante con pasos pequeño pero firmes emoji bandera guatemala emoji emoji corazón rojo emoji emoji bandera guatemala emoji",mejorar capital ojala guate salir paso pequeno firme,16,0,182,3,Municipalidad de Guatemala,topic,POS,0.041855,0.391807,0.566338,0.566338,0.174532,0.821945,"polaridad positiva (aprobacion, agradecimiento, elogio, apoyo)",False,pysentimiento/robertuito-sentiment-analysis
UgzaTUgOy4ekC0xQoFt4AaABAg,n8iP75gIpmw,Qué rico come tu diputado,UCE4rsXcgDb6e1-a9iTbWzfg,Quorum,UC5H8ASmMC9WrURmzeB4ySog,@ManuelEdran,Es su obligacion trabajar...no se aproveche,Es su obligacion trabajar...no se aproveche,obligacion trabajar aproveche,1,0,43,0,@quorumgt/videos,channel,NEU,0.326144,0.600697,0.073159,0.600697,0.274554,0.862891,"polaridad neutra (informativo, pregunta, sin carga afectiva clara)",False,pysentimiento/robertuito-sentiment-analysis
UgzaWev1Ju6338Y7Ehl4AaABAg,ndAZjHqzzT8,Internet: escoger el menos malo,UCE4rsXcgDb6e1-a9iTbWzfg,Quorum,UC5wuDq3U3vRAhOQI3D7gNdw,@allanreneramirezgonzalez534,"Excelente informacion, me suscribí al canal por una publicacion en FB","Excelente informacion, me suscribí al canal por una publicacion en FB",excelente informacion suscribi canal publicacion,2,1,69,0,@quorumgt/videos,channel,POS,0.006266,0.170944,0.82279,0.82279,0.651846,0.494234,"polaridad positiva (aprobacion, agradecimiento, elogio, apoyo)",False,pysentimiento/robertuito-sentiment-analysis
UgzaWev1Ju6338Y7Ehl4AaABAg.A3Wof66r37mA3WrEtkJyep,ndAZjHqzzT8,Internet: escoger el menos malo,UCE4rsXcgDb6e1-a9iTbWzfg,Quorum,UCvcu1kR8xMYy_I1Ty-2mV2Q,@hashojea7348,Me pasó,Me pasó,paso,0,0,7,0,@quorumgt/videos,channel,NEU,0.352254,0.528964,0.118782,0.528964,0.17671,0.957467,"polaridad neutra (informativo, pregunta, sin carga afectiva clara)",False,pysentimiento/robertuito-sentiment-analysis
Ugzb66mq9Rv0T7aalfJ4AaABAg,n8iP75gIpmw,Qué rico come tu diputado,UCE4rsXcgDb6e1-a9iTbWzfg,Quorum,UCXXh7yg5KUFIWylTiKVEFKQ,@MrDuenderojo,El poeta de el diablo el portillo... y no que muy honesto el pastorcito  pues......,El poeta de el diablo el portillo... y no que muy honesto el pastorcito pues...,poeta diablo portillo honesto pastorcito,1,0,83,0,@quorumgt/videos,channel,NEG,0.578705,0.327843,0.093452,0.578705,0.250862,0.903656,"polaridad negativa (critica, queja, rechazo, insulto)",False,pysentimiento/robertuito-sentiment-analysis
UgzcJTEHjaN8bEV8Hfd4AaABAg,n8iP75gIpmw,Qué rico come tu diputado,UCE4rsXcgDb6e1-a9iTbWzfg,Quorum,UC3XTwHxygNCgjndsg-UiCQA,@marioajset4283,"Julio Héctor Estrada, que triste que inconsciencia.","Julio Héctor Estrada, que triste que inconsciencia.",julio hector estrado triste inconsciencia,1,0,51,0,@quorumgt/videos,channel,NEG,0.980077,0.015663,0.004259,0.980077,0.964414,0.108077,"polaridad negativa (critica, queja, rechazo, insulto)",False,pysentimiento/robertuito-sentiment-analysis
UgzcVyiuFGJ0Yv0C4Zt4AaABAg,n8iP75gIpmw,Qué rico come tu diputado,UCE4rsXcgDb6e1-a9iTbWzfg,Quorum,UCsJJAvrVGupdmhOqgtDp8dg,@nestorlorenzana1168,Mentiras los diputados no ganan Q25mil......Ellos ganan Q45mil....no sea mentiroso,Mentiras los diputados no ganan Q25mil...Ellos ganan Q45mil...no sea mentiroso,mentira diputado ganar q25mil ganar q45mil mentiroso,1,0,82,0,@quorumgt/videos,channel,NEG,0.603822,0.352693,0.043484,0.603822,0.251129,0.808514,"polaridad negativa (critica, queja, rechazo, insulto)",False,pysentimiento/robertuito-sentiment-analysis
Ugzd2CVlJWOmHWBPSkN4AaABAg,n8iP75gIpmw,Qué rico come tu diputado,UCE4rsXcgDb6e1-a9iTbWzfg,Quorum,UCQ_-LPP8JAbfkc-b1Q6NvWw,@MegaKristenstewart,Diputados ladrones sin verguenza por eso guate nunca va salir adelante que pena.,Diputados ladrones sin verguenza por eso guate nunca va salir adelante que pena.,diputado ladron verguenza guatar salir pena,0,0,80,0,@quorumgt/videos,channel,NEG,0.976329,0.016544,0.007126,0.976329,0.959785,0.126481,"polaridad negativa (critica, queja, rechazo, insulto)",False,pysentimiento/robertuito-sentiment-analysis
UgzeCbhVJhOJATewi5J4AaABAg,n8iP75gIpmw,Qué rico come tu diputado,UCE4rsXcgDb6e1-a9iTbWzfg,Quorum,UCtNfIBnc5S5DbbQj_yxgJTw,@JosueRamirez-ey3ih,Mantenidos,Mantenidos,mantenido,1,0,10,0,@quorumgt/videos,channel,NEU,0.430597,0.470231,0.099172,0.470231,0.039634,0.946794,"polaridad neutra (informativo, pregunta, sin carga afectiva clara)",True,pysentimiento/robertuito-sentiment-analysis
UgzfLTatI6lJD6Z_u_94AaABAg,6W4u8sGEnGM,Inician los trabajos de recuperación del Puente Belice II.,UC-ZtFBHzgkYFh7whZkuR_Ag,Gobierno de la República de Guatemala,UC-Iul5tDYH_oiAMXQH-KaaQ,@AlbertoMancilla-p9h,Wooooooooooooooooooooooooow calidad va llegará el tren asta izabal puerto Barrios el Atlántico y pacifico va ser súper lindo proyecto va ver mucho trabajo en el país saludos desde USA 🇺🇸 🎉,Wooow calidad va llegará el tren asta izabal puerto Barrios el Atlántico y pacifico va ser súper lindo proyecto va ver mucho trabajo en el país saludos desde USA emoji bandera estados unidos emoji emoji cañón de confeti emoji,woow calidad llegar tren asta izabal puerto barrio atlantico pacifico super lindo proyecto trabajo saludo,1,0,188,2,Gobierno de la República de Guatemala,topic,POS,0.005391,0.075901,0.918708,0.918708,0.842808,0.301748,"polaridad positiva (aprobacion, agradecimiento, elogio, apoyo)",False,pysentimiento/robertuito-sentiment-analysis
UgzfXuFsM8L3Qt6qWJV4AaABAg,WIUZtitfLRw,Caminar en una ciudad hecha para carros,UCE4rsXcgDb6e1-a9iTbWzfg,Quorum,UCyW68EGZey4ao_Vf2cR5Ztg,@ZabalaXabier,"Y los popos por las calles, humanos y de perros principalmente, nadie los limpia, un problema de seguridad vial y de salud pública. Hay que hacer algo más por los peatones.","Y los popos por las calles, humanos y de perros principalmente, nadie los limpia, un problema de seguridad vial y de salud pública. Hay que hacer algo más por los peatones.",popo call humano perro principalmente limpio problema seguridad vial salud publicar peaton,0,0,172,0,@quorumgt/videos,channel,NEG,0.956185,0.037224,0.006591,0.956185,0.91896,0.198439,"polaridad negativa (critica, queja, rechazo, insulto)",False,pysentimiento/robertuito-sentiment-analysis
Ugzfc9D5wlSKYgY5Jrh4AaABAg,OkXlHx0hx-8,EE.UU. envía a mexicanos deportados a Guatemala antes de su regreso a México | Noticias Telemundo,UCRwA1NUcUnwsly35ikGhp0A,Noticias Telemundo,UCZjm6U576nX8WOiLhmMR3bw,@MariaNavarroYT,Cuantas maldad😢😢😢,Cuantas maldad emoji cara llorando emoji emoji cara llorando emoji emoji cara llorando emoji,maldad,3,1,17,3,guatemala noticias,topic,NEG,0.791209,0.191623,0.017168,0.791209,0.599587,0.571683,"polaridad negativa (critica, queja, rechazo, insulto)",False,pysentimiento/robertuito-sentiment-analysis
Ugzfc9D5wlSKYgY5Jrh4AaABAg.Aa9bbFyRF_AAaB_C3DtL_L,OkXlHx0hx-8,EE.UU. envía a mexicanos deportados a Guatemala antes de su regreso a México | Noticias Telemundo,UCRwA1NUcUnwsly35ikGhp0A,Noticias Telemundo,UCi2KiZq63sRq8Mfbcp-MelQ,@eugeneramirez4405,Mexico deports people all the time! So. Why is this different??,Mexico deports people all the time! So. Why is this different??,mexico deports peoplir all time why this different,1,0,63,0,guatemala noticias,topic,NEG,0.880657,0.099812,0.01953,0.880657,0.780845,0.418801,"polaridad negativa (critica, queja, rechazo, insulto)",False,pysentimiento/robertuito-sentiment-analysis
Ugzhc5zg6rDOR3ltTAZ4AaABAg,j43HgwYFKfk,La cooptación de Walter Mazariegos en la USAC,UCE4rsXcgDb6e1-a9iTbWzfg,Quorum,UC_LYoGs5C3mbZKZuKuqYCvw,@javiercifuentesarchila6041,Gracias por explicarlo!,Gracias por explicarlo!,explicar el,7,0,23,0,@quorumgt,topic,POS,0.030126,0.246464,0.72341,0.72341,0.476946,0.684919,"polaridad positiva (aprobacion, agradecimiento, elogio, apoyo)",False,pysentimiento/robertuito-sentiment-analysis
UgzhjFXjeUslGQMZ7KB4AaABAg,6W4u8sGEnGM,Inician los trabajos de recuperación del Puente Belice II.,UC-ZtFBHzgkYFh7whZkuR_Ag,Gobierno de la República de Guatemala,UCRfkkatKrNtAARnXMMYBGlA,@BernerSoza-mg3vx,Que se termine la corrupcion para construier obras como estas  correjir el pais mano dura,Que se termine la corrupcion para construier obras como estas correjir el pais mano dura,terminar corrupcion construier obra correjir mano duro,0,0,89,0,Gobierno de la República de Guatemala,topic,NEG,0.774507,0.193645,0.031849,0.774507,0.580862,0.625596,"polaridad negativa (critica, queja, rechazo, insulto)",False,pysentimiento/robertuito-sentiment-analysis
UgzhtSisQXcyX7bqkzB4AaABAg,n8iP75gIpmw,Qué rico come tu diputado,UCE4rsXcgDb6e1-a9iTbWzfg,Quorum,UCA93ym2TXs_Ibyxb4Vcn-6Q,@oswaldosolis8728,"Tiene razón el diputado, le dan importancia a babosaditas","Tiene razón el diputado, le dan importancia a babosaditas",razon diputado importancia babosadita,0,0,57,0,@quorumgt/videos,channel,NEG,0.951431,0.036483,0.012087,0.951431,0.914948,0.221532,"polaridad negativa (critica, queja, rechazo, insulto)",False,pysentimiento/robertuito-sentiment-analysis
Ugzi82q6lRyjtKUL5lV4AaABAg,n8iP75gIpmw,Qué rico come tu diputado,UCE4rsXcgDb6e1-a9iTbWzfg,Quorum,UCAmtbUiIrUIhikru0ZoTFig,@Aura-vf6dm,SON CÍNICOS,SON CÍNICOS,cinico,7,0,11,0,@quorumgt/videos,channel,NEG,0.898205,0.077957,0.023838,0.898205,0.820248,0.384414,"polaridad negativa (critica, queja, rechazo, insulto)",False,pysentimiento/robertuito-sentiment-analysis
Ugzin8yr1Zz1k47GsSp4AaABAg,n8iP75gIpmw,Qué rico come tu diputado,UCE4rsXcgDb6e1-a9iTbWzfg,Quorum,UCr1emrogPKkKTs_WTtx71xg,@domingopeneleu6457,Ay ricos shucos en la calle jajaja,Ay ricos shucos en la calle jaja,rico shuco calle,0,0,34,0,@quorumgt/videos,channel,NEG,0.43534,0.420122,0.144538,0.43534,0.015219,1.005942,"polaridad negativa (critica, queja, rechazo, insulto)",True,pysentimiento/robertuito-sentiment-analysis
UgzjFGboqNxQ7BcH0bZ4AaABAg,lj983NWyAQY,Plan 2032 Ciudad de Guatemala,UCXa6LVjBzUtmcM3cwbd9e2w,Municipalidad de Guatemala,UCRznz9-N3Qc1w-qNdLSIY2Q,@jimmygomez724,Hermosa cuidad de guatemala saludos desde el salvador,Hermosa cuidad de guatemala saludos desde el salvador,hermoso cuidad guatemala saludos salvador,14,0,53,0,Municipalidad de Guatemala,topic,POS,0.006864,0.070845,0.922291,0.922291,0.851446,0.296345,"polaridad positiva (aprobacion, agradecimiento, elogio, apoyo)",False,pysentimiento/robertuito-sentiment-analysis
UgzjqVqTKYeOrM1kW0F4AaABAg,lj983NWyAQY,Plan 2032 Ciudad de Guatemala,UCXa6LVjBzUtmcM3cwbd9e2w,Municipalidad de Guatemala,UCY7Hq7F9Lnucf-Yr6JkHZNw,@maynorcalel1442,Primero Dios,Primero Dios,,79,0,12,0,Municipalidad de Guatemala,topic,NEU,0.200753,0.570614,0.228633,0.570614,0.341981,0.979863,"polaridad neutra (informativo, pregunta, sin carga afectiva clara)",False,pysentimiento/robertuito-sentiment-analysis
Ugzk5XnOVKoVj8FiOCB4AaABAg,OkXlHx0hx-8,EE.UU. envía a mexicanos deportados a Guatemala antes de su regreso a México | Noticias Telemundo,UCRwA1NUcUnwsly35ikGhp0A,Noticias Telemundo,UC-QOpE7GOxlXcHZ8b7HbQKA,@mariaalexander427,Y??? Entraron ilegalmente a un pais AJENO!! No tenemos obligacion de dejarlos en las puertas de sus ranchos! Problema de otro gobierno!🇺🇸💪🗽⚖️✈️✈️✈️,Y??? Entraron ilegalmente a un pais AJENO!! No tenemos obligacion de dejarlos en las puertas de sus ranchos! Problema de otro gobierno! emoji bandera estados unidos emoji emoji bíceps flexionado emoji emoji estatua de la libertad emoji emoji balanza emoji emoji avión emoji emoji avión emoji emoji avión emoji,entrar ilegalmente ajeno obligacion dejar el puerta rancho problema gobierno,0,0,147,7,guatemala noticias,topic,NEG,0.610088,0.371195,0.018718,0.610088,0.238893,0.743805,"polaridad negativa (critica, queja, rechazo, insulto)",False,pysentimiento/robertuito-sentiment-analysis
UgzlqevYeQWpdUl_KON4AaABAg,n8iP75gIpmw,Qué rico come tu diputado,UCE4rsXcgDb6e1-a9iTbWzfg,Quorum,UCjSKM9j0Q7HLDr1hD6D-TUw,@josehidalgo4875,Solo lo que sale a luz se da cuenta el pueblo de lo que hasen estos malvados y lo que hasen a escondidas quien les dise algo estos bien bien comidos y el pueblo que en eso yo mismo se los e dicho que el que sale beneficiado en todo es el político ustedes creen que se preocupan x el pueblo yo siempre les e dicho que solo las sobras le dejan al pueblo x que esta clase de gente solo tiene que ver primero sus intereses y lo demás les vale madre,Solo lo que sale a luz se da cuenta el pueblo de lo que hasen estos malvados y lo que hasen a escondidas quien les dise algo estos bien bien comidos y el pueblo que en eso yo mismo se los e dicho que el que sale beneficiado en todo es el político ustedes creen que se preocupan x el pueblo yo siempre les e dicho que solo las sobras le dejan al pueblo x que esta clase de gente solo tiene que ver primero sus intereses y lo demás les vale madre,salir luz pueblo har malvado har escondido disar comido pueblo salir beneficiado politico creer preocupar pueblo sobra dejar pueblo clase interes valer madre,2,0,444,0,@quorumgt/videos,channel,NEG,0.953532,0.040258,0.00621,0.953532,0.913275,0.206254,"polaridad negativa (critica, queja, rechazo, insulto)",False,pysentimiento/robertuito-sentiment-analysis
Ugzm7wFhhdctNQt_ubl4AaABAg,06mFNPU0aB8,Capturan a presuntos delincuentes disfrazados de mujer señalados de cometer asalto,UCVpSRoZgngfSL03Nlbjtq9A,Noti7,UCwCfs-2zbD5k0lG-UVg_JBw,@JessicaHuaz-96,Al fin hicieron algo bueno los polis👏👏👏👏👏,Al fin hicieron algo bueno los polis emoji manos aplaudiendo emoji emoji manos aplaudiendo emoji emoji manos aplaudiendo emoji,poli,0,0,41,5,guatemala noticias,topic,POS,0.067578,0.37621,0.556212,0.556212,0.180002,0.876151,"polaridad positiva (aprobacion, agradecimiento, elogio, apoyo)",False,pysentimiento/robertuito-sentiment-analysis
UgzmBKXDgncBFsDjRwd4AaABAg,n8iP75gIpmw,Qué rico come tu diputado,UCE4rsXcgDb6e1-a9iTbWzfg,Quorum,UC72gBAtyb_VXQlYDcFrh6oQ,@osmanmorales3012,Siempre tienen excusa,Siempre tienen excusa,excusa,1,0,21,0,@quorumgt/videos,channel,NEG,0.667179,0.294044,0.038777,0.667179,0.373136,0.755945,"polaridad negativa (critica, queja, rechazo, insulto)",False,pysentimiento/robertuito-sentiment-analysis
UgzmBVMoFVO53-_ZZ-54AaABAg,PjmxCj-a9Hg,Conferencia de Prensa del Gobierno de Guatemala. #LaRondaGt,UC-ZtFBHzgkYFh7whZkuR_Ag,Gobierno de la República de Guatemala,UC8xlJWNHz1V_W6q3fbuQH8g,@NormaLópez-v7e,Excelente señor ministro.,Excelente señor ministro.,excelente senor ministro,1,0,25,0,@GobiernodeGuatemala,topic,POS,0.023983,0.088375,0.887642,0.887642,0.799267,0.409674,"polaridad positiva (aprobacion, agradecimiento, elogio, apoyo)",False,pysentimiento/robertuito-sentiment-analysis
UgzpHaLJJjoD9FnKO6p4AaABAg,6W4u8sGEnGM,Inician los trabajos de recuperación del Puente Belice II.,UC-ZtFBHzgkYFh7whZkuR_Ag,Gobierno de la República de Guatemala,UCyJhqmMbsvjpoarBBStA2kg,@Murmullodelbarrio,Viva nuestra Guatemala bendita y viva nuestro presidente Bernardo Arévalo,Viva nuestra Guatemala bendita y viva nuestro presidente Bernardo Arévalo,vivo guatemala bendito vivo presidente bernardo arevalo,5,0,73,0,Gobierno de la República de Guatemala,topic,POS,0.01275,0.095867,0.891383,0.891383,0.795516,0.382898,"polaridad positiva (aprobacion, agradecimiento, elogio, apoyo)",False,pysentimiento/robertuito-sentiment-analysis
UgzpdnDQDBV6UZ96GZh4AaABAg,PjmxCj-a9Hg,Conferencia de Prensa del Gobierno de Guatemala. #LaRondaGt,UC-ZtFBHzgkYFh7whZkuR_Ag,Gobierno de la República de Guatemala,UCgQJgI9vu1FI2dnC9mrFthw,@srms70,NO QUEREMOS EL TREN MAYA EN GUATEMALA,NO QUEREMOS EL TREN MAYA EN GUATEMALA,tren maya guatemala,2,0,37,0,@GobiernodeGuatemala,topic,NEG,0.900665,0.07787,0.021465,0.900665,0.822795,0.375462,"polaridad negativa (critica, queja, rechazo, insulto)",False,pysentimiento/robertuito-sentiment-analysis
UgzpzyaFY6F6IdFxzk14AaABAg,n8iP75gIpmw,Qué rico come tu diputado,UCE4rsXcgDb6e1-a9iTbWzfg,Quorum,UCLFdHr9BEbXHkoJopbEPLZw,@kanterra4584,Por lo general es así cuando los sujetos provienen de bajos estratos de la sociedad y son tirados con honda.,Por lo general es así cuando los sujetos provienen de bajos estratos de la sociedad y son tirados con honda.,general sujeto provenir estrato sociedad tirado hondir,11,0,108,0,@quorumgt/videos,channel,NEG,0.649643,0.336903,0.013453,0.649643,0.31274,0.704713,"polaridad negativa (critica, queja, rechazo, insulto)",False,pysentimiento/robertuito-sentiment-analysis
UgzrrbkpudLqNqr7s6R4AaABAg,n8iP75gIpmw,Qué rico come tu diputado,UCE4rsXcgDb6e1-a9iTbWzfg,Quorum,UCRETAiYdh2dL5ZxB0_N1zDA,@Joseroland21,"A todos no a unos si 😂
Mejor no hubiera se hubiera entrevistado. 😂

Un calcetín el
Señor. Abre la boca y meta la pata",A todos no a unos si emoji cara llorando de risa emoji Mejor no hubiera se hubiera entrevistado. emoji cara llorando de risa emoji Un calcetín el Señor. Abre la boca y meta la pata,entrevistado calcetin senor abrir boca meta pato,0,0,117,2,@quorumgt/videos,channel,NEG,0.794594,0.193757,0.011649,0.794594,0.600836,0.55255,"polaridad negativa (critica, queja, rechazo, insulto)",False,pysentimiento/robertuito-sentiment-analysis
Ugzs8eXa8mdQ8wlS4FZ4AaABAg,lj983NWyAQY,Plan 2032 Ciudad de Guatemala,UCXa6LVjBzUtmcM3cwbd9e2w,Municipalidad de Guatemala,UCi-vPdnpQreC7BkFs40mJGA,@bryansicasales4280,"Es un proyecto extraordinario , vamos adelante mi guate hermosa!","Es un proyecto extraordinario , vamos adelante mi guate hermosa!",proyecto extraordinario guate hermoso,35,0,64,0,Municipalidad de Guatemala,topic,POS,0.002412,0.01957,0.978018,0.978018,0.958448,0.113261,"polaridad positiva (aprobacion, agradecimiento, elogio, apoyo)",False,pysentimiento/robertuito-sentiment-analysis
UgztKpwRx20oET8wGLJ4AaABAg,PjmxCj-a9Hg,Conferencia de Prensa del Gobierno de Guatemala. #LaRondaGt,UC-ZtFBHzgkYFh7whZkuR_Ag,Gobierno de la República de Guatemala,UCHTGCgY2l-DQJIvlA_cpa_Q,@virgiliogarcia3039,Con mucho Respeto  sen̈or presidente lo saludo y que Dios los vendiga lo unico que le pido que mencione y hagan algo por la seguridad del pais ya que siguen matando personas trabajadores y honrradas hagan algo con esos delincuentes .,Con mucho Respeto sen̈or presidente lo saludo y que Dios los vendiga lo unico que le pido que mencione y hagan algo por la seguridad del pais ya que siguen matando personas trabajadores y honrradas hagan algo con esos delincuentes .,respetar senor presidente saludo dios vendigar unico pedir mencione seguridad seguir matar persona trabajador honrrada delincuente,1,0,233,0,@GobiernodeGuatemala,topic,NEG,0.771336,0.179171,0.049494,0.771336,0.592164,0.657106,"polaridad negativa (critica, queja, rechazo, insulto)",False,pysentimiento/robertuito-sentiment-analysis
UgzuugQO6qMSbkVsdGp4AaABAg,PjmxCj-a9Hg,Conferencia de Prensa del Gobierno de Guatemala. #LaRondaGt,UC-ZtFBHzgkYFh7whZkuR_Ag,Gobierno de la República de Guatemala,UCtNyHmRZtvGF2hSvI2dUBWw,@aureliomaldonado4793,Pregúntenle si se acuerda de la marca del vino que se toma todos los días,Pregúntenle si se acuerda de la marca del vino que se toma todos los días,preguntenle marca vino tomar,1,0,73,0,@GobiernodeGuatemala,topic,NEU,0.055426,0.885243,0.05933,0.885243,0.825913,0.435823,"polaridad neutra (informativo, pregunta, sin carga afectiva clara)",False,pysentimiento/robertuito-sentiment-analysis
UgzvKLXKEkVzjn_XRHp4AaABAg,n8iP75gIpmw,Qué rico come tu diputado,UCE4rsXcgDb6e1-a9iTbWzfg,Quorum,UCsjs5Hp_r86x1xbK6FAeqaA,@alvaroesquivel563,Eso es exactamente lo que significa la verdadera politica: dividirse la riqueza del país entre unos cuantos. Sólo se puede guardar por todos estos delincuentes políticos un sentimiento de vivisima repugnancia.-,Eso es exactamente lo que significa la verdadera politica: dividirse la riqueza del país entre unos cuantos. Sólo se puede guardar por todos estos delincuentes políticos un sentimiento de vivisima repugnancia.-,exactamente significar politico dividir el riqueza guardar delincuente politico sentimiento vivisimar repugnancia,2,0,210,0,@quorumgt/videos,channel,NEG,0.969803,0.025658,0.004539,0.969803,0.944146,0.148206,"polaridad negativa (critica, queja, rechazo, insulto)",False,pysentimiento/robertuito-sentiment-analysis
UgzwvEpQc3M_AWvNDad4AaABAg,lj983NWyAQY,Plan 2032 Ciudad de Guatemala,UCXa6LVjBzUtmcM3cwbd9e2w,Municipalidad de Guatemala,UCRcSR3Lvn9DZAmJpVPANfZQ,@WalksandSuch,muy padre. saludos desde mexico.,muy padre. saludos desde mexico.,padre saludos mexico,68,0,32,0,Municipalidad de Guatemala,topic,POS,0.005134,0.025574,0.969292,0.969292,0.943718,0.151055,"polaridad positiva (aprobacion, agradecimiento, elogio, apoyo)",False,pysentimiento/robertuito-sentiment-analysis
Ugzx7TTfRu5S-pT0LuZ4AaABAg,n8iP75gIpmw,Qué rico come tu diputado,UCE4rsXcgDb6e1-a9iTbWzfg,Quorum,UCz3gu01bmjNv0DpRq-K3XYg,@eusebiovasquez4385,Pero que estará aportando éste delincuente,Pero que estará aportando éste delincuente,aportar delincuente,1,0,42,0,@quorumgt/videos,channel,NEG,0.648434,0.322298,0.029268,0.648434,0.326136,0.749182,"polaridad negativa (critica, queja, rechazo, insulto)",False,pysentimiento/robertuito-sentiment-analysis
UgzxhrnRAMNePfy6u7J4AaABAg,PjmxCj-a9Hg,Conferencia de Prensa del Gobierno de Guatemala. #LaRondaGt,UC-ZtFBHzgkYFh7whZkuR_Ag,Gobierno de la República de Guatemala,UCGX_UbAQOXGZknv5iqklwTA,@ronaldgarcia8522,Este hombre esta loco,Este hombre esta loco,hombre loco,1,0,21,0,@GobiernodeGuatemala,topic,NEU,0.328996,0.354809,0.316195,0.354809,0.025813,1.097458,"polaridad neutra (informativo, pregunta, sin carga afectiva clara)",True,pysentimiento/robertuito-sentiment-analysis
UgzzpE27HS1dmWfyATJ4AaABAg,n8iP75gIpmw,Qué rico come tu diputado,UCE4rsXcgDb6e1-a9iTbWzfg,Quorum,UC-hfX8J5JPJ-dfuakzegMLA,@normaleticiaorozcojuarez2418,"Si son asesores los que participan en las mesas de trabajo, ellos también tienen buenos sueldos y pueden costear sus gastos personales, jamás con el sueldo de  los Diputados y menos con recursos del pueblo, hay que ser  verdaderamente CABAL. Con respecto a el trabajo que realizan , cualquier proyecto que sea  y en sus diferentes etapas, considero que lo hace porque le gusta  y se siente realizado, se le recuerda que no es gratis, reciben un sueldo y que los compromisos laborales no se resuelven en un restaurante,  para eso están oficinas, las reuniones  en estos lugares es más convivencia que trabajo.  Que Dios les ilumine.","Si son asesores los que participan en las mesas de trabajo, ellos también tienen buenos sueldos y pueden costear sus gastos personales, jamás con el sueldo de los Diputados y menos con recursos del pueblo, hay que ser verdaderamente CABAL. Con respecto a el trabajo que realizan , cualquier proyecto que sea y en sus diferentes etapas, considero que lo hace porque le gusta y se siente realizado, se le recuerda que no es gratis, reciben un sueldo y que los compromisos laborales no se resuelven en un restaurante, para eso están oficinas, las reuniones en estos lugares es más convivencia que trabajo. Que Dios les ilumine.",asesor participar mesa trabajo sueldo costear gasto personal jama sueldo diputado recurso pueblo verdaderamente cabal trabajo proyecto etapa gusta recordar gratis recibir sueldo compromiso laboral resolver restaurante oficina reunion lugar convivencia trabajo iluminir,6,0,631,0,@quorumgt/videos,channel,POS,0.046494,0.36379,0.589715,0.589715,0.225925,0.821958,"polaridad positiva (aprobacion, agradecimiento, elogio, apoyo)",False,pysentimiento/robertuito-sentiment-analysis
