video_id,comment_id,video_title,channel_name_c,channel_id_c,author_name,author_channel_id,text,source_query_c,source_group_c,dataset_sources,author_handle,published_text,like_count_text,reply_count,is_pinned,viewer_rating,author_name_norm,channel_name_norm,video_title_norm,source_query_norm,source_group_norm,author_handle_norm,author_name_key,like_count_parsed,like_count_blank,like_count,reply_count_num,is_pinned_bool,published_text_edited,published_text_norm,published_bucket,published_days_approx,texto_original,texto_limpio,texto_sin_lema,hashtags,mentions,urls,emojis,n_hashtags,n_mentions,n_urls,n_emojis,texto_sentimiento,len_original,len_limpio,tokens_original,tokens_limpio,texto_modificado,quedo_vacio_tras_limpieza,title,channel_id_v,channel_name_v,channel_handle,owner_handle,category,source_query_v,source_group_v,view_count_final,publish_date,publish_date_dt,keywords,keywords_list,description,n_keywords,video_url
j43HgwYFKfk,Ugw-J65a1iYL9hqhELh4AaABAg,La cooptación de Walter Mazariegos en la USAC,Quorum,UCE4rsXcgDb6e1-a9iTbWzfg,@MarcosCarillo-b1r,UCdFlugHJJa4l3YqWuNRmvXw,Ese corrupto amigo de la vieja fiscal los tengo que verbose en la carcel,@quorumgt,topic,j43HgwYFKfk_out_comments.csv | quorum_complete_comments.csv | youtube_guatemala_plus_comments.csv,/@MarcosCarillo-b1r,hace 6 meses, ,0,False,,@MarcosCarillo-b1r,Quorum,La cooptación de Walter Mazariegos en la USAC,@quorumgt,topic,@MarcosCarillo-b1r,@marcoscarillo-b1r,,True,0,0,False,False,hace 6 meses,1 mes - 1 ano,182.64,Ese corrupto amigo de la vieja fiscal los tengo que verbose en la carcel,corrupto amigo viejo fiscal verbo el carcel,corrupto amigo vieja fiscal verbose carcel,[],[],[],[],0,0,0,0,Ese corrupto amigo de la vieja fiscal los tengo que verbose en la carcel,72,43,14,7,True,False,La cooptación de Walter Mazariegos en la USAC,UCE4rsXcgDb6e1-a9iTbWzfg,Quorum,/@quorumgt,/@quorumgt,News & Politics,@quorumgt,topic,10156,2024-09-26T15:00:17-07:00,2024-09-26 22:00:17+00:00,"[""USAC"", ""Walter Mazariegos"", ""Mazariegos rector"", ""Fraude USAC"", ""Elecciones USAC"", ""Toma USAC"", ""CSU USAC"", ""Quorum GT"", ""Periodismo Guatemala"", ""Luis Cordón USAC""]","[""USAC"", ""Walter Mazariegos"", ""Mazariegos rector"", ""Fraude USAC"", ""Elecciones USAC"", ""Toma USAC"", ""CSU USAC"", ""Quorum GT"", ""Periodismo Guatemala"", ""Luis Cordón USAC""]","🚨El rector de facto de la #USAC, Walter Mazariegos, tiene una alianza que le permite controlar un presupuesto millonario, quitar a sus opositores del camino y colocar a sus allegados en puestos importantes. Más de la mitad de sus cómplices en el Consejo Superior Universitario (CSU) se han prolongado en el poder y no tienen la intención de soltarlo.

👁️ Aunque las cosas podrían cambiar…

Ayudanos compartiendo, comentando y dándole like a este video.

🔍 También podés leer el reportaje completo en este link👉🏻 https://quorum.gt/poder/captura/usac/mazariegos_csu/

📲 Seguí a Quorum en todas las redes para ver más contenido interesante de #Guatemala.

⚫️ X: https://twitter.com/QuorumGT
🟣 Instagram: https://www.instagram.com/holaquorum?igsh=a2l2MHp6dXA5aGg4
🟠 TikTok:https://www.tiktok.com/@quorumgt?_t=8q3C9YsmOiT&_r=1
🔵 Facebook: https://www.facebook.com/QuorumGT?mibextid=LQQJ4d
🟢 Canal de WhatsApp: https://whatsapp.com/channel/0029Va8IZV65PO0ul2cBdD0l",10,https://www.youtube.com/watch?v=j43HgwYFKfk
06mFNPU0aB8,Ugw-ZT9t9wU2V-tCaUZ4AaABAg,Capturan a presuntos delincuentes disfrazados de mujer señalados de cometer asalto,Noti7,UCVpSRoZgngfSL03Nlbjtq9A,@RaulPerez-cw2vi,UCvl1tzQeBeGy6efPTRJXSCw,"Están jóvenes porque no buscan un trabajo,  tuvieron suerte que no hay policías que le gusta del otro vando , por ir vestido de mujer se los hubieran ensamblado la maquinaria.",guatemala noticias,topic,youtube_guatemala_comments.csv | youtube_guatemala_plus_comments.csv,/@RaulPerez-cw2vi,hace 2 semanas, ,0,False,,@RaulPerez-cw2vi,Noti7,Capturan a presuntos delincuentes disfrazados de mujer señalados de cometer asalto,guatemala noticias,topic,@RaulPerez-cw2vi,@raulperez-cw2vi,,True,0,0,False,False,hace 2 semanas,1 sem - 1 mes,14.0,"Están jóvenes porque no buscan un trabajo,  tuvieron suerte que no hay policías que le gusta del otro vando , por ir vestido de mujer se los hubieran ensamblado la maquinaria.",joven buscar trabajo suerte policia gustar var vestido mujer ensamblado maquinario,jovenes buscan trabajo suerte policias gusta vando vestido mujer ensamblado maquinaria,[],[],[],[],0,0,0,0,"Están jóvenes porque no buscan un trabajo, tuvieron suerte que no hay policías que le gusta del otro vando , por ir vestido de mujer se los hubieran ensamblado la maquinaria.",175,82,31,11,True,False,Capturan a presuntos delincuentes disfrazados de mujer señalados de cometer asalto,UCVpSRoZgngfSL03Nlbjtq9A,Noti7,/@Noti7Guatemala,/@Noti7Guatemala,News & Politics,guatemala noticias,topic,6692,2026-08-13T22:00:12-07:00,2026-08-14 05:00:12+00:00,"[""Actualidad"", ""Asaltantes disfrazados"", ""Capturados Escuintla"", ""Guatemala"", ""Noti7"", ""Noticias"", ""PNC"", ""Televisiete"", ""información"", ""noticias"", ""capturas""]","[""Actualidad"", ""Asaltantes disfrazados"", ""Capturados Escuintla"", ""Guatemala"", ""Noti7"", ""Noticias"", ""PNC"", ""Televisiete"", ""información"", ""noticias"", ""capturas""]",La rápida acción policial frustró el plan de los sujetos que usaron minifaldas para huir.,11,https://www.youtube.com/watch?v=06mFNPU0aB8
j43HgwYFKfk,Ugw0xaOb2CYXXoudtwJ4AaABAg,La cooptación de Walter Mazariegos en la USAC,Quorum,UCE4rsXcgDb6e1-a9iTbWzfg,@iamjimalesssa,UCRAquv8el-tQ30bN7MlmySQ,"Me dejaron con ganas de demandar la ilegalidad de las reuniones virtuales, esto no es una maquila",@quorumgt,topic,j43HgwYFKfk_out_comments.csv | quorum_complete_comments.csv | youtube_guatemala_plus_comments.csv,/@iamjimalesssa,hace 1 año,4,0,False,,@iamjimalesssa,Quorum,La cooptación de Walter Mazariegos en la USAC,@quorumgt,topic,@iamjimalesssa,@iamjimalesssa,4.0,False,4,0,False,False,hace 1 año,1 mes - 1 ano,365.25,"Me dejaron con ganas de demandar la ilegalidad de las reuniones virtuales, esto no es una maquila",dejar gana demandar ilegalidad reunion virtual maquila,dejaron ganas demandar ilegalidad reuniones virtuales maquila,[],[],[],[],0,0,0,0,"Me dejaron con ganas de demandar la ilegalidad de las reuniones virtuales, esto no es una maquila",97,54,17,7,True,False,La cooptación de Walter Mazariegos en la USAC,UCE4rsXcgDb6e1-a9iTbWzfg,Quorum,/@quorumgt,/@quorumgt,News & Politics,@quorumgt,topic,10156,2024-09-26T15:00:17-07:00,2024-09-26 22:00:17+00:00,"[""USAC"", ""Walter Mazariegos"", ""Mazariegos rector"", ""Fraude USAC"", ""Elecciones USAC"", ""Toma USAC"", ""CSU USAC"", ""Quorum GT"", ""Periodismo Guatemala"", ""Luis Cordón USAC""]","[""USAC"", ""Walter Mazariegos"", ""Mazariegos rector"", ""Fraude USAC"", ""Elecciones USAC"", ""Toma USAC"", ""CSU USAC"", ""Quorum GT"", ""Periodismo Guatemala"", ""Luis Cordón USAC""]","🚨El rector de facto de la #USAC, Walter Mazariegos, tiene una alianza que le permite controlar un presupuesto millonario, quitar a sus opositores del camino y colocar a sus allegados en puestos importantes. Más de la mitad de sus cómplices en el Consejo Superior Universitario (CSU) se han prolongado en el poder y no tienen la intención de soltarlo.

👁️ Aunque las cosas podrían cambiar…

Ayudanos compartiendo, comentando y dándole like a este video.

🔍 También podés leer el reportaje completo en este link👉🏻 https://quorum.gt/poder/captura/usac/mazariegos_csu/

📲 Seguí a Quorum en todas las redes para ver más contenido interesante de #Guatemala.

⚫️ X: https://twitter.com/QuorumGT
🟣 Instagram: https://www.instagram.com/holaquorum?igsh=a2l2MHp6dXA5aGg4
🟠 TikTok:https://www.tiktok.com/@quorumgt?_t=8q3C9YsmOiT&_r=1
🔵 Facebook: https://www.facebook.com/QuorumGT?mibextid=LQQJ4d
🟢 Canal de WhatsApp: https://whatsapp.com/channel/0029Va8IZV65PO0ul2cBdD0l",10,https://www.youtube.com/watch?v=j43HgwYFKfk
j43HgwYFKfk,Ugw0xgUc2ISpBr5_T654AaABAg,La cooptación de Walter Mazariegos en la USAC,Quorum,UCE4rsXcgDb6e1-a9iTbWzfg,@gonzalo6075,UCkbsS_3D-pvg1iHOld9uvIg,Veremos a este mafioso de Mazariegos en la cárcel y un buen tiempo en la sombra.,@quorumgt/videos,channel,quorum_complete_comments.csv | youtube_guatemala_plus_comments.csv,/@gonzalo6075,hace 1 año, ,0,False,,@gonzalo6075,Quorum,La cooptación de Walter Mazariegos en la USAC,@quorumgt/videos,channel,@gonzalo6075,@gonzalo6075,,True,0,0,False,False,hace 1 año,1 mes - 1 ano,365.25,Veremos a este mafioso de Mazariegos en la cárcel y un buen tiempo en la sombra.,mafioso mazariegos carcel tiempo sombra,veremos mafioso mazariegos carcel tiempo sombra,[],[],[],[],0,0,0,0,Veremos a este mafioso de Mazariegos en la cárcel y un buen tiempo en la sombra.,80,39,16,5,True,False,La cooptación de Walter Mazariegos en la USAC,UCE4rsXcgDb6e1-a9iTbWzfg,Quorum,/@quorumgt,/@quorumgt,News & Politics,@quorumgt,topic,10156,2024-09-26T15:00:17-07:00,2024-09-26 22:00:17+00:00,"[""USAC"", ""Walter Mazariegos"", ""Mazariegos rector"", ""Fraude USAC"", ""Elecciones USAC"", ""Toma USAC"", ""CSU USAC"", ""Quorum GT"", ""Periodismo Guatemala"", ""Luis Cordón USAC""]","[""USAC"", ""Walter Mazariegos"", ""Mazariegos rector"", ""Fraude USAC"", ""Elecciones USAC"", ""Toma USAC"", ""CSU USAC"", ""Quorum GT"", ""Periodismo Guatemala"", ""Luis Cordón USAC""]","🚨El rector de facto de la #USAC, Walter Mazariegos, tiene una alianza que le permite controlar un presupuesto millonario, quitar a sus opositores del camino y colocar a sus allegados en puestos importantes. Más de la mitad de sus cómplices en el Consejo Superior Universitario (CSU) se han prolongado en el poder y no tienen la intención de soltarlo.

👁️ Aunque las cosas podrían cambiar…

Ayudanos compartiendo, comentando y dándole like a este video.

🔍 También podés leer el reportaje completo en este link👉🏻 https://quorum.gt/poder/captura/usac/mazariegos_csu/

📲 Seguí a Quorum en todas las redes para ver más contenido interesante de #Guatemala.

⚫️ X: https://twitter.com/QuorumGT
🟣 Instagram: https://www.instagram.com/holaquorum?igsh=a2l2MHp6dXA5aGg4
🟠 TikTok:https://www.tiktok.com/@quorumgt?_t=8q3C9YsmOiT&_r=1
🔵 Facebook: https://www.facebook.com/QuorumGT?mibextid=LQQJ4d
🟢 Canal de WhatsApp: https://whatsapp.com/channel/0029Va8IZV65PO0ul2cBdD0l",10,https://www.youtube.com/watch?v=j43HgwYFKfk
OkXlHx0hx-8,Ugw1ZzA21njWhaqQQTh4AaABAg,EE.UU. envía a mexicanos deportados a Guatemala antes de su regreso a México | Noticias Telemundo,Noticias Telemundo,UCRwA1NUcUnwsly35ikGhp0A,@luisroldan7374,UCOLHH4ZpMxPYF-Q6e6wvn5A,"eso es para que salga de USA por su propio pie 
que se auto deporten",guatemala noticias,topic,youtube_guatemala_comments.csv | youtube_guatemala_plus_comments.csv,/@luisroldan7374,hace 1 día,2,1,False,,@luisroldan7374,Noticias Telemundo,EE.UU. envía a mexicanos deportados a Guatemala antes de su regreso a México | Noticias Telemundo,guatemala noticias,topic,@luisroldan7374,@luisroldan7374,2.0,False,2,1,False,False,hace 1 día,<1 semana,1.0,"eso es para que salga de USA por su propio pie 
que se auto deporten",salir pie auto deportar,salga pie auto deporten,[],[],[],[],0,0,0,0,eso es para que salga de USA por su propio pie que se auto deporten,68,23,15,4,True,False,EE.UU. envía a mexicanos deportados a Guatemala antes de su regreso a México | Noticias Telemundo,UCRwA1NUcUnwsly35ikGhp0A,Noticias Telemundo,/@noticias,/@noticias,News & Politics,guatemala noticias,topic,14200,2026-08-30T16:38:02-07:00,2026-08-30 23:38:02+00:00,"[""telemundo noticias"", ""noticias telemundo"", ""noticias telemundo de hoy"", ""noticias"", ""noticias en vivo"", ""telemundo"", ""noticias de ultima hora"", ""noticias de hoy"", ""ee uu deporta a miles de mexicanos a traves de guatemala"", ""mexico rechaza uso de guatemala como pais puente"", ""dhs acelera expulsiones de mexicanos por guatemala"", ""polemica por ruta de deportacion de ee uu a tapachula"", ""miles de deportados mexicanos quedan varados en guatemala""]","[""telemundo noticias"", ""noticias telemundo"", ""noticias telemundo de hoy"", ""noticias"", ""noticias en vivo"", ""telemundo"", ""noticias de ultima hora"", ""noticias de hoy"", ""ee uu deporta a miles de mexicanos a traves de guatemala"", ""mexico rechaza uso de guatemala como pais puente"", ""dhs acelera expulsiones de mexicanos por guatemala"", ""polemica por ruta de deportacion de ee uu a tapachula"", ""miles de deportados mexicanos quedan varados en guatemala""]","Video oficial de Noticias Telemundo. Desde abril, casi 2,300 mexicanos han sido enviados a Guatemala, según autoridades de ese país. Al llegar a Tapachula, muchos deben buscar cómo trasladarse a sus estados de origen. DHS justifica el uso de países “puente” para acelerar las expulsiones.

Descarga nuestra App:
https://telemundo.app.link/Mtq7sTKAUtb

SUSCRÍBETE: https://bit.ly/TLMDNoticiasYT

Noticias
Noticias Telemundo es un proveedor líder de noticias para los hispanos de EE.UU. Sus galardonados espacios de noticias, transmitidos desde Telemundo Center, incluyen los noticieros diarios ""Noticias Telemundo"" con Julio Vaqueiro; ""Noticias Telemundo Fin de Semana"", ""Noticias Telemundo Mediodía"" y ""Noticias Telemundo En La Noche"". El ""Equipo Digital de Noticias Telemundo"" ofrece contenido ininterrumpido para los hispanos de EE.UU. a través de sus crecientes plataformas móviles y en línea. ""Noticias Telemundo Investiga"" produce reportes investigativos y documentales en profundidad. ""Noticias Telemundo Planeta Tierra"" ofrece información relacionada con el medio ambiente y el cambio climático. Adicionalmente, ""Noticias Telemundo"" produce galardonados especiales de noticias, documentales y eventos noticiosos como debates políticos, asambleas ciudadanas y foros.

Telemundo
Es una empresa de medios de primera categoría, líder en la industria en la producción y distribución de contenido en español de alta calidad a través de múltiples plataformas para hispanos en los Estados Unidos y alrededor del mundo. La cadena ofrece producciones dramáticas originales de Telemundo Studios – el productor #1 de contenido en español de horario estelar – así como contenido alternativo, películas de cine, especiales, noticias y eventos deportivos de primer nivel, alcanzando el 94% de los televidentes hispanos en los Estados Unidos en 210 mercados a través de 17 estaciones propias y 57 afiliadas de TV abierta. Telemundo también es propietaria de WKAQ, una estación de televisión local que sirve Puerto Rico. Telemundo es parte de NBCUniversal Telemundo Enterprises, una división de NBCUniversal, una de las compañías líderes en el mundo de los medios y entretenimiento. NBCUniversal es una subsidiaria de Comcast Corporation.

SÍGUENOS EN X: https://twitter.com/telemundonews
DANOS ME GUSTA EN FACEBOOK: https://www.facebook.com/NoticiasTelemundo

#NoticiasTelemundo #Deportaciones #Frontera 

EE.UU. envía a mexicanos deportados a Guatemala antes de su regreso a México | Noticias Telemundo
https://www.youtube.com/noticias

Noticias, Telemundo, Noticias Telemundo de hoy, Telemundo Noticias, Noticias, Telemundo, Telemundo Noticias de hoy, Noticias Telemundo de hoy en vivo, Ultima hora, Noticias de hoy, Noticias de Ultima hora",13,https://www.youtube.com/watch?v=OkXlHx0hx-8
OkXlHx0hx-8,Ugw1ZzA21njWhaqQQTh4AaABAg.Aa9Tf29tBouAaB_XZQglTL,EE.UU. envía a mexicanos deportados a Guatemala antes de su regreso a México | Noticias Telemundo,Noticias Telemundo,UCRwA1NUcUnwsly35ikGhp0A,@eugeneramirez4405,UCi2KiZq63sRq8Mfbcp-MelQ,Imagine if they had to walk back home.,guatemala noticias,topic,youtube_guatemala_comments.csv | youtube_guatemala_plus_comments.csv,/@eugeneramirez4405,hace 20 horas, ,0,False,,@eugeneramirez4405,Noticias Telemundo,EE.UU. envía a mexicanos deportados a Guatemala antes de su regreso a México | Noticias Telemundo,guatemala noticias,topic,@eugeneramirez4405,@eugeneramirez4405,,True,0,0,False,False,hace 20 horas,<1 semana,0.833,Imagine if they had to walk back home.,imagine they had walk back home,imagine they had walk back home,[],[],[],[],0,0,0,0,Imagine if they had to walk back home.,38,31,8,6,True,False,EE.UU. envía a mexicanos deportados a Guatemala antes de su regreso a México | Noticias Telemundo,UCRwA1NUcUnwsly35ikGhp0A,Noticias Telemundo,/@noticias,/@noticias,News & Politics,guatemala noticias,topic,14200,2026-08-30T16:38:02-07:00,2026-08-30 23:38:02+00:00,"[""telemundo noticias"", ""noticias telemundo"", ""noticias telemundo de hoy"", ""noticias"", ""noticias en vivo"", ""telemundo"", ""noticias de ultima hora"", ""noticias de hoy"", ""ee uu deporta a miles de mexicanos a traves de guatemala"", ""mexico rechaza uso de guatemala como pais puente"", ""dhs acelera expulsiones de mexicanos por guatemala"", ""polemica por ruta de deportacion de ee uu a tapachula"", ""miles de deportados mexicanos quedan varados en guatemala""]","[""telemundo noticias"", ""noticias telemundo"", ""noticias telemundo de hoy"", ""noticias"", ""noticias en vivo"", ""telemundo"", ""noticias de ultima hora"", ""noticias de hoy"", ""ee uu deporta a miles de mexicanos a traves de guatemala"", ""mexico rechaza uso de guatemala como pais puente"", ""dhs acelera expulsiones de mexicanos por guatemala"", ""polemica por ruta de deportacion de ee uu a tapachula"", ""miles de deportados mexicanos quedan varados en guatemala""]","Video oficial de Noticias Telemundo. Desde abril, casi 2,300 mexicanos han sido enviados a Guatemala, según autoridades de ese país. Al llegar a Tapachula, muchos deben buscar cómo trasladarse a sus estados de origen. DHS justifica el uso de países “puente” para acelerar las expulsiones.

Descarga nuestra App:
https://telemundo.app.link/Mtq7sTKAUtb

SUSCRÍBETE: https://bit.ly/TLMDNoticiasYT

Noticias
Noticias Telemundo es un proveedor líder de noticias para los hispanos de EE.UU. Sus galardonados espacios de noticias, transmitidos desde Telemundo Center, incluyen los noticieros diarios ""Noticias Telemundo"" con Julio Vaqueiro; ""Noticias Telemundo Fin de Semana"", ""Noticias Telemundo Mediodía"" y ""Noticias Telemundo En La Noche"". El ""Equipo Digital de Noticias Telemundo"" ofrece contenido ininterrumpido para los hispanos de EE.UU. a través de sus crecientes plataformas móviles y en línea. ""Noticias Telemundo Investiga"" produce reportes investigativos y documentales en profundidad. ""Noticias Telemundo Planeta Tierra"" ofrece información relacionada con el medio ambiente y el cambio climático. Adicionalmente, ""Noticias Telemundo"" produce galardonados especiales de noticias, documentales y eventos noticiosos como debates políticos, asambleas ciudadanas y foros.

Telemundo
Es una empresa de medios de primera categoría, líder en la industria en la producción y distribución de contenido en español de alta calidad a través de múltiples plataformas para hispanos en los Estados Unidos y alrededor del mundo. La cadena ofrece producciones dramáticas originales de Telemundo Studios – el productor #1 de contenido en español de horario estelar – así como contenido alternativo, películas de cine, especiales, noticias y eventos deportivos de primer nivel, alcanzando el 94% de los televidentes hispanos en los Estados Unidos en 210 mercados a través de 17 estaciones propias y 57 afiliadas de TV abierta. Telemundo también es propietaria de WKAQ, una estación de televisión local que sirve Puerto Rico. Telemundo es parte de NBCUniversal Telemundo Enterprises, una división de NBCUniversal, una de las compañías líderes en el mundo de los medios y entretenimiento. NBCUniversal es una subsidiaria de Comcast Corporation.

SÍGUENOS EN X: https://twitter.com/telemundonews
DANOS ME GUSTA EN FACEBOOK: https://www.facebook.com/NoticiasTelemundo

#NoticiasTelemundo #Deportaciones #Frontera 

EE.UU. envía a mexicanos deportados a Guatemala antes de su regreso a México | Noticias Telemundo
https://www.youtube.com/noticias

Noticias, Telemundo, Noticias Telemundo de hoy, Telemundo Noticias, Noticias, Telemundo, Telemundo Noticias de hoy, Noticias Telemundo de hoy en vivo, Ultima hora, Noticias de hoy, Noticias de Ultima hora",13,https://www.youtube.com/watch?v=OkXlHx0hx-8
yLZS3JiEBg8,Ugw2014OIYf336oytFt4AaABAg,Arroz con pollo a la MONOPOLIO,Quorum,UCE4rsXcgDb6e1-a9iTbWzfg,@capitanfrans,UCXl30Y_upRqbti52fmjK4YA,buenísima investigacion :hand-purple-blue-peace::hand-purple-blue-peace::hand-purple-blue-peace:,@quorumgt/videos,channel,quorum_complete_comments.csv | youtube_guatemala_plus_comments.csv,/@capitanfrans,hace 2 años, ,0,False,,@capitanfrans,Quorum,Arroz con pollo a la MONOPOLIO,@quorumgt/videos,channel,@capitanfrans,@capitanfrans,,True,0,0,False,False,hace 2 años,1 - 2 anos,730.5,buenísima investigacion :hand-purple-blue-peace::hand-purple-blue-peace::hand-purple-blue-peace:,buenisima investigacion hand purple blue peace hand purple blue peace hand purple blue peace,buenisima investigacion hand purple blue peace hand purple blue peace hand purple blue peace,[],[],[],[],0,0,0,0,buenísima investigacion :hand-purple-blue-peace::hand-purple-blue-peace::hand-purple-blue-peace:,96,92,3,14,True,False,Arroz con pollo a la MONOPOLIO,UCE4rsXcgDb6e1-a9iTbWzfg,Quorum,/@quorumgt,/@quorumgt,News & Politics,@quorumgt/videos,channel,1954,2024-05-09T19:15:12-07:00,2024-05-10 02:15:12+00:00,[],[],"🔍 En Guatemala tenemos un mercado no tan “libre” que digamos. 

💸 Unas pocas empresas dominan las diferentes industrias y en algunos sectores no hay una competencia real que favorezca al consumidor.

🎥 Hoy estrenamos #LasMañasDelMercado para hablar de la industria alimenticia y la necesidad de una #LeyDeCompetencia.",0,https://www.youtube.com/watch?v=yLZS3JiEBg8
n8iP75gIpmw,Ugw2bSVOoNn2pc8ZcUl4AaABAg,Qué rico come tu diputado,Quorum,UCE4rsXcgDb6e1-a9iTbWzfg,@danyraymundo2942,UCRelkU8JiZBytTzebJxaa-w,"Lleven su lonchera, sacrifiquense un poco. Y reintevren ese dinero. O están robando.",@quorumgt/videos,channel,quorum_complete_comments.csv | youtube_guatemala_plus_comments.csv,/@danyraymundo2942,hace 2 años,3,0,False,,@danyraymundo2942,Quorum,Qué rico come tu diputado,@quorumgt/videos,channel,@danyraymundo2942,@danyraymundo2942,3.0,False,3,0,False,False,hace 2 años,1 - 2 anos,730.5,"Lleven su lonchera, sacrifiquense un poco. Y reintevren ese dinero. O están robando.",lonchero sacrifiquense reintevrir dinero robar,lleven lonchera sacrifiquense reintevren dinero robando,[],[],[],[],0,0,0,0,"Lleven su lonchera, sacrifiquense un poco. Y reintevren ese dinero. O están robando.",84,46,13,5,True,False,Qué rico come tu diputado,UCE4rsXcgDb6e1-a9iTbWzfg,Quorum,/@quorumgt,/@quorumgt,News & Politics,Quorum GT,topic,11775,2024-08-27T14:09:51-07:00,2024-08-27 21:09:51+00:00,[],[],"En @ConCriteriogt hablaron hoy sobre nuestro reportaje ""Qué rico come tu diputado"", en el que contamos los almuerzos más caros pagados con fondos públicos entre enero y abril de este año.

Entrevistaron al diputado Nery Rodas, de CABAL, quien asegura que son problemas ""mínimos"".

Si no has leído el repor podés hacerlo acá https://quorum.gt/poder/comida_diputados/",0,https://www.youtube.com/watch?v=n8iP75gIpmw
lj983NWyAQY,Ugw3gnUvLp6AqO0_odt4AaABAg,Plan 2032 Ciudad de Guatemala,Municipalidad de Guatemala,UCXa6LVjBzUtmcM3cwbd9e2w,@perritojuega1,UCgLurCo-e019HGODcjXHWCw,Viva Guatemala 🇬🇹🇬🇹🇬🇹🥳🥳🥳,Municipalidad de Guatemala,topic,lj983NWyAQY_out_comments.csv | youtube_guatemala_plus_comments.csv,/@perritojuega1,hace 5 años,2,0,False,,@perritojuega1,Municipalidad de Guatemala,Plan 2032 Ciudad de Guatemala,Municipalidad de Guatemala,topic,@perritojuega1,@perritojuega1,2.0,False,2,0,False,False,hace 5 años,>2 anos,1826.25,Viva Guatemala 🇬🇹🇬🇹🇬🇹🥳🥳🥳,vivo guatemala,viva guatemala,[],[],[],"[""🇬🇹"", ""🇬🇹"", ""🇬🇹"", ""🥳"", ""🥳"", ""🥳""]",0,0,0,6,Viva Guatemala emoji bandera guatemala emoji emoji bandera guatemala emoji emoji bandera guatemala emoji emoji cara de fiesta emoji emoji cara de fiesta emoji emoji cara de fiesta emoji,24,14,3,2,True,False,Plan 2032 Ciudad de Guatemala,UCXa6LVjBzUtmcM3cwbd9e2w,Municipalidad de Guatemala,/@MunicipalidaddeGuatemala-1551,/@MunicipalidaddeGuatemala-1551,News & Politics,Municipalidad de Guatemala,topic,304089,2019-02-28T18:31:10-08:00,2019-03-01 02:31:10+00:00,"[""Ricardo"", ""Quiñónez"", ""Administración"", ""Alcalde"", ""Alcaldía"", ""Alcaldías"", ""Municipalidad"", ""Municipal"", ""Muni"", ""Cumple"", ""Equipo"", ""Transparencia"", ""Servicios"", ""Servir"", ""Servidor"", ""Público"", ""Pasión"", ""Todos"", ""Somos"", ""La"", ""Ciudad"", ""Del"", ""Futuro"", ""Para"", ""Vivir"", ""Polos"", ""desarrollo"", ""pasos a desnivel"", ""movilidad urbana"", ""aerometro"", ""Transmetro"", ""metroriel"", ""Plan 2032"", ""transporte público"", ""reciclaje"", ""movilidad""]","[""Ricardo"", ""Quiñónez"", ""Administración"", ""Alcalde"", ""Alcaldía"", ""Alcaldías"", ""Municipalidad"", ""Municipal"", ""Muni"", ""Cumple"", ""Equipo"", ""Transparencia"", ""Servicios"", ""Servir"", ""Servidor"", ""Público"", ""Pasión"", ""Todos"", ""Somos"", ""La"", ""Ciudad"", ""Del"", ""Futuro"", ""Para"", ""Vivir"", ""Polos"", ""desarrollo"", ""pasos a desnivel"", ""movilidad urbana"", ""aerometro"", ""Transmetro"", ""metroriel"", ""Plan 2032"", ""transporte público"", ""reciclaje"", ""movilidad""]",La Municipalidad de Guatemala trabaja en el plan 2032 con proyectos para solventar los actuales y futuros desafíos de la Ciudad.,36,https://www.youtube.com/watch?v=lj983NWyAQY
n8iP75gIpmw,Ugw4C1ijI36l6LAiSZh4AaABAg,Qué rico come tu diputado,Quorum,UCE4rsXcgDb6e1-a9iTbWzfg,@lizardomorataya8274,UCDIMztpVm7G27qBuiWuT6oQ,LADRONES !!!!,@quorumgt/videos,channel,quorum_complete_comments.csv | youtube_guatemala_plus_comments.csv,/@lizardomorataya8274,hace 2 años, ,0,False,,@lizardomorataya8274,Quorum,Qué rico come tu diputado,@quorumgt/videos,channel,@lizardomorataya8274,@lizardomorataya8274,,True,0,0,False,False,hace 2 años,1 - 2 anos,730.5,LADRONES !!!!,ladron,ladrones,[],[],[],[],0,0,0,0,LADRONES !!!,13,6,2,1,True,False,Qué rico come tu diputado,UCE4rsXcgDb6e1-a9iTbWzfg,Quorum,/@quorumgt,/@quorumgt,News & Politics,Quorum GT,topic,11775,2024-08-27T14:09:51-07:00,2024-08-27 21:09:51+00:00,[],[],"En @ConCriteriogt hablaron hoy sobre nuestro reportaje ""Qué rico come tu diputado"", en el que contamos los almuerzos más caros pagados con fondos públicos entre enero y abril de este año.

Entrevistaron al diputado Nery Rodas, de CABAL, quien asegura que son problemas ""mínimos"".

Si no has leído el repor podés hacerlo acá https://quorum.gt/poder/comida_diputados/",0,https://www.youtube.com/watch?v=n8iP75gIpmw
ndAZjHqzzT8,Ugw4St_YnT9_Ya5xSPt4AaABAg,Internet: escoger el menos malo,Quorum,UCE4rsXcgDb6e1-a9iTbWzfg,@daniloarevalo3170,UCZOmq6MwFDVoCaEl99BRRaw,"Otro pequeño truco es que tenés un plan mensual de Gb y redes ilimitadas y luego te mandan mensaje que consumiste el 95% de tu plan y ahi viene el caos verificas el consumo de tus datos y solo has utilizado redes, con un mínimo de internet y por ende hay que hacer una recarga adicional,,, porque vas a averiguar y solo te dicen que sí consumiste tus datos y ya,,,,a recargar,,un negoció redondo para ambas empresas 🤮🤮😠😠💵💵",@quorumgt/videos,channel,quorum_complete_comments.csv | youtube_guatemala_plus_comments.csv,/@daniloarevalo3170,hace 1 año, ,0,False,,@daniloarevalo3170,Quorum,Internet: escoger el menos malo,@quorumgt/videos,channel,@daniloarevalo3170,@daniloarevalo3170,,True,0,0,False,False,hace 1 año,1 mes - 1 ano,365.25,"Otro pequeño truco es que tenés un plan mensual de Gb y redes ilimitadas y luego te mandan mensaje que consumiste el 95% de tu plan y ahi viene el caos verificas el consumo de tus datos y solo has utilizado redes, con un mínimo de internet y por ende hay que hacer una recarga adicional,,, porque vas a averiguar y solo te dicen que sí consumiste tus datos y ya,,,,a recargar,,un negoció redondo para ambas empresas 🤮🤮😠😠💵💵",pequeno truco ten plar mensual red ilimitado mandar mensaje consumistir plan venir cao verifica consumo dato utilizado red minimo internet ende recargar adicional vas averiguar consumiste dato recargar negocio redondo empresa,pequeno truco tenes plan mensual redes ilimitadas mandan mensaje consumiste plan viene caos verificas consumo datos utilizado redes minimo internet ende recarga adicional vas averiguar consumiste datos recargar negocio redondo ambas empresas,[],[],[],"[""🤮"", ""🤮"", ""😠"", ""😠"", ""💵"", ""💵""]",0,0,0,6,"Otro pequeño truco es que tenés un plan mensual de Gb y redes ilimitadas y luego te mandan mensaje que consumiste el 95% de tu plan y ahi viene el caos verificas el consumo de tus datos y solo has utilizado redes, con un mínimo de internet y por ende hay que hacer una recarga adicional,,, porque vas a averiguar y solo te dicen que sí consumiste tus datos y ya,,,a recargar,,un negoció redondo para ambas empresas emoji cara vomitando emoji emoji cara vomitando emoji emoji cara enfadada emoji emoji cara enfadada emoji emoji billete de dólar emoji emoji billete de dólar emoji",422,225,78,31,True,False,Internet: escoger el menos malo,UCE4rsXcgDb6e1-a9iTbWzfg,Quorum,/@quorumgt,/@quorumgt,News & Politics,@quorumgt/videos,channel,717,2024-05-16T18:15:07-07:00,2024-05-17 01:15:07+00:00,"[""economía"", ""principiantes"", ""ley de competencia"", ""duopolios"", ""guatemala"", ""tigo"", ""claro"", ""internet"", ""telefonía""]","[""economía"", ""principiantes"", ""ley de competencia"", ""duopolios"", ""guatemala"", ""tigo"", ""claro"", ""internet"", ""telefonía""]","📱Cuando vas a elegir un plan de internet o de llamadas te toca preguntarte ¿Cuál será el menos malo? o bien conformarte con la única de las dos compañías que tenga cobertura en tu zona.

💸 Hablamos de #LasMañasDelNegocio de las telecomunicaciones. Merecemos un buen servicio.",9,https://www.youtube.com/watch?v=ndAZjHqzzT8
6W4u8sGEnGM,Ugw4ccnmIWJaE6VNRWN4AaABAg,Inician los trabajos de recuperación del Puente Belice II.,Gobierno de la República de Guatemala,UC-ZtFBHzgkYFh7whZkuR_Ag,@vitalianochavez8382,UCFybmWapGvBKcQod7cPPH9w,Que bien que cambio de nombre,Gobierno de la República de Guatemala,topic,youtube_guatemala_plus_comments.csv | youtube_lab_targets_small_comments.csv,/@vitalianochavez8382,hace 5 días,1,0,False,,@vitalianochavez8382,Gobierno de la República de Guatemala,Inician los trabajos de recuperación del Puente Belice II.,Gobierno de la República de Guatemala,topic,@vitalianochavez8382,@vitalianochavez8382,1.0,False,1,0,False,False,hace 5 días,<1 semana,5.0,Que bien que cambio de nombre,cambio nombre,cambio nombre,[],[],[],[],0,0,0,0,Que bien que cambio de nombre,29,13,6,2,True,False,Inician los trabajos de recuperación del Puente Belice II.,UC-ZtFBHzgkYFh7whZkuR_Ag,Gobierno de la República de Guatemala,/@GobiernodelaRepublicadeGuatema,/@GobiernodelaRepublicadeGuatema,Entertainment,Gobierno de la República de Guatemala,topic,11670,2026-08-26T21:00:47-07:00,2026-08-27 04:00:47+00:00,[],[],Inician los trabajos de recuperación del Puente Belice II.,0,https://www.youtube.com/watch?v=6W4u8sGEnGM
n8iP75gIpmw,Ugw5E402-fn52PLXFIJ4AaABAg,Qué rico come tu diputado,Quorum,UCE4rsXcgDb6e1-a9iTbWzfg,@andyB5280,UCh5ESQvtzyHDhCA7XyekCFA,Tiene un poquito de oro y no habla como resolver los problemas .,@quorumgt/videos,channel,quorum_complete_comments.csv | youtube_guatemala_plus_comments.csv,/@andyB5280,hace 2 años, ,0,False,,@andyB5280,Quorum,Qué rico come tu diputado,@quorumgt/videos,channel,@andyB5280,@andyb5280,,True,0,0,False,False,hace 2 años,1 - 2 anos,730.5,Tiene un poquito de oro y no habla como resolver los problemas .,poquito oro resolver problema,poquito oro resolver problemas,[],[],[],[],0,0,0,0,Tiene un poquito de oro y no habla como resolver los problemas .,64,29,13,4,True,False,Qué rico come tu diputado,UCE4rsXcgDb6e1-a9iTbWzfg,Quorum,/@quorumgt,/@quorumgt,News & Politics,Quorum GT,topic,11775,2024-08-27T14:09:51-07:00,2024-08-27 21:09:51+00:00,[],[],"En @ConCriteriogt hablaron hoy sobre nuestro reportaje ""Qué rico come tu diputado"", en el que contamos los almuerzos más caros pagados con fondos públicos entre enero y abril de este año.

Entrevistaron al diputado Nery Rodas, de CABAL, quien asegura que son problemas ""mínimos"".

Si no has leído el repor podés hacerlo acá https://quorum.gt/poder/comida_diputados/",0,https://www.youtube.com/watch?v=n8iP75gIpmw
n8iP75gIpmw,Ugw5URsiAF9QVoniY-l4AaABAg,Qué rico come tu diputado,Quorum,UCE4rsXcgDb6e1-a9iTbWzfg,@cesarandreas7824,UCWIZUtKJ636y-4TYrNvok0g,"Si a los diputados no les alcanza el sueldo que se busquen otro trabajo,  ya sea de los departamentos o de la capital.",@quorumgt/videos,channel,quorum_complete_comments.csv | youtube_guatemala_plus_comments.csv,/@cesarandreas7824,hace 2 años,5,0,False,,@cesarandreas7824,Quorum,Qué rico come tu diputado,@quorumgt/videos,channel,@cesarandreas7824,@cesarandreas7824,5.0,False,5,0,False,False,hace 2 años,1 - 2 anos,730.5,"Si a los diputados no les alcanza el sueldo que se busquen otro trabajo,  ya sea de los departamentos o de la capital.",diputado alcanzar sueldo buscar trabajo departamento capital,diputados alcanza sueldo busquen trabajo departamentos capital,[],[],[],[],0,0,0,0,"Si a los diputados no les alcanza el sueldo que se busquen otro trabajo, ya sea de los departamentos o de la capital.",118,60,23,7,True,False,Qué rico come tu diputado,UCE4rsXcgDb6e1-a9iTbWzfg,Quorum,/@quorumgt,/@quorumgt,News & Politics,Quorum GT,topic,11775,2024-08-27T14:09:51-07:00,2024-08-27 21:09:51+00:00,[],[],"En @ConCriteriogt hablaron hoy sobre nuestro reportaje ""Qué rico come tu diputado"", en el que contamos los almuerzos más caros pagados con fondos públicos entre enero y abril de este año.

Entrevistaron al diputado Nery Rodas, de CABAL, quien asegura que son problemas ""mínimos"".

Si no has leído el repor podés hacerlo acá https://quorum.gt/poder/comida_diputados/",0,https://www.youtube.com/watch?v=n8iP75gIpmw
n8iP75gIpmw,Ugw5xMAuDaygo77ynI94AaABAg,Qué rico come tu diputado,Quorum,UCE4rsXcgDb6e1-a9iTbWzfg,@jor77cas,UCzoL2l5H5eVlorWGH8AZfAg,"Lamentable son las EXCUSAS,  reclama que porque no se ve el trabajo que realizan, sueldon para que se costeen sus propios alimentos, pero tienen que ir a restaurantes de lujo y el PUEBLO luchando para llevar un pan a su mesa, muchos ni a eso llegan  ...",@quorumgt/videos,channel,quorum_complete_comments.csv | youtube_guatemala_plus_comments.csv,/@jor77cas,hace 2 años (editado),6,0,False,,@jor77cas,Quorum,Qué rico come tu diputado,@quorumgt/videos,channel,@jor77cas,@jor77cas,6.0,False,6,0,False,True,hace 2 años,1 - 2 anos,730.5,"Lamentable son las EXCUSAS,  reclama que porque no se ve el trabajo que realizan, sueldon para que se costeen sus propios alimentos, pero tienen que ir a restaurantes de lujo y el PUEBLO luchando para llevar un pan a su mesa, muchos ni a eso llegan  ...",lamentable excusa reclamar trabajo sueldon costeir alimento restaurante lujo pueblo luchar pan mesa llegar,lamentable excusas reclama trabajo realizan sueldon costeen alimentos restaurantes lujo pueblo luchando pan mesa llegan,[],[],[],[],0,0,0,0,"Lamentable son las EXCUSAS, reclama que porque no se ve el trabajo que realizan, sueldon para que se costeen sus propios alimentos, pero tienen que ir a restaurantes de lujo y el PUEBLO luchando para llevar un pan a su mesa, muchos ni a eso llegan ...",253,106,47,14,True,False,Qué rico come tu diputado,UCE4rsXcgDb6e1-a9iTbWzfg,Quorum,/@quorumgt,/@quorumgt,News & Politics,Quorum GT,topic,11775,2024-08-27T14:09:51-07:00,2024-08-27 21:09:51+00:00,[],[],"En @ConCriteriogt hablaron hoy sobre nuestro reportaje ""Qué rico come tu diputado"", en el que contamos los almuerzos más caros pagados con fondos públicos entre enero y abril de este año.

Entrevistaron al diputado Nery Rodas, de CABAL, quien asegura que son problemas ""mínimos"".

Si no has leído el repor podés hacerlo acá https://quorum.gt/poder/comida_diputados/",0,https://www.youtube.com/watch?v=n8iP75gIpmw
TT4qJ5FXHYE,Ugw6cfXYfV4H-asKlDR4AaABAg,"I’x K’at: el primer equipo guatemalteco de pelota maya, conformado únicamente por mujeres.",Quorum,UCE4rsXcgDb6e1-a9iTbWzfg,@rotorairgroup8409,UCKVzDUqbtdSMBcexaEtMmzQ,No se ve un deporte dinamico ni entretenido. El trasfondo de este juego era bastante macabro y refleja la oscuridad de las culturas pre colombinas en America. No le encuentro sentido a recrear algo tan negativo y arcaico.,@quorumgt/videos,channel,quorum_complete_comments.csv | youtube_guatemala_plus_comments.csv,/@rotorairgroup8409,hace 2 años, ,0,False,,@rotorairgroup8409,Quorum,"I’x K’at: el primer equipo guatemalteco de pelota maya, conformado únicamente por mujeres.",@quorumgt/videos,channel,@rotorairgroup8409,@rotorairgroup8409,,True,0,0,False,False,hace 2 años,1 - 2 anos,730.5,No se ve un deporte dinamico ni entretenido. El trasfondo de este juego era bastante macabro y refleja la oscuridad de las culturas pre colombinas en America. No le encuentro sentido a recrear algo tan negativo y arcaico.,deporte dinamico entretenido trasfondo juego macabro reflejar oscuridad cultura pre colombina americo encuentro recrear negativo arcaico,deporte dinamico entretenido trasfondo juego macabro refleja oscuridad culturas pre colombinas america encuentro recrear negativo arcaico,[],[],[],[],0,0,0,0,No se ve un deporte dinamico ni entretenido. El trasfondo de este juego era bastante macabro y refleja la oscuridad de las culturas pre colombinas en America. No le encuentro sentido a recrear algo tan negativo y arcaico.,221,136,38,16,True,False,"I’x K’at: el primer equipo guatemalteco de pelota maya, conformado únicamente por mujeres.",UCE4rsXcgDb6e1-a9iTbWzfg,Quorum,/@quorumgt,/@quorumgt,News & Politics,@quorumgt/videos,channel,1075,2022-08-03T05:53:55-07:00,2022-08-03 12:53:55+00:00,[],[],"Una joven maestra decidió romper prejuicios y formar el primer equipo femenino de pelota maya. Sin apoyo del gobierno, la práctica del deporte se convirtió en una forma de empoderamiento y de rescatar la herencia milenaria de la comunidad.",0,https://www.youtube.com/watch?v=TT4qJ5FXHYE
j43HgwYFKfk,Ugw74asIfir0_SVC6OB4AaABAg,La cooptación de Walter Mazariegos en la USAC,Quorum,UCE4rsXcgDb6e1-a9iTbWzfg,@eustaquiogomez9975,UCNpt5CQlTzNjlAKY6CJtClQ,Denle golpe universitario (de estado). Lo puede hacer el CSU?,@quorumgt/videos,channel,quorum_complete_comments.csv | youtube_guatemala_plus_comments.csv,/@eustaquiogomez9975,hace 1 año, ,0,False,,@eustaquiogomez9975,Quorum,La cooptación de Walter Mazariegos en la USAC,@quorumgt/videos,channel,@eustaquiogomez9975,@eustaquiogomez9975,,True,0,0,False,False,hace 1 año,1 mes - 1 ano,365.25,Denle golpe universitario (de estado). Lo puede hacer el CSU?,denle golpe universitario csu,denle golpe universitario csu,[],[],[],[],0,0,0,0,Denle golpe universitario (de estado). Lo puede hacer el CSU?,61,29,10,4,True,False,La cooptación de Walter Mazariegos en la USAC,UCE4rsXcgDb6e1-a9iTbWzfg,Quorum,/@quorumgt,/@quorumgt,News & Politics,@quorumgt,topic,10156,2024-09-26T15:00:17-07:00,2024-09-26 22:00:17+00:00,"[""USAC"", ""Walter Mazariegos"", ""Mazariegos rector"", ""Fraude USAC"", ""Elecciones USAC"", ""Toma USAC"", ""CSU USAC"", ""Quorum GT"", ""Periodismo Guatemala"", ""Luis Cordón USAC""]","[""USAC"", ""Walter Mazariegos"", ""Mazariegos rector"", ""Fraude USAC"", ""Elecciones USAC"", ""Toma USAC"", ""CSU USAC"", ""Quorum GT"", ""Periodismo Guatemala"", ""Luis Cordón USAC""]","🚨El rector de facto de la #USAC, Walter Mazariegos, tiene una alianza que le permite controlar un presupuesto millonario, quitar a sus opositores del camino y colocar a sus allegados en puestos importantes. Más de la mitad de sus cómplices en el Consejo Superior Universitario (CSU) se han prolongado en el poder y no tienen la intención de soltarlo.

👁️ Aunque las cosas podrían cambiar…

Ayudanos compartiendo, comentando y dándole like a este video.

🔍 También podés leer el reportaje completo en este link👉🏻 https://quorum.gt/poder/captura/usac/mazariegos_csu/

📲 Seguí a Quorum en todas las redes para ver más contenido interesante de #Guatemala.

⚫️ X: https://twitter.com/QuorumGT
🟣 Instagram: https://www.instagram.com/holaquorum?igsh=a2l2MHp6dXA5aGg4
🟠 TikTok:https://www.tiktok.com/@quorumgt?_t=8q3C9YsmOiT&_r=1
🔵 Facebook: https://www.facebook.com/QuorumGT?mibextid=LQQJ4d
🟢 Canal de WhatsApp: https://whatsapp.com/channel/0029Va8IZV65PO0ul2cBdD0l",10,https://www.youtube.com/watch?v=j43HgwYFKfk
n8iP75gIpmw,Ugw86zOgTwKzYotlT9l4AaABAg,Qué rico come tu diputado,Quorum,UCE4rsXcgDb6e1-a9iTbWzfg,@yeniferaguirre4498,UCut6b9S98nv84cVX89PmKzA,Y el pueblo muriéndose de hambre muchas madres de familia ganando 50 quetzales al día y en algunos departamentos solo ganan 30 te voy a dar mención una aldea llamada el jabalí 30 quetzales al día gana algunas personas ganan 300 quetzales a la semana fiestas sanguijuelas se los comieron en un almuerzo,@quorumgt/videos,channel,quorum_complete_comments.csv | youtube_guatemala_plus_comments.csv,/@yeniferaguirre4498,hace 2 años,1,0,False,,@yeniferaguirre4498,Quorum,Qué rico come tu diputado,@quorumgt/videos,channel,@yeniferaguirre4498,@yeniferaguirre4498,1.0,False,1,0,False,False,hace 2 años,1 - 2 anos,730.5,Y el pueblo muriéndose de hambre muchas madres de familia ganando 50 quetzales al día y en algunos departamentos solo ganan 30 te voy a dar mención una aldea llamada el jabalí 30 quetzales al día gana algunas personas ganan 300 quetzales a la semana fiestas sanguijuelas se los comieron en un almuerzo,pueblo morir el hambre madre familia ganar quetzales departamento ganar mencion aldea llamado jabali quetzales ganar persona ganar quetzales semana fiesta sanguijuela comer almuerzo,pueblo muriendose hambre madres familia ganando quetzales departamentos ganan mencion aldea llamada jabali quetzales gana personas ganan quetzales semana fiestas sanguijuelas comieron almuerzo,[],[],[],[],0,0,0,0,Y el pueblo muriéndose de hambre muchas madres de familia ganando 50 quetzales al día y en algunos departamentos solo ganan 30 te voy a dar mención una aldea llamada el jabalí 30 quetzales al día gana algunas personas ganan 300 quetzales a la semana fiestas sanguijuelas se los comieron en un almuerzo,301,181,53,24,True,False,Qué rico come tu diputado,UCE4rsXcgDb6e1-a9iTbWzfg,Quorum,/@quorumgt,/@quorumgt,News & Politics,Quorum GT,topic,11775,2024-08-27T14:09:51-07:00,2024-08-27 21:09:51+00:00,[],[],"En @ConCriteriogt hablaron hoy sobre nuestro reportaje ""Qué rico come tu diputado"", en el que contamos los almuerzos más caros pagados con fondos públicos entre enero y abril de este año.

Entrevistaron al diputado Nery Rodas, de CABAL, quien asegura que son problemas ""mínimos"".

Si no has leído el repor podés hacerlo acá https://quorum.gt/poder/comida_diputados/",0,https://www.youtube.com/watch?v=n8iP75gIpmw
j43HgwYFKfk,Ugw8iZ_G2Cwq-9ZYctt4AaABAg,La cooptación de Walter Mazariegos en la USAC,Quorum,UCE4rsXcgDb6e1-a9iTbWzfg,@aguilar4254,UCQyOePccUP-fIJYzchAgZYw,"Pues son muchos los alumnos hay que unirse se han quedado con la pata del Walter en el cuello, fuera hay que sacarlos",@quorumgt/videos,channel,quorum_complete_comments.csv | youtube_guatemala_plus_comments.csv,/@aguilar4254,hace 6 meses, ,0,False,,@aguilar4254,Quorum,La cooptación de Walter Mazariegos en la USAC,@quorumgt/videos,channel,@aguilar4254,@aguilar4254,,True,0,0,False,False,hace 6 meses,1 mes - 1 ano,182.64,"Pues son muchos los alumnos hay que unirse se han quedado con la pata del Walter en el cuello, fuera hay que sacarlos",alumno unir el quedado patar walter cuello sacar el,alumnos unirse quedado pata walter cuello sacarlos,[],[],[],[],0,0,0,0,"Pues son muchos los alumnos hay que unirse se han quedado con la pata del Walter en el cuello, fuera hay que sacarlos",117,51,23,9,True,False,La cooptación de Walter Mazariegos en la USAC,UCE4rsXcgDb6e1-a9iTbWzfg,Quorum,/@quorumgt,/@quorumgt,News & Politics,@quorumgt,topic,10156,2024-09-26T15:00:17-07:00,2024-09-26 22:00:17+00:00,"[""USAC"", ""Walter Mazariegos"", ""Mazariegos rector"", ""Fraude USAC"", ""Elecciones USAC"", ""Toma USAC"", ""CSU USAC"", ""Quorum GT"", ""Periodismo Guatemala"", ""Luis Cordón USAC""]","[""USAC"", ""Walter Mazariegos"", ""Mazariegos rector"", ""Fraude USAC"", ""Elecciones USAC"", ""Toma USAC"", ""CSU USAC"", ""Quorum GT"", ""Periodismo Guatemala"", ""Luis Cordón USAC""]","🚨El rector de facto de la #USAC, Walter Mazariegos, tiene una alianza que le permite controlar un presupuesto millonario, quitar a sus opositores del camino y colocar a sus allegados en puestos importantes. Más de la mitad de sus cómplices en el Consejo Superior Universitario (CSU) se han prolongado en el poder y no tienen la intención de soltarlo.

👁️ Aunque las cosas podrían cambiar…

Ayudanos compartiendo, comentando y dándole like a este video.

🔍 También podés leer el reportaje completo en este link👉🏻 https://quorum.gt/poder/captura/usac/mazariegos_csu/

📲 Seguí a Quorum en todas las redes para ver más contenido interesante de #Guatemala.

⚫️ X: https://twitter.com/QuorumGT
🟣 Instagram: https://www.instagram.com/holaquorum?igsh=a2l2MHp6dXA5aGg4
🟠 TikTok:https://www.tiktok.com/@quorumgt?_t=8q3C9YsmOiT&_r=1
🔵 Facebook: https://www.facebook.com/QuorumGT?mibextid=LQQJ4d
🟢 Canal de WhatsApp: https://whatsapp.com/channel/0029Va8IZV65PO0ul2cBdD0l",10,https://www.youtube.com/watch?v=j43HgwYFKfk
n8iP75gIpmw,Ugw8pyxscJNUQpfoKuF4AaABAg,Qué rico come tu diputado,Quorum,UCE4rsXcgDb6e1-a9iTbWzfg,@welfrealdana5559,UCOLGv5Pf6BF2wFcwUzgcvHg,Todos lis que trabajan en la capital pagamos apartamento y no tenemos carro y gasolina gratis,@quorumgt/videos,channel,quorum_complete_comments.csv | youtube_guatemala_plus_comments.csv,/@welfrealdana5559,hace 2 años,4,0,False,,@welfrealdana5559,Quorum,Qué rico come tu diputado,@quorumgt/videos,channel,@welfrealdana5559,@welfrealdana5559,4.0,False,4,0,False,False,hace 2 años,1 - 2 anos,730.5,Todos lis que trabajan en la capital pagamos apartamento y no tenemos carro y gasolina gratis,trabajar capital pagar apartamento carro gasolina gratis,lis trabajan capital pagamos apartamento carro gasolina gratis,[],[],[],[],0,0,0,0,Todos lis que trabajan en la capital pagamos apartamento y no tenemos carro y gasolina gratis,93,56,16,7,True,False,Qué rico come tu diputado,UCE4rsXcgDb6e1-a9iTbWzfg,Quorum,/@quorumgt,/@quorumgt,News & Politics,Quorum GT,topic,11775,2024-08-27T14:09:51-07:00,2024-08-27 21:09:51+00:00,[],[],"En @ConCriteriogt hablaron hoy sobre nuestro reportaje ""Qué rico come tu diputado"", en el que contamos los almuerzos más caros pagados con fondos públicos entre enero y abril de este año.

Entrevistaron al diputado Nery Rodas, de CABAL, quien asegura que son problemas ""mínimos"".

Si no has leído el repor podés hacerlo acá https://quorum.gt/poder/comida_diputados/",0,https://www.youtube.com/watch?v=n8iP75gIpmw
06mFNPU0aB8,Ugw9_Qw_QaSdggWuKJt4AaABAg,Capturan a presuntos delincuentes disfrazados de mujer señalados de cometer asalto,Noti7,UCVpSRoZgngfSL03Nlbjtq9A,@ruddydepaz322,UCAxvOOHQk7dYPOajzFEVtbA,Las dos se ubieran vestido de rosita con tacones y medias.Dia y noche no les ba faltar de todos calibres .delen una bolsa de pintalabios también .,guatemala noticias,topic,youtube_guatemala_comments.csv | youtube_guatemala_plus_comments.csv,/@ruddydepaz322,hace 2 semanas, ,0,False,,@ruddydepaz322,Noti7,Capturan a presuntos delincuentes disfrazados de mujer señalados de cometer asalto,guatemala noticias,topic,@ruddydepaz322,@ruddydepaz322,,True,0,0,False,False,hace 2 semanas,1 sem - 1 mes,14.0,Las dos se ubieran vestido de rosita con tacones y medias.Dia y noche no les ba faltar de todos calibres .delen una bolsa de pintalabios también .,ubeir vestido rositar tacon noche faltar calibre delen bolsa pintalabio,ubieran vestido rosita tacones medias noche faltar calibres delen bolsa pintalabios,[],[],[],[],0,0,0,0,Las dos se ubieran vestido de rosita con tacones y medias.Dia y noche no les ba faltar de todos calibres .delen una bolsa de pintalabios también .,146,71,27,10,True,False,Capturan a presuntos delincuentes disfrazados de mujer señalados de cometer asalto,UCVpSRoZgngfSL03Nlbjtq9A,Noti7,/@Noti7Guatemala,/@Noti7Guatemala,News & Politics,guatemala noticias,topic,6692,2026-08-13T22:00:12-07:00,2026-08-14 05:00:12+00:00,"[""Actualidad"", ""Asaltantes disfrazados"", ""Capturados Escuintla"", ""Guatemala"", ""Noti7"", ""Noticias"", ""PNC"", ""Televisiete"", ""información"", ""noticias"", ""capturas""]","[""Actualidad"", ""Asaltantes disfrazados"", ""Capturados Escuintla"", ""Guatemala"", ""Noti7"", ""Noticias"", ""PNC"", ""Televisiete"", ""información"", ""noticias"", ""capturas""]",La rápida acción policial frustró el plan de los sujetos que usaron minifaldas para huir.,11,https://www.youtube.com/watch?v=06mFNPU0aB8
n8iP75gIpmw,Ugw9eye2GML6RHRSu-14AaABAg,Qué rico come tu diputado,Quorum,UCE4rsXcgDb6e1-a9iTbWzfg,@MegaKristenstewart,UCQ_-LPP8JAbfkc-b1Q6NvWw,La gente muriendose de hambre y esos ladrones comiendo de maravilla que verguenza...,@quorumgt/videos,channel,quorum_complete_comments.csv | youtube_guatemala_plus_comments.csv,/@MegaKristenstewart,hace 2 años,31,0,False,,@MegaKristenstewart,Quorum,Qué rico come tu diputado,@quorumgt/videos,channel,@MegaKristenstewart,@megakristenstewart,31.0,False,31,0,False,False,hace 2 años,1 - 2 anos,730.5,La gente muriendose de hambre y esos ladrones comiendo de maravilla que verguenza...,morir el hambre ladron comer maravilla verguenza,muriendose hambre ladrones comiendo maravilla verguenza,[],[],[],[],0,0,0,0,La gente muriendose de hambre y esos ladrones comiendo de maravilla que verguenza...,84,48,13,7,True,False,Qué rico come tu diputado,UCE4rsXcgDb6e1-a9iTbWzfg,Quorum,/@quorumgt,/@quorumgt,News & Politics,Quorum GT,topic,11775,2024-08-27T14:09:51-07:00,2024-08-27 21:09:51+00:00,[],[],"En @ConCriteriogt hablaron hoy sobre nuestro reportaje ""Qué rico come tu diputado"", en el que contamos los almuerzos más caros pagados con fondos públicos entre enero y abril de este año.

Entrevistaron al diputado Nery Rodas, de CABAL, quien asegura que son problemas ""mínimos"".

Si no has leído el repor podés hacerlo acá https://quorum.gt/poder/comida_diputados/",0,https://www.youtube.com/watch?v=n8iP75gIpmw
lj983NWyAQY,UgwA5aTmgACLCuTUT494AaABAg,Plan 2032 Ciudad de Guatemala,Municipalidad de Guatemala,UCXa6LVjBzUtmcM3cwbd9e2w,@melvinperez6710,UCXmrpc6Li0spcKxtS0Q_ptg,Guatemala nunca se tube que llamar guatemala dino guatebella guatehermosa guatelinda la eterna primavera es guatebella abrazos hnos de un salvadoreno que viva el amor y la armonia,Municipalidad de Guatemala,topic,lj983NWyAQY_out_comments.csv | youtube_guatemala_plus_comments.csv,/@melvinperez6710,hace 6 años,10,0,False,,@melvinperez6710,Municipalidad de Guatemala,Plan 2032 Ciudad de Guatemala,Municipalidad de Guatemala,topic,@melvinperez6710,@melvinperez6710,10.0,False,10,0,False,False,hace 6 años,>2 anos,2191.5,Guatemala nunca se tube que llamar guatemala dino guatebella guatehermosa guatelinda la eterna primavera es guatebella abrazos hnos de un salvadoreno que viva el amor y la armonia,guatemala tube llamar guatemala dino guatebella guatehermos guatelinda eterno primavera guatebello abrazo hno salvadoreno viva amor armonia,guatemala tube llamar guatemala dino guatebella guatehermosa guatelinda eterna primavera guatebella abrazos hnos salvadoreno viva amor armonia,[],[],[],[],0,0,0,0,Guatemala nunca se tube que llamar guatemala dino guatebella guatehermosa guatelinda la eterna primavera es guatebella abrazos hnos de un salvadoreno que viva el amor y la armonia,179,139,28,17,True,False,Plan 2032 Ciudad de Guatemala,UCXa6LVjBzUtmcM3cwbd9e2w,Municipalidad de Guatemala,/@MunicipalidaddeGuatemala-1551,/@MunicipalidaddeGuatemala-1551,News & Politics,Municipalidad de Guatemala,topic,304089,2019-02-28T18:31:10-08:00,2019-03-01 02:31:10+00:00,"[""Ricardo"", ""Quiñónez"", ""Administración"", ""Alcalde"", ""Alcaldía"", ""Alcaldías"", ""Municipalidad"", ""Municipal"", ""Muni"", ""Cumple"", ""Equipo"", ""Transparencia"", ""Servicios"", ""Servir"", ""Servidor"", ""Público"", ""Pasión"", ""Todos"", ""Somos"", ""La"", ""Ciudad"", ""Del"", ""Futuro"", ""Para"", ""Vivir"", ""Polos"", ""desarrollo"", ""pasos a desnivel"", ""movilidad urbana"", ""aerometro"", ""Transmetro"", ""metroriel"", ""Plan 2032"", ""transporte público"", ""reciclaje"", ""movilidad""]","[""Ricardo"", ""Quiñónez"", ""Administración"", ""Alcalde"", ""Alcaldía"", ""Alcaldías"", ""Municipalidad"", ""Municipal"", ""Muni"", ""Cumple"", ""Equipo"", ""Transparencia"", ""Servicios"", ""Servir"", ""Servidor"", ""Público"", ""Pasión"", ""Todos"", ""Somos"", ""La"", ""Ciudad"", ""Del"", ""Futuro"", ""Para"", ""Vivir"", ""Polos"", ""desarrollo"", ""pasos a desnivel"", ""movilidad urbana"", ""aerometro"", ""Transmetro"", ""metroriel"", ""Plan 2032"", ""transporte público"", ""reciclaje"", ""movilidad""]",La Municipalidad de Guatemala trabaja en el plan 2032 con proyectos para solventar los actuales y futuros desafíos de la Ciudad.,36,https://www.youtube.com/watch?v=lj983NWyAQY
n8iP75gIpmw,UgwARHTnVAzzPrHbNox4AaABAg,Qué rico come tu diputado,Quorum,UCE4rsXcgDb6e1-a9iTbWzfg,@belvettzapeta1251,UCZ51R_9Q9C0c8I3pAWhtmjQ,Me parece excelente esta entrevista,@quorumgt/videos,channel,quorum_complete_comments.csv | youtube_guatemala_plus_comments.csv,/@belvettzapeta1251,hace 2 años,8,0,False,,@belvettzapeta1251,Quorum,Qué rico come tu diputado,@quorumgt/videos,channel,@belvettzapeta1251,@belvettzapeta1251,8.0,False,8,0,False,False,hace 2 años,1 - 2 anos,730.5,Me parece excelente esta entrevista,excelente entrevista,excelente entrevista,[],[],[],[],0,0,0,0,Me parece excelente esta entrevista,35,20,5,2,True,False,Qué rico come tu diputado,UCE4rsXcgDb6e1-a9iTbWzfg,Quorum,/@quorumgt,/@quorumgt,News & Politics,Quorum GT,topic,11775,2024-08-27T14:09:51-07:00,2024-08-27 21:09:51+00:00,[],[],"En @ConCriteriogt hablaron hoy sobre nuestro reportaje ""Qué rico come tu diputado"", en el que contamos los almuerzos más caros pagados con fondos públicos entre enero y abril de este año.

Entrevistaron al diputado Nery Rodas, de CABAL, quien asegura que son problemas ""mínimos"".

Si no has leído el repor podés hacerlo acá https://quorum.gt/poder/comida_diputados/",0,https://www.youtube.com/watch?v=n8iP75gIpmw
X_FAIef8qlE,UgwBIwUPLGxEWAu3Mh14AaABAg,Cruzando la ciudad a puro Transmetro,Quorum,UCE4rsXcgDb6e1-a9iTbWzfg,@elizabethmonterroso7719,UCPLW0HE3siElqCgXfgWxMqg,"¿Como se subscribe uno al boletín informativo? 
Yo intenté desde la pagina web pero  los teléfonos que tienen colocados  dice telgua que no existen. Y WhatsApp igual dice que ese teléfono no existe.",@quorumgt/videos,channel,quorum_complete_comments.csv | youtube_guatemala_plus_comments.csv,/@elizabethmonterroso7719,hace 5 meses, ,0,False,,@elizabethmonterroso7719,Quorum,Cruzando la ciudad a puro Transmetro,@quorumgt/videos,channel,@elizabethmonterroso7719,@elizabethmonterroso7719,,True,0,0,False,False,hace 5 meses,1 mes - 1 ano,152.2,"¿Como se subscribe uno al boletín informativo? 
Yo intenté desde la pagina web pero  los teléfonos que tienen colocados  dice telgua que no existen. Y WhatsApp igual dice que ese teléfono no existe.",subscribir boletin informativo intentar pagina web telefono colocado telguo whatsapp telefono,subscribe boletin informativo intente pagina web telefonos colocados telgua whatsapp telefono,[],[],[],[],0,0,0,0,¿Como se subscribe uno al boletín informativo? Yo intenté desde la pagina web pero los teléfonos que tienen colocados dice telgua que no existen. Y WhatsApp igual dice que ese teléfono no existe.,198,93,33,11,True,False,Cruzando la ciudad a puro Transmetro,UCE4rsXcgDb6e1-a9iTbWzfg,Quorum,/@quorumgt,/@quorumgt,News & Politics,@quorumgt/videos,channel,1140,2025-10-03T14:42:06-07:00,2025-10-03 21:42:06+00:00,"[""#transmetro #ciudaddeguatemala #muniguate #zona18 #centrasur""]","[""#transmetro #ciudaddeguatemala #muniguate #zona18 #centrasur""]","🚌 Un reto que en teoría debería ser sencillo: atravesar la ciudad de Guatemala en Transmetro. @moiete se aventó el viaje. Contanos:

🤔 ¿Cómo es tu experiencia usando el Transmetro? ¿Qué crees que necesita mejorar?",1,https://www.youtube.com/watch?v=X_FAIef8qlE
OkXlHx0hx-8,UgwCW5PErySUmwse3bZ4AaABAg,EE.UU. envía a mexicanos deportados a Guatemala antes de su regreso a México | Noticias Telemundo,Noticias Telemundo,UCRwA1NUcUnwsly35ikGhp0A,@WilR-s8r,UCxhtlxPV8AYWaNNyU6S9H8Q,Pero hay que ver el lado bueno si los deportan por la Frontera los carteles los secuestran para sacar dinero a los familiares en USA,guatemala noticias,topic,youtube_guatemala_comments.csv | youtube_guatemala_plus_comments.csv,/@WilR-s8r,hace 1 día, ,0,False,,@WilR-s8r,Noticias Telemundo,EE.UU. envía a mexicanos deportados a Guatemala antes de su regreso a México | Noticias Telemundo,guatemala noticias,topic,@WilR-s8r,@wilr-s8r,,True,0,0,False,False,hace 1 día,<1 semana,1.0,Pero hay que ver el lado bueno si los deportan por la Frontera los carteles los secuestran para sacar dinero a los familiares en USA,deportar frontera cartel secuestrar sacar dinero familiar,deportan frontera carteles secuestran sacar dinero familiares,[],[],[],[],0,0,0,0,Pero hay que ver el lado bueno si los deportan por la Frontera los carteles los secuestran para sacar dinero a los familiares en USA,132,57,25,7,True,False,EE.UU. envía a mexicanos deportados a Guatemala antes de su regreso a México | Noticias Telemundo,UCRwA1NUcUnwsly35ikGhp0A,Noticias Telemundo,/@noticias,/@noticias,News & Politics,guatemala noticias,topic,14200,2026-08-30T16:38:02-07:00,2026-08-30 23:38:02+00:00,"[""telemundo noticias"", ""noticias telemundo"", ""noticias telemundo de hoy"", ""noticias"", ""noticias en vivo"", ""telemundo"", ""noticias de ultima hora"", ""noticias de hoy"", ""ee uu deporta a miles de mexicanos a traves de guatemala"", ""mexico rechaza uso de guatemala como pais puente"", ""dhs acelera expulsiones de mexicanos por guatemala"", ""polemica por ruta de deportacion de ee uu a tapachula"", ""miles de deportados mexicanos quedan varados en guatemala""]","[""telemundo noticias"", ""noticias telemundo"", ""noticias telemundo de hoy"", ""noticias"", ""noticias en vivo"", ""telemundo"", ""noticias de ultima hora"", ""noticias de hoy"", ""ee uu deporta a miles de mexicanos a traves de guatemala"", ""mexico rechaza uso de guatemala como pais puente"", ""dhs acelera expulsiones de mexicanos por guatemala"", ""polemica por ruta de deportacion de ee uu a tapachula"", ""miles de deportados mexicanos quedan varados en guatemala""]","Video oficial de Noticias Telemundo. Desde abril, casi 2,300 mexicanos han sido enviados a Guatemala, según autoridades de ese país. Al llegar a Tapachula, muchos deben buscar cómo trasladarse a sus estados de origen. DHS justifica el uso de países “puente” para acelerar las expulsiones.

Descarga nuestra App:
https://telemundo.app.link/Mtq7sTKAUtb

SUSCRÍBETE: https://bit.ly/TLMDNoticiasYT

Noticias
Noticias Telemundo es un proveedor líder de noticias para los hispanos de EE.UU. Sus galardonados espacios de noticias, transmitidos desde Telemundo Center, incluyen los noticieros diarios ""Noticias Telemundo"" con Julio Vaqueiro; ""Noticias Telemundo Fin de Semana"", ""Noticias Telemundo Mediodía"" y ""Noticias Telemundo En La Noche"". El ""Equipo Digital de Noticias Telemundo"" ofrece contenido ininterrumpido para los hispanos de EE.UU. a través de sus crecientes plataformas móviles y en línea. ""Noticias Telemundo Investiga"" produce reportes investigativos y documentales en profundidad. ""Noticias Telemundo Planeta Tierra"" ofrece información relacionada con el medio ambiente y el cambio climático. Adicionalmente, ""Noticias Telemundo"" produce galardonados especiales de noticias, documentales y eventos noticiosos como debates políticos, asambleas ciudadanas y foros.

Telemundo
Es una empresa de medios de primera categoría, líder en la industria en la producción y distribución de contenido en español de alta calidad a través de múltiples plataformas para hispanos en los Estados Unidos y alrededor del mundo. La cadena ofrece producciones dramáticas originales de Telemundo Studios – el productor #1 de contenido en español de horario estelar – así como contenido alternativo, películas de cine, especiales, noticias y eventos deportivos de primer nivel, alcanzando el 94% de los televidentes hispanos en los Estados Unidos en 210 mercados a través de 17 estaciones propias y 57 afiliadas de TV abierta. Telemundo también es propietaria de WKAQ, una estación de televisión local que sirve Puerto Rico. Telemundo es parte de NBCUniversal Telemundo Enterprises, una división de NBCUniversal, una de las compañías líderes en el mundo de los medios y entretenimiento. NBCUniversal es una subsidiaria de Comcast Corporation.

SÍGUENOS EN X: https://twitter.com/telemundonews
DANOS ME GUSTA EN FACEBOOK: https://www.facebook.com/NoticiasTelemundo

#NoticiasTelemundo #Deportaciones #Frontera 

EE.UU. envía a mexicanos deportados a Guatemala antes de su regreso a México | Noticias Telemundo
https://www.youtube.com/noticias

Noticias, Telemundo, Noticias Telemundo de hoy, Telemundo Noticias, Noticias, Telemundo, Telemundo Noticias de hoy, Noticias Telemundo de hoy en vivo, Ultima hora, Noticias de hoy, Noticias de Ultima hora",13,https://www.youtube.com/watch?v=OkXlHx0hx-8
yLZS3JiEBg8,UgwCfRlzeiXz172UQQV4AaABAg,Arroz con pollo a la MONOPOLIO,Quorum,UCE4rsXcgDb6e1-a9iTbWzfg,@hashojea7348,UCvcu1kR8xMYy_I1Ty-2mV2Q,"Este video debe llegar a muchas personas, es muy buena información",@quorumgt/videos,channel,quorum_complete_comments.csv | youtube_guatemala_plus_comments.csv,/@hashojea7348,hace 2 años, ,0,False,,@hashojea7348,Quorum,Arroz con pollo a la MONOPOLIO,@quorumgt/videos,channel,@hashojea7348,@hashojea7348,,True,0,0,False,False,hace 2 años,1 - 2 anos,730.5,"Este video debe llegar a muchas personas, es muy buena información",video llegar persona informacion,video llegar personas informacion,[],[],[],[],0,0,0,0,"Este video debe llegar a muchas personas, es muy buena información",66,32,11,4,True,False,Arroz con pollo a la MONOPOLIO,UCE4rsXcgDb6e1-a9iTbWzfg,Quorum,/@quorumgt,/@quorumgt,News & Politics,@quorumgt/videos,channel,1954,2024-05-09T19:15:12-07:00,2024-05-10 02:15:12+00:00,[],[],"🔍 En Guatemala tenemos un mercado no tan “libre” que digamos. 

💸 Unas pocas empresas dominan las diferentes industrias y en algunos sectores no hay una competencia real que favorezca al consumidor.

🎥 Hoy estrenamos #LasMañasDelMercado para hablar de la industria alimenticia y la necesidad de una #LeyDeCompetencia.",0,https://www.youtube.com/watch?v=yLZS3JiEBg8
j43HgwYFKfk,UgwCw9bhAw6suYQfCWx4AaABAg,La cooptación de Walter Mazariegos en la USAC,Quorum,UCE4rsXcgDb6e1-a9iTbWzfg,@josecastillo4390,UCaKAjTW9MVub_clgr4DRYjQ,Qué lujooo de contenidooooo 🔥,@quorumgt,topic,j43HgwYFKfk_out_comments.csv | quorum_complete_comments.csv | youtube_guatemala_plus_comments.csv,/@josecastillo4390,hace 1 año,6,0,False,,@josecastillo4390,Quorum,La cooptación de Walter Mazariegos en la USAC,@quorumgt,topic,@josecastillo4390,@josecastillo4390,6.0,False,6,0,False,False,hace 1 año,1 mes - 1 ano,365.25,Qué lujooo de contenidooooo 🔥,lujoo contenidoo,lujoo contenidoo,[],[],[],"[""🔥""]",0,0,0,1,Qué lujooo de contenidooo emoji fuego emoji,29,16,5,2,True,False,La cooptación de Walter Mazariegos en la USAC,UCE4rsXcgDb6e1-a9iTbWzfg,Quorum,/@quorumgt,/@quorumgt,News & Politics,@quorumgt,topic,10156,2024-09-26T15:00:17-07:00,2024-09-26 22:00:17+00:00,"[""USAC"", ""Walter Mazariegos"", ""Mazariegos rector"", ""Fraude USAC"", ""Elecciones USAC"", ""Toma USAC"", ""CSU USAC"", ""Quorum GT"", ""Periodismo Guatemala"", ""Luis Cordón USAC""]","[""USAC"", ""Walter Mazariegos"", ""Mazariegos rector"", ""Fraude USAC"", ""Elecciones USAC"", ""Toma USAC"", ""CSU USAC"", ""Quorum GT"", ""Periodismo Guatemala"", ""Luis Cordón USAC""]","🚨El rector de facto de la #USAC, Walter Mazariegos, tiene una alianza que le permite controlar un presupuesto millonario, quitar a sus opositores del camino y colocar a sus allegados en puestos importantes. Más de la mitad de sus cómplices en el Consejo Superior Universitario (CSU) se han prolongado en el poder y no tienen la intención de soltarlo.

👁️ Aunque las cosas podrían cambiar…

Ayudanos compartiendo, comentando y dándole like a este video.

🔍 También podés leer el reportaje completo en este link👉🏻 https://quorum.gt/poder/captura/usac/mazariegos_csu/

📲 Seguí a Quorum en todas las redes para ver más contenido interesante de #Guatemala.

⚫️ X: https://twitter.com/QuorumGT
🟣 Instagram: https://www.instagram.com/holaquorum?igsh=a2l2MHp6dXA5aGg4
🟠 TikTok:https://www.tiktok.com/@quorumgt?_t=8q3C9YsmOiT&_r=1
🔵 Facebook: https://www.facebook.com/QuorumGT?mibextid=LQQJ4d
🟢 Canal de WhatsApp: https://whatsapp.com/channel/0029Va8IZV65PO0ul2cBdD0l",10,https://www.youtube.com/watch?v=j43HgwYFKfk
n8iP75gIpmw,UgwEOUk-ofXNqkHW5Cx4AaABAg,Qué rico come tu diputado,Quorum,UCE4rsXcgDb6e1-a9iTbWzfg,@markoherrera,UCxff05WuyvwELNITi7bj7UA,"Desde que dijo que qué hacían los periodistas por el país lo deje de escuchar, no me quiero picar el hígado",@quorumgt/videos,channel,quorum_complete_comments.csv | youtube_guatemala_plus_comments.csv,/@markoherrera,hace 2 años,3,0,False,,@markoherrera,Quorum,Qué rico come tu diputado,@quorumgt/videos,channel,@markoherrera,@markoherrera,3.0,False,3,0,False,False,hace 2 años,1 - 2 anos,730.5,"Desde que dijo que qué hacían los periodistas por el país lo deje de escuchar, no me quiero picar el hígado",haciar periodista dejar escuchar querer picar higado,hacian periodistas deje escuchar quiero picar higado,[],[],[],[],0,0,0,0,"Desde que dijo que qué hacían los periodistas por el país lo deje de escuchar, no me quiero picar el hígado",107,52,21,7,True,False,Qué rico come tu diputado,UCE4rsXcgDb6e1-a9iTbWzfg,Quorum,/@quorumgt,/@quorumgt,News & Politics,Quorum GT,topic,11775,2024-08-27T14:09:51-07:00,2024-08-27 21:09:51+00:00,[],[],"En @ConCriteriogt hablaron hoy sobre nuestro reportaje ""Qué rico come tu diputado"", en el que contamos los almuerzos más caros pagados con fondos públicos entre enero y abril de este año.

Entrevistaron al diputado Nery Rodas, de CABAL, quien asegura que son problemas ""mínimos"".

Si no has leído el repor podés hacerlo acá https://quorum.gt/poder/comida_diputados/",0,https://www.youtube.com/watch?v=n8iP75gIpmw
n8iP75gIpmw,UgwEQHx8Ik7SbxBTQ914AaABAg,Qué rico come tu diputado,Quorum,UCE4rsXcgDb6e1-a9iTbWzfg,@SoniaMarroquin-y6e,UCZLG9qH0tUjNhEGFIUt0CYw,Otros nuevos corruptos,@quorumgt/videos,channel,quorum_complete_comments.csv | youtube_guatemala_plus_comments.csv,/@SoniaMarroquin-y6e,hace 2 años,1,0,False,,@SoniaMarroquin-y6e,Quorum,Qué rico come tu diputado,@quorumgt/videos,channel,@SoniaMarroquin-y6e,@soniamarroquin-y6e,1.0,False,1,0,False,False,hace 2 años,1 - 2 anos,730.5,Otros nuevos corruptos,corrupto,corruptos,[],[],[],[],0,0,0,0,Otros nuevos corruptos,22,8,3,1,True,False,Qué rico come tu diputado,UCE4rsXcgDb6e1-a9iTbWzfg,Quorum,/@quorumgt,/@quorumgt,News & Politics,Quorum GT,topic,11775,2024-08-27T14:09:51-07:00,2024-08-27 21:09:51+00:00,[],[],"En @ConCriteriogt hablaron hoy sobre nuestro reportaje ""Qué rico come tu diputado"", en el que contamos los almuerzos más caros pagados con fondos públicos entre enero y abril de este año.

Entrevistaron al diputado Nery Rodas, de CABAL, quien asegura que son problemas ""mínimos"".

Si no has leído el repor podés hacerlo acá https://quorum.gt/poder/comida_diputados/",0,https://www.youtube.com/watch?v=n8iP75gIpmw
j43HgwYFKfk,UgwEjfj5ueeimHg-Hbt4AaABAg,La cooptación de Walter Mazariegos en la USAC,Quorum,UCE4rsXcgDb6e1-a9iTbWzfg,@armindapenados2841,UCwgCc9Jd_gG-uLE_SY-FfPg,¡¡¡La USAC NO tiene rector sólo un usurpador!!!,@quorumgt/videos,channel,quorum_complete_comments.csv | youtube_guatemala_plus_comments.csv,/@armindapenados2841,hace 1 año, ,0,False,,@armindapenados2841,Quorum,La cooptación de Walter Mazariegos en la USAC,@quorumgt/videos,channel,@armindapenados2841,@armindapenados2841,,True,0,0,False,False,hace 1 año,1 mes - 1 ano,365.25,¡¡¡La USAC NO tiene rector sólo un usurpador!!!,usac rector usurpador,usac rector usurpador,[],[],[],[],0,0,0,0,¡¡¡La USAC NO tiene rector sólo un usurpador!!!,47,21,8,3,True,False,La cooptación de Walter Mazariegos en la USAC,UCE4rsXcgDb6e1-a9iTbWzfg,Quorum,/@quorumgt,/@quorumgt,News & Politics,@quorumgt,topic,10156,2024-09-26T15:00:17-07:00,2024-09-26 22:00:17+00:00,"[""USAC"", ""Walter Mazariegos"", ""Mazariegos rector"", ""Fraude USAC"", ""Elecciones USAC"", ""Toma USAC"", ""CSU USAC"", ""Quorum GT"", ""Periodismo Guatemala"", ""Luis Cordón USAC""]","[""USAC"", ""Walter Mazariegos"", ""Mazariegos rector"", ""Fraude USAC"", ""Elecciones USAC"", ""Toma USAC"", ""CSU USAC"", ""Quorum GT"", ""Periodismo Guatemala"", ""Luis Cordón USAC""]","🚨El rector de facto de la #USAC, Walter Mazariegos, tiene una alianza que le permite controlar un presupuesto millonario, quitar a sus opositores del camino y colocar a sus allegados en puestos importantes. Más de la mitad de sus cómplices en el Consejo Superior Universitario (CSU) se han prolongado en el poder y no tienen la intención de soltarlo.

👁️ Aunque las cosas podrían cambiar…

Ayudanos compartiendo, comentando y dándole like a este video.

🔍 También podés leer el reportaje completo en este link👉🏻 https://quorum.gt/poder/captura/usac/mazariegos_csu/

📲 Seguí a Quorum en todas las redes para ver más contenido interesante de #Guatemala.

⚫️ X: https://twitter.com/QuorumGT
🟣 Instagram: https://www.instagram.com/holaquorum?igsh=a2l2MHp6dXA5aGg4
🟠 TikTok:https://www.tiktok.com/@quorumgt?_t=8q3C9YsmOiT&_r=1
🔵 Facebook: https://www.facebook.com/QuorumGT?mibextid=LQQJ4d
🟢 Canal de WhatsApp: https://whatsapp.com/channel/0029Va8IZV65PO0ul2cBdD0l",10,https://www.youtube.com/watch?v=j43HgwYFKfk
n8iP75gIpmw,UgwG3XiEgFlHKtrtTqd4AaABAg,Qué rico come tu diputado,Quorum,UCE4rsXcgDb6e1-a9iTbWzfg,@JacintaTzoy,UCXSkL3ejZ8qWYyF_M7s_QKA,"Entoces las mismas 💩😡 Junta Directiva haciéndose de las suyas con el dinero del Estado. Ya basta de tanto robo, barriles sin fondos..💩😡",@quorumgt/videos,channel,quorum_complete_comments.csv | youtube_guatemala_plus_comments.csv,/@JacintaTzoy,hace 2 años, ,0,False,,@JacintaTzoy,Quorum,Qué rico come tu diputado,@quorumgt/videos,channel,@JacintaTzoy,@jacintatzoy,,True,0,0,False,False,hace 2 años,1 - 2 anos,730.5,"Entoces las mismas 💩😡 Junta Directiva haciéndose de las suyas con el dinero del Estado. Ya basta de tanto robo, barriles sin fondos..💩😡",entoz directivo hacer el dinero bastar robo barril fondo,entoces junta directiva haciendose dinero basta robo barriles fondos,[],[],[],"[""💩"", ""😡"", ""💩"", ""😡""]",0,0,0,4,"Entoces las mismas emoji caca con ojos emoji emoji cara cabreada emoji Junta Directiva haciéndose de las suyas con el dinero del Estado. Ya basta de tanto robo, barriles sin fondos.. emoji caca con ojos emoji emoji cara cabreada emoji",135,56,23,9,True,False,Qué rico come tu diputado,UCE4rsXcgDb6e1-a9iTbWzfg,Quorum,/@quorumgt,/@quorumgt,News & Politics,Quorum GT,topic,11775,2024-08-27T14:09:51-07:00,2024-08-27 21:09:51+00:00,[],[],"En @ConCriteriogt hablaron hoy sobre nuestro reportaje ""Qué rico come tu diputado"", en el que contamos los almuerzos más caros pagados con fondos públicos entre enero y abril de este año.

Entrevistaron al diputado Nery Rodas, de CABAL, quien asegura que son problemas ""mínimos"".

Si no has leído el repor podés hacerlo acá https://quorum.gt/poder/comida_diputados/",0,https://www.youtube.com/watch?v=n8iP75gIpmw
n8iP75gIpmw,UgwGm1V-_GN1ZPcijdl4AaABAg,Qué rico come tu diputado,Quorum,UCE4rsXcgDb6e1-a9iTbWzfg,@byronpontaza,UChs3tU2BcKOT0CezykvAsGw,"Eso es lo que yo no entiendo de los periodistas, porque ahora atacan con tanto entusiasmo estas cosas, en el gobierno anterior estuvieron callados, o en ese tiempo también ellos recibían sus pagos",@quorumgt/videos,channel,quorum_complete_comments.csv | youtube_guatemala_plus_comments.csv,/@byronpontaza,hace 2 años,2,0,False,,@byronpontaza,Quorum,Qué rico come tu diputado,@quorumgt/videos,channel,@byronpontaza,@byronpontaza,2.0,False,2,0,False,False,hace 2 años,1 - 2 anos,730.5,"Eso es lo que yo no entiendo de los periodistas, porque ahora atacan con tanto entusiasmo estas cosas, en el gobierno anterior estuvieron callados, o en ese tiempo también ellos recibían sus pagos",entender periodista atacar entusiasmo gobierno callado tiempo recibiar pago,entiendo periodistas atacan entusiasmo gobierno callados tiempo recibian pagos,[],[],[],[],0,0,0,0,"Eso es lo que yo no entiendo de los periodistas, porque ahora atacan con tanto entusiasmo estas cosas, en el gobierno anterior estuvieron callados, o en ese tiempo también ellos recibían sus pagos",196,75,33,9,True,False,Qué rico come tu diputado,UCE4rsXcgDb6e1-a9iTbWzfg,Quorum,/@quorumgt,/@quorumgt,News & Politics,Quorum GT,topic,11775,2024-08-27T14:09:51-07:00,2024-08-27 21:09:51+00:00,[],[],"En @ConCriteriogt hablaron hoy sobre nuestro reportaje ""Qué rico come tu diputado"", en el que contamos los almuerzos más caros pagados con fondos públicos entre enero y abril de este año.

Entrevistaron al diputado Nery Rodas, de CABAL, quien asegura que son problemas ""mínimos"".

Si no has leído el repor podés hacerlo acá https://quorum.gt/poder/comida_diputados/",0,https://www.youtube.com/watch?v=n8iP75gIpmw
n8iP75gIpmw,UgwHY5LtTiQ0lBONp8N4AaABAg,Qué rico come tu diputado,Quorum,UCE4rsXcgDb6e1-a9iTbWzfg,@johnmejia992,UC6PvO1_k5lHKGdAPo5_C6TA,"Tanto mierda este programa... tiene razón pero 
Y porque no le tira así a los corruptos",@quorumgt/videos,channel,quorum_complete_comments.csv | youtube_guatemala_plus_comments.csv,/@johnmejia992,hace 2 años,1,0,False,,@johnmejia992,Quorum,Qué rico come tu diputado,@quorumgt/videos,channel,@johnmejia992,@johnmejia992,1.0,False,1,0,False,False,hace 2 años,1 - 2 anos,730.5,"Tanto mierda este programa... tiene razón pero 
Y porque no le tira así a los corruptos",mierdo programa razon tirar corrupto,mierda programa razon tira corruptos,[],[],[],[],0,0,0,0,Tanto mierda este programa... tiene razón pero Y porque no le tira así a los corruptos,87,36,16,5,True,False,Qué rico come tu diputado,UCE4rsXcgDb6e1-a9iTbWzfg,Quorum,/@quorumgt,/@quorumgt,News & Politics,Quorum GT,topic,11775,2024-08-27T14:09:51-07:00,2024-08-27 21:09:51+00:00,[],[],"En @ConCriteriogt hablaron hoy sobre nuestro reportaje ""Qué rico come tu diputado"", en el que contamos los almuerzos más caros pagados con fondos públicos entre enero y abril de este año.

Entrevistaron al diputado Nery Rodas, de CABAL, quien asegura que son problemas ""mínimos"".

Si no has leído el repor podés hacerlo acá https://quorum.gt/poder/comida_diputados/",0,https://www.youtube.com/watch?v=n8iP75gIpmw
6W4u8sGEnGM,UgwIB06iEQnFOFLc9et4AaABAg,Inician los trabajos de recuperación del Puente Belice II.,Gobierno de la República de Guatemala,UC-ZtFBHzgkYFh7whZkuR_Ag,@vic-bonivideos,UCwxoKK59nGCeBqB2sXfDBIw,"Indignante COMO EXISTEN unos GUATEMALTECOS ESTÚPIDOS , los PROYECTOS, SON PROYECTOS DE ESTADOS no de PARTIDOS POLÍTICOS, lo que hubiera estado HACIENDO EL ZURDO PRESIDENTE era INAURANDO su CONSTRUCCIÓN no reempezar lo que hace 3 años empezó así como el el puente Roosevelt no tuvo ningún cambio fue lo que ya estaba expuesto, lo que sucede que siempre llega otro delincuente y quiere su mordida ese PROSUPUESTO YA ESTABA ECHO ..",Gobierno de la República de Guatemala,topic,youtube_guatemala_plus_comments.csv | youtube_lab_targets_small_comments.csv,/@vic-bonivideos,hace 6 días, ,1,False,,@vic-bonivideos,Gobierno de la República de Guatemala,Inician los trabajos de recuperación del Puente Belice II.,Gobierno de la República de Guatemala,topic,@vic-bonivideos,@vic-bonivideos,,True,0,1,False,False,hace 6 días,<1 semana,6.0,"Indignante COMO EXISTEN unos GUATEMALTECOS ESTÚPIDOS , los PROYECTOS, SON PROYECTOS DE ESTADOS no de PARTIDOS POLÍTICOS, lo que hubiera estado HACIENDO EL ZURDO PRESIDENTE era INAURANDO su CONSTRUCCIÓN no reempezar lo que hace 3 años empezó así como el el puente Roosevelt no tuvo ningún cambio fue lo que ya estaba expuesto, lo que sucede que siempre llega otro delincuente y quiere su mordida ese PROSUPUESTO YA ESTABA ECHO ..",indignante guatemalteco estupido proyecto proyecto partido politico zurdo presidente inaurar construccion reempezar ano empezo puente roosevelt cambio expuesto suceder llegar delincuente mordido prosupuesto echo,indignante guatemaltecos estupidos proyectos proyectos partidos politicos zurdo presidente inaurando construccion reempezar anos empezo puente roosevelt cambio expuesto sucede llega delincuente mordida prosupuesto echo,[],[],[],[],0,0,0,0,"Indignante COMO EXISTEN unos GUATEMALTECOS ESTÚPIDOS , los PROYECTOS, SON PROYECTOS DE ESTADOS no de PARTIDOS POLÍTICOS, lo que hubiera estado HACIENDO EL ZURDO PRESIDENTE era INAURANDO su CONSTRUCCIÓN no reempezar lo que hace 3 años empezó así como el el puente Roosevelt no tuvo ningún cambio fue lo que ya estaba expuesto, lo que sucede que siempre llega otro delincuente y quiere su mordida ese PROSUPUESTO YA ESTABA ECHO ..",428,211,71,24,True,False,Inician los trabajos de recuperación del Puente Belice II.,UC-ZtFBHzgkYFh7whZkuR_Ag,Gobierno de la República de Guatemala,/@GobiernodelaRepublicadeGuatema,/@GobiernodelaRepublicadeGuatema,Entertainment,Gobierno de la República de Guatemala,topic,11670,2026-08-26T21:00:47-07:00,2026-08-27 04:00:47+00:00,[],[],Inician los trabajos de recuperación del Puente Belice II.,0,https://www.youtube.com/watch?v=6W4u8sGEnGM
6W4u8sGEnGM,UgwIB06iEQnFOFLc9et4AaABAg.Aa-0m2jDJt2Aa42DVzs9Zy,Inician los trabajos de recuperación del Puente Belice II.,Gobierno de la República de Guatemala,UC-ZtFBHzgkYFh7whZkuR_Ag,@hectormaaz5523,UCWaRixDdpgllTBf4V0jPnKQ,Tantos.que empezaron y no llegaron ni siquiera a la mitad puentes donde no hay Rio para robar el dinero y este presidente llegó para hacer algo diferente y eso que no vote por el pues tampoco he cotado por los corruptos pero a este presente si votaría por el si fuera posible,Gobierno de la República de Guatemala,topic,youtube_guatemala_plus_comments.csv | youtube_lab_targets_small_comments.csv,/@hectormaaz5523,hace 4 días (editado), ,0,False,,@hectormaaz5523,Gobierno de la República de Guatemala,Inician los trabajos de recuperación del Puente Belice II.,Gobierno de la República de Guatemala,topic,@hectormaaz5523,@hectormaaz5523,,True,0,0,False,True,hace 4 días,<1 semana,4.0,Tantos.que empezaron y no llegaron ni siquiera a la mitad puentes donde no hay Rio para robar el dinero y este presidente llegó para hacer algo diferente y eso que no vote por el pues tampoco he cotado por los corruptos pero a este presente si votaría por el si fuera posible,empezar llegar siquiera mitad puente rio robar dinero presidente vote cotado corrupto presente votario,tantos empezaron llegaron siquiera mitad puentes rio robar dinero presidente vote cotado corruptos presente votaria,[],[],[],[],0,0,0,0,Tantos.que empezaron y no llegaron ni siquiera a la mitad puentes donde no hay Rio para robar el dinero y este presidente llegó para hacer algo diferente y eso que no vote por el pues tampoco he cotado por los corruptos pero a este presente si votaría por el si fuera posible,275,102,52,14,True,False,Inician los trabajos de recuperación del Puente Belice II.,UC-ZtFBHzgkYFh7whZkuR_Ag,Gobierno de la República de Guatemala,/@GobiernodelaRepublicadeGuatema,/@GobiernodelaRepublicadeGuatema,Entertainment,Gobierno de la República de Guatemala,topic,11670,2026-08-26T21:00:47-07:00,2026-08-27 04:00:47+00:00,[],[],Inician los trabajos de recuperación del Puente Belice II.,0,https://www.youtube.com/watch?v=6W4u8sGEnGM
j43HgwYFKfk,UgwIBBqN6fh6MURkwkN4AaABAg,La cooptación de Walter Mazariegos en la USAC,Quorum,UCE4rsXcgDb6e1-a9iTbWzfg,@HectorElias-u2l,UCkVtmkK07b2zaVVNssX4lOg,"Mucha importancia le dan a éste ladrón maldito,",@quorumgt,topic,j43HgwYFKfk_out_comments.csv | quorum_complete_comments.csv | youtube_guatemala_plus_comments.csv,/@HectorElias-u2l,hace 6 meses, ,0,False,,@HectorElias-u2l,Quorum,La cooptación de Walter Mazariegos en la USAC,@quorumgt,topic,@HectorElias-u2l,@hectorelias-u2l,,True,0,0,False,False,hace 6 meses,1 mes - 1 ano,182.64,"Mucha importancia le dan a éste ladrón maldito,",importancia ladron maldito,importancia ladron maldito,[],[],[],[],0,0,0,0,"Mucha importancia le dan a éste ladrón maldito,",47,26,8,3,True,False,La cooptación de Walter Mazariegos en la USAC,UCE4rsXcgDb6e1-a9iTbWzfg,Quorum,/@quorumgt,/@quorumgt,News & Politics,@quorumgt,topic,10156,2024-09-26T15:00:17-07:00,2024-09-26 22:00:17+00:00,"[""USAC"", ""Walter Mazariegos"", ""Mazariegos rector"", ""Fraude USAC"", ""Elecciones USAC"", ""Toma USAC"", ""CSU USAC"", ""Quorum GT"", ""Periodismo Guatemala"", ""Luis Cordón USAC""]","[""USAC"", ""Walter Mazariegos"", ""Mazariegos rector"", ""Fraude USAC"", ""Elecciones USAC"", ""Toma USAC"", ""CSU USAC"", ""Quorum GT"", ""Periodismo Guatemala"", ""Luis Cordón USAC""]","🚨El rector de facto de la #USAC, Walter Mazariegos, tiene una alianza que le permite controlar un presupuesto millonario, quitar a sus opositores del camino y colocar a sus allegados en puestos importantes. Más de la mitad de sus cómplices en el Consejo Superior Universitario (CSU) se han prolongado en el poder y no tienen la intención de soltarlo.

👁️ Aunque las cosas podrían cambiar…

Ayudanos compartiendo, comentando y dándole like a este video.

🔍 También podés leer el reportaje completo en este link👉🏻 https://quorum.gt/poder/captura/usac/mazariegos_csu/

📲 Seguí a Quorum en todas las redes para ver más contenido interesante de #Guatemala.

⚫️ X: https://twitter.com/QuorumGT
🟣 Instagram: https://www.instagram.com/holaquorum?igsh=a2l2MHp6dXA5aGg4
🟠 TikTok:https://www.tiktok.com/@quorumgt?_t=8q3C9YsmOiT&_r=1
🔵 Facebook: https://www.facebook.com/QuorumGT?mibextid=LQQJ4d
🟢 Canal de WhatsApp: https://whatsapp.com/channel/0029Va8IZV65PO0ul2cBdD0l",10,https://www.youtube.com/watch?v=j43HgwYFKfk
n8iP75gIpmw,UgwIiqrp6EYNoFmnBAR4AaABAg,Qué rico come tu diputado,Quorum,UCE4rsXcgDb6e1-a9iTbWzfg,@carlosmedranovelasquez6380,UCN6qbfPSzFtjhqUDZ3Cv3CQ,"O sea que si es válido que se den sus gustos con el dinero de los guatemaltecos, es una sinverguenzada, para eso tienen jugosos salarios no le roben al pueblo",@quorumgt/videos,channel,quorum_complete_comments.csv | youtube_guatemala_plus_comments.csv,/@carlosmedranovelasquez6380,hace 2 años,2,0,False,,@carlosmedranovelasquez6380,Quorum,Qué rico come tu diputado,@quorumgt/videos,channel,@carlosmedranovelasquez6380,@carlosmedranovelasquez6380,2.0,False,2,0,False,False,hace 2 años,1 - 2 anos,730.5,"O sea que si es válido que se den sus gustos con el dinero de los guatemaltecos, es una sinverguenzada, para eso tienen jugosos salarios no le roben al pueblo",valido gusto dinero guatemalteco sinverguenzado jugoso salario robir pueblo,valido den gustos dinero guatemaltecos sinverguenzada jugosos salarios roben pueblo,[],[],[],[],0,0,0,0,"O sea que si es válido que se den sus gustos con el dinero de los guatemaltecos, es una sinverguenzada, para eso tienen jugosos salarios no le roben al pueblo",158,75,30,9,True,False,Qué rico come tu diputado,UCE4rsXcgDb6e1-a9iTbWzfg,Quorum,/@quorumgt,/@quorumgt,News & Politics,Quorum GT,topic,11775,2024-08-27T14:09:51-07:00,2024-08-27 21:09:51+00:00,[],[],"En @ConCriteriogt hablaron hoy sobre nuestro reportaje ""Qué rico come tu diputado"", en el que contamos los almuerzos más caros pagados con fondos públicos entre enero y abril de este año.

Entrevistaron al diputado Nery Rodas, de CABAL, quien asegura que son problemas ""mínimos"".

Si no has leído el repor podés hacerlo acá https://quorum.gt/poder/comida_diputados/",0,https://www.youtube.com/watch?v=n8iP75gIpmw
j43HgwYFKfk,UgwIlv8gtF3WKYfHSJJ4AaABAg,La cooptación de Walter Mazariegos en la USAC,Quorum,UCE4rsXcgDb6e1-a9iTbWzfg,@lisss1908,UC95PSMouTx2N5CbSq0hIyrQ,😮,@quorumgt/videos,channel,quorum_complete_comments.csv | youtube_guatemala_plus_comments.csv,/@lisss1908,hace 1 año, ,0,False,,@lisss1908,Quorum,La cooptación de Walter Mazariegos en la USAC,@quorumgt/videos,channel,@lisss1908,@lisss1908,,True,0,0,False,False,hace 1 año,1 mes - 1 ano,365.25,😮,,,[],[],[],"[""😮""]",0,0,0,1,emoji cara con la boca abierta emoji,1,0,1,0,True,True,La cooptación de Walter Mazariegos en la USAC,UCE4rsXcgDb6e1-a9iTbWzfg,Quorum,/@quorumgt,/@quorumgt,News & Politics,@quorumgt,topic,10156,2024-09-26T15:00:17-07:00,2024-09-26 22:00:17+00:00,"[""USAC"", ""Walter Mazariegos"", ""Mazariegos rector"", ""Fraude USAC"", ""Elecciones USAC"", ""Toma USAC"", ""CSU USAC"", ""Quorum GT"", ""Periodismo Guatemala"", ""Luis Cordón USAC""]","[""USAC"", ""Walter Mazariegos"", ""Mazariegos rector"", ""Fraude USAC"", ""Elecciones USAC"", ""Toma USAC"", ""CSU USAC"", ""Quorum GT"", ""Periodismo Guatemala"", ""Luis Cordón USAC""]","🚨El rector de facto de la #USAC, Walter Mazariegos, tiene una alianza que le permite controlar un presupuesto millonario, quitar a sus opositores del camino y colocar a sus allegados en puestos importantes. Más de la mitad de sus cómplices en el Consejo Superior Universitario (CSU) se han prolongado en el poder y no tienen la intención de soltarlo.

👁️ Aunque las cosas podrían cambiar…

Ayudanos compartiendo, comentando y dándole like a este video.

🔍 También podés leer el reportaje completo en este link👉🏻 https://quorum.gt/poder/captura/usac/mazariegos_csu/

📲 Seguí a Quorum en todas las redes para ver más contenido interesante de #Guatemala.

⚫️ X: https://twitter.com/QuorumGT
🟣 Instagram: https://www.instagram.com/holaquorum?igsh=a2l2MHp6dXA5aGg4
🟠 TikTok:https://www.tiktok.com/@quorumgt?_t=8q3C9YsmOiT&_r=1
🔵 Facebook: https://www.facebook.com/QuorumGT?mibextid=LQQJ4d
🟢 Canal de WhatsApp: https://whatsapp.com/channel/0029Va8IZV65PO0ul2cBdD0l",10,https://www.youtube.com/watch?v=j43HgwYFKfk
n8iP75gIpmw,UgwJ4UehO5E4j0niJU14AaABAg,Qué rico come tu diputado,Quorum,UCE4rsXcgDb6e1-a9iTbWzfg,@fredydomingo7062,UCueV9cTyTDwgQSec1x2dYgA,😂😂😂😂solo pajas😅😅que político gasta su dinero por el país,@quorumgt/videos,channel,quorum_complete_comments.csv | youtube_guatemala_plus_comments.csv,/@fredydomingo7062,hace 1 año, ,0,False,,@fredydomingo7062,Quorum,Qué rico come tu diputado,@quorumgt/videos,channel,@fredydomingo7062,@fredydomingo7062,,True,0,0,False,False,hace 1 año,1 mes - 1 ano,365.25,😂😂😂😂solo pajas😅😅que político gasta su dinero por el país,paja politico gastar dinero,pajas politico gasta dinero,[],[],[],"[""😂"", ""😂"", ""😂"", ""😂"", ""😅"", ""😅""]",0,0,0,6,emoji cara llorando de risa emoji emoji cara llorando de risa emoji emoji cara llorando de risa emoji solo pajas emoji cara sonriendo con sudor frío emoji emoji cara sonriendo con sudor frío emoji que político gasta su dinero por el país,56,27,9,4,True,False,Qué rico come tu diputado,UCE4rsXcgDb6e1-a9iTbWzfg,Quorum,/@quorumgt,/@quorumgt,News & Politics,Quorum GT,topic,11775,2024-08-27T14:09:51-07:00,2024-08-27 21:09:51+00:00,[],[],"En @ConCriteriogt hablaron hoy sobre nuestro reportaje ""Qué rico come tu diputado"", en el que contamos los almuerzos más caros pagados con fondos públicos entre enero y abril de este año.

Entrevistaron al diputado Nery Rodas, de CABAL, quien asegura que son problemas ""mínimos"".

Si no has leído el repor podés hacerlo acá https://quorum.gt/poder/comida_diputados/",0,https://www.youtube.com/watch?v=n8iP75gIpmw
n8iP75gIpmw,UgwJMFYT7I9czw_oa0V4AaABAg,Qué rico come tu diputado,Quorum,UCE4rsXcgDb6e1-a9iTbWzfg,@ManuelEdran,UC5H8ASmMC9WrURmzeB4ySog,No es el tema centrese y aclare...,@quorumgt/videos,channel,quorum_complete_comments.csv | youtube_guatemala_plus_comments.csv,/@ManuelEdran,hace 2 años,1,0,False,,@ManuelEdran,Quorum,Qué rico come tu diputado,@quorumgt/videos,channel,@ManuelEdran,@manueledran,1.0,False,1,0,False,False,hace 2 años,1 - 2 anos,730.5,No es el tema centrese y aclare...,tema centrese aclare,tema centrese aclare,[],[],[],[],0,0,0,0,No es el tema centrese y aclare...,34,20,7,3,True,False,Qué rico come tu diputado,UCE4rsXcgDb6e1-a9iTbWzfg,Quorum,/@quorumgt,/@quorumgt,News & Politics,Quorum GT,topic,11775,2024-08-27T14:09:51-07:00,2024-08-27 21:09:51+00:00,[],[],"En @ConCriteriogt hablaron hoy sobre nuestro reportaje ""Qué rico come tu diputado"", en el que contamos los almuerzos más caros pagados con fondos públicos entre enero y abril de este año.

Entrevistaron al diputado Nery Rodas, de CABAL, quien asegura que son problemas ""mínimos"".

Si no has leído el repor podés hacerlo acá https://quorum.gt/poder/comida_diputados/",0,https://www.youtube.com/watch?v=n8iP75gIpmw
n8iP75gIpmw,UgwJN55EmMcKPRb_AfB4AaABAg,Qué rico come tu diputado,Quorum,UCE4rsXcgDb6e1-a9iTbWzfg,@fredymendez1786,UCHhHUjaMAZ8SiXdCUCj9DkQ,hay cosas que yo no entiendo de Guatemala que a mi suena ilogico. Dandole almuerzos gratis a funcionarios publico? a poco no es suficiente con todos los robos que hacen aparte de los salarios incontables que tienen. Porque no crean un fondo mas para las escuelas para que los niños desnutridos que seria de gran ayuda para los padres.,@quorumgt/videos,channel,quorum_complete_comments.csv | youtube_guatemala_plus_comments.csv,/@fredymendez1786,hace 2 años,1,0,False,,@fredymendez1786,Quorum,Qué rico come tu diputado,@quorumgt/videos,channel,@fredymendez1786,@fredymendez1786,1.0,False,1,0,False,False,hace 2 años,1 - 2 anos,730.5,hay cosas que yo no entiendo de Guatemala que a mi suena ilogico. Dandole almuerzos gratis a funcionarios publico? a poco no es suficiente con todos los robos que hacen aparte de los salarios incontables que tienen. Porque no crean un fondo mas para las escuelas para que los niños desnutridos que seria de gran ayuda para los padres.,entender guatemala sonar ilogico dar el almuerzo gratis funcionario publico suficiente robo aparte salario incontabl crear fondo escuela nino desnutrido ayuda padr,entiendo guatemala suena ilogico dandole almuerzos gratis funcionarios publico suficiente robos aparte salarios incontables crean fondo escuelas ninos desnutridos ayuda padres,[],[],[],[],0,0,0,0,hay cosas que yo no entiendo de Guatemala que a mi suena ilogico. Dandole almuerzos gratis a funcionarios publico? a poco no es suficiente con todos los robos que hacen aparte de los salarios incontables que tienen. Porque no crean un fondo mas para las escuelas para que los niños desnutridos que seria de gran ayuda para los padres.,334,163,59,22,True,False,Qué rico come tu diputado,UCE4rsXcgDb6e1-a9iTbWzfg,Quorum,/@quorumgt,/@quorumgt,News & Politics,Quorum GT,topic,11775,2024-08-27T14:09:51-07:00,2024-08-27 21:09:51+00:00,[],[],"En @ConCriteriogt hablaron hoy sobre nuestro reportaje ""Qué rico come tu diputado"", en el que contamos los almuerzos más caros pagados con fondos públicos entre enero y abril de este año.

Entrevistaron al diputado Nery Rodas, de CABAL, quien asegura que son problemas ""mínimos"".

Si no has leído el repor podés hacerlo acá https://quorum.gt/poder/comida_diputados/",0,https://www.youtube.com/watch?v=n8iP75gIpmw
n8iP75gIpmw,UgwKjHT5lyjLiqR9ym94AaABAg,Qué rico come tu diputado,Quorum,UCE4rsXcgDb6e1-a9iTbWzfg,@fredygarcia9151,UCgvw7xIdGFupzpt1Y_BFkEA,Si hacen algo bueno para guate es por eso que se les paga.,@quorumgt/videos,channel,quorum_complete_comments.csv | youtube_guatemala_plus_comments.csv,/@fredygarcia9151,hace 2 años,1,0,False,,@fredygarcia9151,Quorum,Qué rico come tu diputado,@quorumgt/videos,channel,@fredygarcia9151,@fredygarcia9151,1.0,False,1,0,False,False,hace 2 años,1 - 2 anos,730.5,Si hacen algo bueno para guate es por eso que se les paga.,guate pagar,guate paga,[],[],[],[],0,0,0,0,Si hacen algo bueno para guate es por eso que se les paga.,58,11,13,2,True,False,Qué rico come tu diputado,UCE4rsXcgDb6e1-a9iTbWzfg,Quorum,/@quorumgt,/@quorumgt,News & Politics,Quorum GT,topic,11775,2024-08-27T14:09:51-07:00,2024-08-27 21:09:51+00:00,[],[],"En @ConCriteriogt hablaron hoy sobre nuestro reportaje ""Qué rico come tu diputado"", en el que contamos los almuerzos más caros pagados con fondos públicos entre enero y abril de este año.

Entrevistaron al diputado Nery Rodas, de CABAL, quien asegura que son problemas ""mínimos"".

Si no has leído el repor podés hacerlo acá https://quorum.gt/poder/comida_diputados/",0,https://www.youtube.com/watch?v=n8iP75gIpmw
j43HgwYFKfk,UgwL_UlN82zRUeNgVDh4AaABAg,La cooptación de Walter Mazariegos en la USAC,Quorum,UCE4rsXcgDb6e1-a9iTbWzfg,@EdgarcalderonCalderong,UCeDNEtI8_a42bZ47wJiJMwQ,SECUESTRADOR DE LA U DE SAN CARLOS,@quorumgt/videos,channel,quorum_complete_comments.csv | youtube_guatemala_plus_comments.csv,/@EdgarcalderonCalderong,hace 1 año, ,0,False,,@EdgarcalderonCalderong,Quorum,La cooptación de Walter Mazariegos en la USAC,@quorumgt/videos,channel,@EdgarcalderonCalderong,@edgarcalderoncalderong,,True,0,0,False,False,hace 1 año,1 mes - 1 ano,365.25,SECUESTRADOR DE LA U DE SAN CARLOS,secuestrador san carlos,secuestrador san carlos,[],[],[],[],0,0,0,0,SECUESTRADOR DE LA U DE SAN CARLOS,34,23,7,3,True,False,La cooptación de Walter Mazariegos en la USAC,UCE4rsXcgDb6e1-a9iTbWzfg,Quorum,/@quorumgt,/@quorumgt,News & Politics,@quorumgt,topic,10156,2024-09-26T15:00:17-07:00,2024-09-26 22:00:17+00:00,"[""USAC"", ""Walter Mazariegos"", ""Mazariegos rector"", ""Fraude USAC"", ""Elecciones USAC"", ""Toma USAC"", ""CSU USAC"", ""Quorum GT"", ""Periodismo Guatemala"", ""Luis Cordón USAC""]","[""USAC"", ""Walter Mazariegos"", ""Mazariegos rector"", ""Fraude USAC"", ""Elecciones USAC"", ""Toma USAC"", ""CSU USAC"", ""Quorum GT"", ""Periodismo Guatemala"", ""Luis Cordón USAC""]","🚨El rector de facto de la #USAC, Walter Mazariegos, tiene una alianza que le permite controlar un presupuesto millonario, quitar a sus opositores del camino y colocar a sus allegados en puestos importantes. Más de la mitad de sus cómplices en el Consejo Superior Universitario (CSU) se han prolongado en el poder y no tienen la intención de soltarlo.

👁️ Aunque las cosas podrían cambiar…

Ayudanos compartiendo, comentando y dándole like a este video.

🔍 También podés leer el reportaje completo en este link👉🏻 https://quorum.gt/poder/captura/usac/mazariegos_csu/

📲 Seguí a Quorum en todas las redes para ver más contenido interesante de #Guatemala.

⚫️ X: https://twitter.com/QuorumGT
🟣 Instagram: https://www.instagram.com/holaquorum?igsh=a2l2MHp6dXA5aGg4
🟠 TikTok:https://www.tiktok.com/@quorumgt?_t=8q3C9YsmOiT&_r=1
🔵 Facebook: https://www.facebook.com/QuorumGT?mibextid=LQQJ4d
🟢 Canal de WhatsApp: https://whatsapp.com/channel/0029Va8IZV65PO0ul2cBdD0l",10,https://www.youtube.com/watch?v=j43HgwYFKfk
6W4u8sGEnGM,UgwMfCTNaiukOxMqfON4AaABAg,Inician los trabajos de recuperación del Puente Belice II.,Gobierno de la República de Guatemala,UC-ZtFBHzgkYFh7whZkuR_Ag,@mariogonzalezorellana8956,UCiOZX__1gahg1ypIj0_XG_w,Pero ya enseña,Gobierno de la República de Guatemala,topic,youtube_guatemala_plus_comments.csv | youtube_lab_targets_small_comments.csv,/@mariogonzalezorellana8956,hace 6 días,1,0,False,,@mariogonzalezorellana8956,Gobierno de la República de Guatemala,Inician los trabajos de recuperación del Puente Belice II.,Gobierno de la República de Guatemala,topic,@mariogonzalezorellana8956,@mariogonzalezorellana8956,1.0,False,1,0,False,False,hace 6 días,<1 semana,6.0,Pero ya enseña,ensena,ensena,[],[],[],[],0,0,0,0,Pero ya enseña,14,6,3,1,True,False,Inician los trabajos de recuperación del Puente Belice II.,UC-ZtFBHzgkYFh7whZkuR_Ag,Gobierno de la República de Guatemala,/@GobiernodelaRepublicadeGuatema,/@GobiernodelaRepublicadeGuatema,Entertainment,Gobierno de la República de Guatemala,topic,11670,2026-08-26T21:00:47-07:00,2026-08-27 04:00:47+00:00,[],[],Inician los trabajos de recuperación del Puente Belice II.,0,https://www.youtube.com/watch?v=6W4u8sGEnGM
j43HgwYFKfk,UgwNvErOoJ_qRYF6TB94AaABAg,La cooptación de Walter Mazariegos en la USAC,Quorum,UCE4rsXcgDb6e1-a9iTbWzfg,@Lyrics_GT,UCqCrvuoJpC-aVb0f4logQRQ,"Es una buena universidad, ahí estudio mi hermano, sin embargo es una universidad manchada por los malditos rojos, los asquerosos Comunistas que salen a manifestar en la huelga.",@quorumgt/videos,channel,quorum_complete_comments.csv | youtube_guatemala_plus_comments.csv,/@Lyrics_GT,hace 1 año, ,0,False,,@Lyrics_GT,Quorum,La cooptación de Walter Mazariegos en la USAC,@quorumgt/videos,channel,@Lyrics_GT,@lyrics_gt,,True,0,0,False,False,hace 1 año,1 mes - 1 ano,365.25,"Es una buena universidad, ahí estudio mi hermano, sin embargo es una universidad manchada por los malditos rojos, los asquerosos Comunistas que salen a manifestar en la huelga.",universidad estudio hermano universidad manchado maldito rojo asqueroso comunista salir manifestar huelga,universidad estudio hermano universidad manchada malditos rojos asquerosos comunistas salen manifestar huelga,[],[],[],[],0,0,0,0,"Es una buena universidad, ahí estudio mi hermano, sin embargo es una universidad manchada por los malditos rojos, los asquerosos Comunistas que salen a manifestar en la huelga.",176,105,28,12,True,False,La cooptación de Walter Mazariegos en la USAC,UCE4rsXcgDb6e1-a9iTbWzfg,Quorum,/@quorumgt,/@quorumgt,News & Politics,@quorumgt,topic,10156,2024-09-26T15:00:17-07:00,2024-09-26 22:00:17+00:00,"[""USAC"", ""Walter Mazariegos"", ""Mazariegos rector"", ""Fraude USAC"", ""Elecciones USAC"", ""Toma USAC"", ""CSU USAC"", ""Quorum GT"", ""Periodismo Guatemala"", ""Luis Cordón USAC""]","[""USAC"", ""Walter Mazariegos"", ""Mazariegos rector"", ""Fraude USAC"", ""Elecciones USAC"", ""Toma USAC"", ""CSU USAC"", ""Quorum GT"", ""Periodismo Guatemala"", ""Luis Cordón USAC""]","🚨El rector de facto de la #USAC, Walter Mazariegos, tiene una alianza que le permite controlar un presupuesto millonario, quitar a sus opositores del camino y colocar a sus allegados en puestos importantes. Más de la mitad de sus cómplices en el Consejo Superior Universitario (CSU) se han prolongado en el poder y no tienen la intención de soltarlo.

👁️ Aunque las cosas podrían cambiar…

Ayudanos compartiendo, comentando y dándole like a este video.

🔍 También podés leer el reportaje completo en este link👉🏻 https://quorum.gt/poder/captura/usac/mazariegos_csu/

📲 Seguí a Quorum en todas las redes para ver más contenido interesante de #Guatemala.

⚫️ X: https://twitter.com/QuorumGT
🟣 Instagram: https://www.instagram.com/holaquorum?igsh=a2l2MHp6dXA5aGg4
🟠 TikTok:https://www.tiktok.com/@quorumgt?_t=8q3C9YsmOiT&_r=1
🔵 Facebook: https://www.facebook.com/QuorumGT?mibextid=LQQJ4d
🟢 Canal de WhatsApp: https://whatsapp.com/channel/0029Va8IZV65PO0ul2cBdD0l",10,https://www.youtube.com/watch?v=j43HgwYFKfk
TT4qJ5FXHYE,UgwO8kzHC551ofxNYCV4AaABAg,"I’x K’at: el primer equipo guatemalteco de pelota maya, conformado únicamente por mujeres.",Quorum,UCE4rsXcgDb6e1-a9iTbWzfg,@sarahernandez3873,UCld2stqxaVSk0QdGncM224A,¡Que excelente iniciativa y equipo de emprendimeitno por rescatar las tradiciones de Guatemala! Esperamos que puedan seguir avanzando y que este juego se vuelva algo mucho más popular entre las nuevas generaciones. ¡Bravo!,@quorumgt/videos,channel,quorum_complete_comments.csv | youtube_guatemala_plus_comments.csv,/@sarahernandez3873,hace 4 años,4,0,False,,@sarahernandez3873,Quorum,"I’x K’at: el primer equipo guatemalteco de pelota maya, conformado únicamente por mujeres.",@quorumgt/videos,channel,@sarahernandez3873,@sarahernandez3873,4.0,False,4,0,False,False,hace 4 años,>2 anos,1461.0,¡Que excelente iniciativa y equipo de emprendimeitno por rescatar las tradiciones de Guatemala! Esperamos que puedan seguir avanzando y que este juego se vuelva algo mucho más popular entre las nuevas generaciones. ¡Bravo!,excelente iniciativa equipo emprendimeitno rescatar tradicion guatemala esperar seguir avanzar juego volver popular generacion bravo,excelente iniciativa equipo emprendimeitno rescatar tradiciones guatemala esperamos puedan seguir avanzando juego vuelva popular generaciones bravo,[],[],[],[],0,0,0,0,¡Que excelente iniciativa y equipo de emprendimeitno por rescatar las tradiciones de Guatemala! Esperamos que puedan seguir avanzando y que este juego se vuelva algo mucho más popular entre las nuevas generaciones. ¡Bravo!,222,132,33,15,True,False,"I’x K’at: el primer equipo guatemalteco de pelota maya, conformado únicamente por mujeres.",UCE4rsXcgDb6e1-a9iTbWzfg,Quorum,/@quorumgt,/@quorumgt,News & Politics,@quorumgt/videos,channel,1075,2022-08-03T05:53:55-07:00,2022-08-03 12:53:55+00:00,[],[],"Una joven maestra decidió romper prejuicios y formar el primer equipo femenino de pelota maya. Sin apoyo del gobierno, la práctica del deporte se convirtió en una forma de empoderamiento y de rescatar la herencia milenaria de la comunidad.",0,https://www.youtube.com/watch?v=TT4qJ5FXHYE
n8iP75gIpmw,UgwPCZZx2gI444cg2AV4AaABAg,Qué rico come tu diputado,Quorum,UCE4rsXcgDb6e1-a9iTbWzfg,@VidalVillatoro-p4w,UCpIdtvoFHVLGASGB5ySqIEA,Este diputado no deja  hablar a los periodistas  y trata de confundir a la población con sus respuestas justificando las armadas que se da con el dinero del pu3blo,@quorumgt/videos,channel,quorum_complete_comments.csv | youtube_guatemala_plus_comments.csv,/@VidalVillatoro-p4w,hace 2 años,1,0,False,,@VidalVillatoro-p4w,Quorum,Qué rico come tu diputado,@quorumgt/videos,channel,@VidalVillatoro-p4w,@vidalvillatoro-p4w,1.0,False,1,0,False,False,hace 2 años,1 - 2 anos,730.5,Este diputado no deja  hablar a los periodistas  y trata de confundir a la población con sus respuestas justificando las armadas que se da con el dinero del pu3blo,diputado dejar hablar periodista confundir poblacion respuesta justificar armada dinero pu3blo,diputado deja hablar periodistas confundir poblacion respuestas justificando armadas dinero pu3blo,[],[],[],[],0,0,0,0,Este diputado no deja hablar a los periodistas y trata de confundir a la población con sus respuestas justificando las armadas que se da con el dinero del pu3blo,163,94,29,11,True,False,Qué rico come tu diputado,UCE4rsXcgDb6e1-a9iTbWzfg,Quorum,/@quorumgt,/@quorumgt,News & Politics,Quorum GT,topic,11775,2024-08-27T14:09:51-07:00,2024-08-27 21:09:51+00:00,[],[],"En @ConCriteriogt hablaron hoy sobre nuestro reportaje ""Qué rico come tu diputado"", en el que contamos los almuerzos más caros pagados con fondos públicos entre enero y abril de este año.

Entrevistaron al diputado Nery Rodas, de CABAL, quien asegura que son problemas ""mínimos"".

Si no has leído el repor podés hacerlo acá https://quorum.gt/poder/comida_diputados/",0,https://www.youtube.com/watch?v=n8iP75gIpmw
OkXlHx0hx-8,UgwRLgDGrh-_TEVNOYh4AaABAg,EE.UU. envía a mexicanos deportados a Guatemala antes de su regreso a México | Noticias Telemundo,Noticias Telemundo,UCRwA1NUcUnwsly35ikGhp0A,@Paul-gf7ec,UCtiHFjFu7d5v2XxHnKFUYig,También hay personas que se hacen pasar por mexicanos para que los deporté a México y regresar más rápido a Usa,guatemala noticias,topic,youtube_guatemala_comments.csv | youtube_guatemala_plus_comments.csv,/@Paul-gf7ec,hace 1 día, ,0,False,,@Paul-gf7ec,Noticias Telemundo,EE.UU. envía a mexicanos deportados a Guatemala antes de su regreso a México | Noticias Telemundo,guatemala noticias,topic,@Paul-gf7ec,@paul-gf7ec,,True,0,0,False,False,hace 1 día,<1 semana,1.0,También hay personas que se hacen pasar por mexicanos para que los deporté a México y regresar más rápido a Usa,persona pasar mexicano deporte mexico regresar rapido,personas pasar mexicanos deporte mexico regresar rapido,[],[],[],[],0,0,0,0,También hay personas que se hacen pasar por mexicanos para que los deporté a México y regresar más rápido a Usa,111,53,21,7,True,False,EE.UU. envía a mexicanos deportados a Guatemala antes de su regreso a México | Noticias Telemundo,UCRwA1NUcUnwsly35ikGhp0A,Noticias Telemundo,/@noticias,/@noticias,News & Politics,guatemala noticias,topic,14200,2026-08-30T16:38:02-07:00,2026-08-30 23:38:02+00:00,"[""telemundo noticias"", ""noticias telemundo"", ""noticias telemundo de hoy"", ""noticias"", ""noticias en vivo"", ""telemundo"", ""noticias de ultima hora"", ""noticias de hoy"", ""ee uu deporta a miles de mexicanos a traves de guatemala"", ""mexico rechaza uso de guatemala como pais puente"", ""dhs acelera expulsiones de mexicanos por guatemala"", ""polemica por ruta de deportacion de ee uu a tapachula"", ""miles de deportados mexicanos quedan varados en guatemala""]","[""telemundo noticias"", ""noticias telemundo"", ""noticias telemundo de hoy"", ""noticias"", ""noticias en vivo"", ""telemundo"", ""noticias de ultima hora"", ""noticias de hoy"", ""ee uu deporta a miles de mexicanos a traves de guatemala"", ""mexico rechaza uso de guatemala como pais puente"", ""dhs acelera expulsiones de mexicanos por guatemala"", ""polemica por ruta de deportacion de ee uu a tapachula"", ""miles de deportados mexicanos quedan varados en guatemala""]","Video oficial de Noticias Telemundo. Desde abril, casi 2,300 mexicanos han sido enviados a Guatemala, según autoridades de ese país. Al llegar a Tapachula, muchos deben buscar cómo trasladarse a sus estados de origen. DHS justifica el uso de países “puente” para acelerar las expulsiones.

Descarga nuestra App:
https://telemundo.app.link/Mtq7sTKAUtb

SUSCRÍBETE: https://bit.ly/TLMDNoticiasYT

Noticias
Noticias Telemundo es un proveedor líder de noticias para los hispanos de EE.UU. Sus galardonados espacios de noticias, transmitidos desde Telemundo Center, incluyen los noticieros diarios ""Noticias Telemundo"" con Julio Vaqueiro; ""Noticias Telemundo Fin de Semana"", ""Noticias Telemundo Mediodía"" y ""Noticias Telemundo En La Noche"". El ""Equipo Digital de Noticias Telemundo"" ofrece contenido ininterrumpido para los hispanos de EE.UU. a través de sus crecientes plataformas móviles y en línea. ""Noticias Telemundo Investiga"" produce reportes investigativos y documentales en profundidad. ""Noticias Telemundo Planeta Tierra"" ofrece información relacionada con el medio ambiente y el cambio climático. Adicionalmente, ""Noticias Telemundo"" produce galardonados especiales de noticias, documentales y eventos noticiosos como debates políticos, asambleas ciudadanas y foros.

Telemundo
Es una empresa de medios de primera categoría, líder en la industria en la producción y distribución de contenido en español de alta calidad a través de múltiples plataformas para hispanos en los Estados Unidos y alrededor del mundo. La cadena ofrece producciones dramáticas originales de Telemundo Studios – el productor #1 de contenido en español de horario estelar – así como contenido alternativo, películas de cine, especiales, noticias y eventos deportivos de primer nivel, alcanzando el 94% de los televidentes hispanos en los Estados Unidos en 210 mercados a través de 17 estaciones propias y 57 afiliadas de TV abierta. Telemundo también es propietaria de WKAQ, una estación de televisión local que sirve Puerto Rico. Telemundo es parte de NBCUniversal Telemundo Enterprises, una división de NBCUniversal, una de las compañías líderes en el mundo de los medios y entretenimiento. NBCUniversal es una subsidiaria de Comcast Corporation.

SÍGUENOS EN X: https://twitter.com/telemundonews
DANOS ME GUSTA EN FACEBOOK: https://www.facebook.com/NoticiasTelemundo

#NoticiasTelemundo #Deportaciones #Frontera 

EE.UU. envía a mexicanos deportados a Guatemala antes de su regreso a México | Noticias Telemundo
https://www.youtube.com/noticias

Noticias, Telemundo, Noticias Telemundo de hoy, Telemundo Noticias, Noticias, Telemundo, Telemundo Noticias de hoy, Noticias Telemundo de hoy en vivo, Ultima hora, Noticias de hoy, Noticias de Ultima hora",13,https://www.youtube.com/watch?v=OkXlHx0hx-8
zweosulrwA8,UgwSDn5aIUEZwOlx9c94AaABAg,Edén por Salud: empleo inclusivo para personas con discapacidad en Antigua | Super - Episodio 2,Quorum,UCE4rsXcgDb6e1-a9iTbWzfg,@elioelias7267,UCQM2tCKRRytVDRxNUfCDqQQ,❤🎉,@quorumgt/videos,channel,quorum_complete_comments.csv | youtube_guatemala_plus_comments.csv,/@elioelias7267,hace 2 meses, ,0,False,,@elioelias7267,Quorum,Edén por Salud: empleo inclusivo para personas con discapacidad en Antigua | Super - Episodio 2,@quorumgt/videos,channel,@elioelias7267,@elioelias7267,,True,0,0,False,False,hace 2 meses,1 mes - 1 ano,60.88,❤🎉,,,[],[],[],"[""❤"", ""🎉""]",0,0,0,2,emoji corazón rojo emoji emoji cañón de confeti emoji,2,0,1,0,True,True,Edén por Salud: empleo inclusivo para personas con discapacidad en Antigua | Super - Episodio 2,UCE4rsXcgDb6e1-a9iTbWzfg,Quorum,/@quorumgt,/@quorumgt,Nonprofits & Activism,@quorumgt,topic,52,2026-06-21T16:35:36-07:00,2026-06-21 23:35:36+00:00,[],[],"Edén por Salud es una organización sin fines de lucro de Antigua Guatemala que crea empleo accesible e inclusivo para personas adultas con discapacidad, quienes elaboran productos de bienestar con aceites esenciales orgánicos e ingredientes naturales y locales. 

En este episodio de Super contamos cómo, a través de su trabajo, sus emprendedores ganan autonomía y construyen un futuro mejor para sí mismos y sus comunidades.

Super es una serie documental de @quorumgt que documenta iniciativas guatemaltecas de impacto social. Cada episodio presenta una iniciativa que está generando cambios reales en su comunidad.

¿Conoces una iniciativa guatemalteca que deberíamos documentar? Déjala en los comentarios.

🔗 Conoce más sobre Edén por Salud: https://www.edenporsalud.org

Síguenos para no perderte los próximos episodios.
#SuperGT #Guatemala #ImpactoSocial #Inclusión #Antigua",0,https://www.youtube.com/watch?v=zweosulrwA8
6W4u8sGEnGM,UgwSt406Q1HWBWCewI14AaABAg,Inician los trabajos de recuperación del Puente Belice II.,Gobierno de la República de Guatemala,UC-ZtFBHzgkYFh7whZkuR_Ag,@AntonioChiyal-x5s,UCWvntqPQx99k_Z_skWKqNSA,5 anos mas precidente,Gobierno de la República de Guatemala,topic,youtube_guatemala_plus_comments.csv | youtube_lab_targets_small_comments.csv,/@AntonioChiyal-x5s,hace 5 días,2,1,False,,@AntonioChiyal-x5s,Gobierno de la República de Guatemala,Inician los trabajos de recuperación del Puente Belice II.,Gobierno de la República de Guatemala,topic,@AntonioChiyal-x5s,@antoniochiyal-x5s,2.0,False,2,1,False,False,hace 5 días,<1 semana,5.0,5 anos mas precidente,ano precidente,anos precidente,[],[],[],[],0,0,0,0,5 anos mas precidente,21,14,4,2,True,False,Inician los trabajos de recuperación del Puente Belice II.,UC-ZtFBHzgkYFh7whZkuR_Ag,Gobierno de la República de Guatemala,/@GobiernodelaRepublicadeGuatema,/@GobiernodelaRepublicadeGuatema,Entertainment,Gobierno de la República de Guatemala,topic,11670,2026-08-26T21:00:47-07:00,2026-08-27 04:00:47+00:00,[],[],Inician los trabajos de recuperación del Puente Belice II.,0,https://www.youtube.com/watch?v=6W4u8sGEnGM
6W4u8sGEnGM,UgwSt406Q1HWBWCewI14AaABAg.Aa-KmSVE5UgAa-M7iXQwik,Inician los trabajos de recuperación del Puente Belice II.,Gobierno de la República de Guatemala,UC-ZtFBHzgkYFh7whZkuR_Ag,@Israel-u5i7i,UCoGdCoJg2Lh0OX_jv6cG16g,Ojalá se pudiera,Gobierno de la República de Guatemala,topic,youtube_guatemala_plus_comments.csv | youtube_lab_targets_small_comments.csv,/@Israel-u5i7i,hace 5 días, ,0,False,,@Israel-u5i7i,Gobierno de la República de Guatemala,Inician los trabajos de recuperación del Puente Belice II.,Gobierno de la República de Guatemala,topic,@Israel-u5i7i,@israel-u5i7i,,True,0,0,False,False,hace 5 días,<1 semana,5.0,Ojalá se pudiera,ojala,ojala pudiera,[],[],[],[],0,0,0,0,Ojalá se pudiera,16,5,3,1,True,False,Inician los trabajos de recuperación del Puente Belice II.,UC-ZtFBHzgkYFh7whZkuR_Ag,Gobierno de la República de Guatemala,/@GobiernodelaRepublicadeGuatema,/@GobiernodelaRepublicadeGuatema,Entertainment,Gobierno de la República de Guatemala,topic,11670,2026-08-26T21:00:47-07:00,2026-08-27 04:00:47+00:00,[],[],Inician los trabajos de recuperación del Puente Belice II.,0,https://www.youtube.com/watch?v=6W4u8sGEnGM
n8iP75gIpmw,UgwTyYcT2aNvGA5DK4J4AaABAg,Qué rico come tu diputado,Quorum,UCE4rsXcgDb6e1-a9iTbWzfg,@pablochitay46,UChgkn5Jt5tWKYMoEOuCjz3Q,Por primera vez deacuerdo con pedro.,@quorumgt/videos,channel,quorum_complete_comments.csv | youtube_guatemala_plus_comments.csv,/@pablochitay46,hace 2 años,2,0,False,,@pablochitay46,Quorum,Qué rico come tu diputado,@quorumgt/videos,channel,@pablochitay46,@pablochitay46,2.0,False,2,0,False,False,hace 2 años,1 - 2 anos,730.5,Por primera vez deacuerdo con pedro.,deacuerdo pedro,deacuerdo pedro,[],[],[],[],0,0,0,0,Por primera vez deacuerdo con pedro.,36,15,6,2,True,False,Qué rico come tu diputado,UCE4rsXcgDb6e1-a9iTbWzfg,Quorum,/@quorumgt,/@quorumgt,News & Politics,Quorum GT,topic,11775,2024-08-27T14:09:51-07:00,2024-08-27 21:09:51+00:00,[],[],"En @ConCriteriogt hablaron hoy sobre nuestro reportaje ""Qué rico come tu diputado"", en el que contamos los almuerzos más caros pagados con fondos públicos entre enero y abril de este año.

Entrevistaron al diputado Nery Rodas, de CABAL, quien asegura que son problemas ""mínimos"".

Si no has leído el repor podés hacerlo acá https://quorum.gt/poder/comida_diputados/",0,https://www.youtube.com/watch?v=n8iP75gIpmw
j43HgwYFKfk,UgwUZL4XYbr2lbEi1r94AaABAg,La cooptación de Walter Mazariegos en la USAC,Quorum,UCE4rsXcgDb6e1-a9iTbWzfg,@pedroros6358,UCiC-Jn7wdgyQV4_Urk0DkWQ,"En julio de 2022 al haber asumido como Rector de Facto, eligieron a Héctor Hugo Pérez Aguilera como representante Titular de la USAC ante la Corte de Constitucionalidad.",@quorumgt/videos,channel,quorum_complete_comments.csv | youtube_guatemala_plus_comments.csv,/@pedroros6358,hace 1 año,1,0,False,,@pedroros6358,Quorum,La cooptación de Walter Mazariegos en la USAC,@quorumgt/videos,channel,@pedroros6358,@pedroros6358,1.0,False,1,0,False,False,hace 1 año,1 mes - 1 ano,365.25,"En julio de 2022 al haber asumido como Rector de Facto, eligieron a Héctor Hugo Pérez Aguilera como representante Titular de la USAC ante la Corte de Constitucionalidad.",julio asumido rector facto elegir hector hugo perez aguilero representante titular usac corte constitucionalidad,julio asumido rector facto eligieron hector hugo perez aguilera representante titular usac corte constitucionalidad,[],[],[],[],0,0,0,0,"En julio de 2022 al haber asumido como Rector de Facto, eligieron a Héctor Hugo Pérez Aguilera como representante Titular de la USAC ante la Corte de Constitucionalidad.",169,112,28,14,True,False,La cooptación de Walter Mazariegos en la USAC,UCE4rsXcgDb6e1-a9iTbWzfg,Quorum,/@quorumgt,/@quorumgt,News & Politics,@quorumgt,topic,10156,2024-09-26T15:00:17-07:00,2024-09-26 22:00:17+00:00,"[""USAC"", ""Walter Mazariegos"", ""Mazariegos rector"", ""Fraude USAC"", ""Elecciones USAC"", ""Toma USAC"", ""CSU USAC"", ""Quorum GT"", ""Periodismo Guatemala"", ""Luis Cordón USAC""]","[""USAC"", ""Walter Mazariegos"", ""Mazariegos rector"", ""Fraude USAC"", ""Elecciones USAC"", ""Toma USAC"", ""CSU USAC"", ""Quorum GT"", ""Periodismo Guatemala"", ""Luis Cordón USAC""]","🚨El rector de facto de la #USAC, Walter Mazariegos, tiene una alianza que le permite controlar un presupuesto millonario, quitar a sus opositores del camino y colocar a sus allegados en puestos importantes. Más de la mitad de sus cómplices en el Consejo Superior Universitario (CSU) se han prolongado en el poder y no tienen la intención de soltarlo.

👁️ Aunque las cosas podrían cambiar…

Ayudanos compartiendo, comentando y dándole like a este video.

🔍 También podés leer el reportaje completo en este link👉🏻 https://quorum.gt/poder/captura/usac/mazariegos_csu/

📲 Seguí a Quorum en todas las redes para ver más contenido interesante de #Guatemala.

⚫️ X: https://twitter.com/QuorumGT
🟣 Instagram: https://www.instagram.com/holaquorum?igsh=a2l2MHp6dXA5aGg4
🟠 TikTok:https://www.tiktok.com/@quorumgt?_t=8q3C9YsmOiT&_r=1
🔵 Facebook: https://www.facebook.com/QuorumGT?mibextid=LQQJ4d
🟢 Canal de WhatsApp: https://whatsapp.com/channel/0029Va8IZV65PO0ul2cBdD0l",10,https://www.youtube.com/watch?v=j43HgwYFKfk
JkpVO1hx2f8,UgwXm2HjtCzRKiDHflJ4AaABAg,10 Preguntas a un año del Paro Nacional,Quorum,UCE4rsXcgDb6e1-a9iTbWzfg,@lyacausa,UCQIdKuZ-OzuFqy0KjGrgesg,Guatemala solo cambia de dictadura cada 4 años,@quorumgt/videos,channel,quorum_complete_comments.csv | youtube_guatemala_plus_comments.csv,/@lyacausa,hace 1 año,1,0,False,,@lyacausa,Quorum,10 Preguntas a un año del Paro Nacional,@quorumgt/videos,channel,@lyacausa,@lyacausa,1.0,False,1,0,False,False,hace 1 año,1 mes - 1 ano,365.25,Guatemala solo cambia de dictadura cada 4 años,guatemala cambiar dictadura ano,guatemala cambia dictadura anos,[],[],[],[],0,0,0,0,Guatemala solo cambia de dictadura cada 4 años,46,31,8,4,True,False,10 Preguntas a un año del Paro Nacional,UCE4rsXcgDb6e1-a9iTbWzfg,Quorum,/@quorumgt,/@quorumgt,News & Politics,@quorumgt/videos,channel,673,2024-10-02T17:00:06-07:00,2024-10-03 00:00:06+00:00,"[""guatemala"", ""periodismo"", ""quorum"", ""paro nacional 2023""]","[""guatemala"", ""periodismo"", ""quorum"", ""paro nacional 2023""]","📅 ¿Dónde estabas hace un año cuando comenzó el Paro Nacional? ✊Pia Flores y Jeanelly Vásquez, estuvieron largas jornadas cubriendo las protestas, los operativos del Ministerio Público y toda la tensión que se vino tras las elecciones y el sorpresivo triunfo de Bernardo Arévalo y Semilla. En este video reflexionan sobre aquellas protestas que serán claves en la historia de Guatemala.

Ayudanos compartiendo, comentando y dándole like a este video.

📲 Seguí a Quorum en todas las redes para ver más contenido interesante de #Guatemala.

⚫️ X:   / quorumgt  
🟣 Instagram: https://www.instagram.com/holaquorum?...
🟠 TikTok:https://www.tiktok.com/@quorumgt?_t=8...
🔵 Facebook: https://www.facebook.com/QuorumGT?mib...
🟢 Canal de WhatsApp: https://whatsapp.com/channel/0029Va8I...",4,https://www.youtube.com/watch?v=JkpVO1hx2f8
n8iP75gIpmw,UgwY0wdDJRzHsTCnLbN4AaABAg,Qué rico come tu diputado,Quorum,UCE4rsXcgDb6e1-a9iTbWzfg,@amyherrera7352,UCXr8_5WtGeipe4haOoQDgyQ,"Ala! Que tipo necio y descarado!  Hipócrita!
Comen y después hablan de desnutrición! Que colmo!
Gracias por cumplir con el mandato periodístico!",@quorumgt/videos,channel,quorum_complete_comments.csv | youtube_guatemala_plus_comments.csv,/@amyherrera7352,hace 2 años, ,0,False,,@amyherrera7352,Quorum,Qué rico come tu diputado,@quorumgt/videos,channel,@amyherrera7352,@amyherrera7352,,True,0,0,False,False,hace 2 años,1 - 2 anos,730.5,"Ala! Que tipo necio y descarado!  Hipócrita!
Comen y después hablan de desnutrición! Que colmo!
Gracias por cumplir con el mandato periodístico!",ala tipo necio descarado hipocritar comen desnutricion colmo cumplir mandato periodistico,ala tipo necio descarado hipocrita comen desnutricion colmo cumplir mandato periodistico,[],[],[],[],0,0,0,0,Ala! Que tipo necio y descarado! Hipócrita! Comen y después hablan de desnutrición! Que colmo! Gracias por cumplir con el mandato periodístico!,144,89,22,11,True,False,Qué rico come tu diputado,UCE4rsXcgDb6e1-a9iTbWzfg,Quorum,/@quorumgt,/@quorumgt,News & Politics,Quorum GT,topic,11775,2024-08-27T14:09:51-07:00,2024-08-27 21:09:51+00:00,[],[],"En @ConCriteriogt hablaron hoy sobre nuestro reportaje ""Qué rico come tu diputado"", en el que contamos los almuerzos más caros pagados con fondos públicos entre enero y abril de este año.

Entrevistaron al diputado Nery Rodas, de CABAL, quien asegura que son problemas ""mínimos"".

Si no has leído el repor podés hacerlo acá https://quorum.gt/poder/comida_diputados/",0,https://www.youtube.com/watch?v=n8iP75gIpmw
06mFNPU0aB8,UgwY2FW-3sBGV2CGxaJ4AaABAg,Capturan a presuntos delincuentes disfrazados de mujer señalados de cometer asalto,Noti7,UCVpSRoZgngfSL03Nlbjtq9A,@Historia-wm4os,UC_3xuTXvMIWU5MYP9HkJ3vQ,Excelente trabajo señores agentes que Dios me los cuide mucho,guatemala noticias,topic,youtube_guatemala_comments.csv | youtube_guatemala_plus_comments.csv,/@Historia-wm4os,hace 2 semanas,4,0,False,,@Historia-wm4os,Noti7,Capturan a presuntos delincuentes disfrazados de mujer señalados de cometer asalto,guatemala noticias,topic,@Historia-wm4os,@historia-wm4os,4.0,False,4,0,False,False,hace 2 semanas,1 sem - 1 mes,14.0,Excelente trabajo señores agentes que Dios me los cuide mucho,excelente trabajo senor agente cuidir,excelente trabajo senores agentes dios cuide,[],[],[],[],0,0,0,0,Excelente trabajo señores agentes que Dios me los cuide mucho,61,37,10,5,True,False,Capturan a presuntos delincuentes disfrazados de mujer señalados de cometer asalto,UCVpSRoZgngfSL03Nlbjtq9A,Noti7,/@Noti7Guatemala,/@Noti7Guatemala,News & Politics,guatemala noticias,topic,6692,2026-08-13T22:00:12-07:00,2026-08-14 05:00:12+00:00,"[""Actualidad"", ""Asaltantes disfrazados"", ""Capturados Escuintla"", ""Guatemala"", ""Noti7"", ""Noticias"", ""PNC"", ""Televisiete"", ""información"", ""noticias"", ""capturas""]","[""Actualidad"", ""Asaltantes disfrazados"", ""Capturados Escuintla"", ""Guatemala"", ""Noti7"", ""Noticias"", ""PNC"", ""Televisiete"", ""información"", ""noticias"", ""capturas""]",La rápida acción policial frustró el plan de los sujetos que usaron minifaldas para huir.,11,https://www.youtube.com/watch?v=06mFNPU0aB8
n8iP75gIpmw,UgwYTL5-XYvmQxsC3Bt4AaABAg,Qué rico come tu diputado,Quorum,UCE4rsXcgDb6e1-a9iTbWzfg,@HaroldoCastillo-rh9iw,UCFjudnPLoaSL1BaRuLahyHg,"Estos siempre andan viendo como comen del pueblo. Si no les basta el sueldo, busquen otro trabajo y por qué lugares tan caros, porque no es su dinero...",@quorumgt/videos,channel,quorum_complete_comments.csv | youtube_guatemala_plus_comments.csv,/@HaroldoCastillo-rh9iw,hace 2 años,1,0,False,,@HaroldoCastillo-rh9iw,Quorum,Qué rico come tu diputado,@quorumgt/videos,channel,@HaroldoCastillo-rh9iw,@haroldocastillo-rh9iw,1.0,False,1,0,False,False,hace 2 años,1 - 2 anos,730.5,"Estos siempre andan viendo como comen del pueblo. Si no les basta el sueldo, busquen otro trabajo y por qué lugares tan caros, porque no es su dinero...",andar comen pueblo bastar sueldo buscar trabajo lugar caro dinero,andan viendo comen pueblo basta sueldo busquen trabajo lugares caros dinero,[],[],[],[],0,0,0,0,"Estos siempre andan viendo como comen del pueblo. Si no les basta el sueldo, busquen otro trabajo y por qué lugares tan caros, porque no es su dinero...",152,65,28,10,True,False,Qué rico come tu diputado,UCE4rsXcgDb6e1-a9iTbWzfg,Quorum,/@quorumgt,/@quorumgt,News & Politics,Quorum GT,topic,11775,2024-08-27T14:09:51-07:00,2024-08-27 21:09:51+00:00,[],[],"En @ConCriteriogt hablaron hoy sobre nuestro reportaje ""Qué rico come tu diputado"", en el que contamos los almuerzos más caros pagados con fondos públicos entre enero y abril de este año.

Entrevistaron al diputado Nery Rodas, de CABAL, quien asegura que son problemas ""mínimos"".

Si no has leído el repor podés hacerlo acá https://quorum.gt/poder/comida_diputados/",0,https://www.youtube.com/watch?v=n8iP75gIpmw
n8iP75gIpmw,UgwYaHf9EYIl5Pf-y514AaABAg,Qué rico come tu diputado,Quorum,UCE4rsXcgDb6e1-a9iTbWzfg,@almacatalan2717,UC-pNP6RMFuLg_-x7Ah_0kEA,"Bien mentirosito ese diputado Nery Rodas, si tanto quiere a Guatemala que ellos paguen su almuerzo, porque el pueblo?",@quorumgt/videos,channel,quorum_complete_comments.csv | youtube_guatemala_plus_comments.csv,/@almacatalan2717,hace 2 años,5,0,False,,@almacatalan2717,Quorum,Qué rico come tu diputado,@quorumgt/videos,channel,@almacatalan2717,@almacatalan2717,5.0,False,5,0,False,False,hace 2 años,1 - 2 anos,730.5,"Bien mentirosito ese diputado Nery Rodas, si tanto quiere a Guatemala que ellos paguen su almuerzo, porque el pueblo?",mentirosito diputado nery roda guatemala pagar almuerzo pueblo,mentirosito diputado nery rodas guatemala paguen almuerzo pueblo,[],[],[],[],0,0,0,0,"Bien mentirosito ese diputado Nery Rodas, si tanto quiere a Guatemala que ellos paguen su almuerzo, porque el pueblo?",117,62,19,8,True,False,Qué rico come tu diputado,UCE4rsXcgDb6e1-a9iTbWzfg,Quorum,/@quorumgt,/@quorumgt,News & Politics,Quorum GT,topic,11775,2024-08-27T14:09:51-07:00,2024-08-27 21:09:51+00:00,[],[],"En @ConCriteriogt hablaron hoy sobre nuestro reportaje ""Qué rico come tu diputado"", en el que contamos los almuerzos más caros pagados con fondos públicos entre enero y abril de este año.

Entrevistaron al diputado Nery Rodas, de CABAL, quien asegura que son problemas ""mínimos"".

Si no has leído el repor podés hacerlo acá https://quorum.gt/poder/comida_diputados/",0,https://www.youtube.com/watch?v=n8iP75gIpmw
PjmxCj-a9Hg,UgwZw9X6DpxCIJ6YkXZ4AaABAg,Conferencia de Prensa del Gobierno de Guatemala. #LaRondaGt,Gobierno de la República de Guatemala,UC-ZtFBHzgkYFh7whZkuR_Ag,@rosadiaz9235,UC1Y7x3h0c95Z8kUhi-Tzaeg,Siii por tanta corrupción;; ay mucha muerte como en colombia ;; y en Guatemala;; todo porque no ay personas con un corazón;; dispuesto a cuidar del país y sacar adelante;;;,@GobiernodeGuatemala,topic,PjmxCj-a9Hg_out_comments.csv | youtube_guatemala_plus_comments.csv,/@rosadiaz9235,hace 1 año, ,0,False,,@rosadiaz9235,Gobierno de la República de Guatemala,Conferencia de Prensa del Gobierno de Guatemala. #LaRondaGt,@GobiernodeGuatemala,topic,@rosadiaz9235,@rosadiaz9235,,True,0,0,False,False,hace 1 año,1 mes - 1 ano,365.25,Siii por tanta corrupción;; ay mucha muerte como en colombia ;; y en Guatemala;; todo porque no ay personas con un corazón;; dispuesto a cuidar del país y sacar adelante;;;,sii corrupcion muerte colombia guatemala persona corazon dispuesto cuidar sacar,sii tanta corrupcion muerte colombia guatemala personas corazon dispuesto cuidar sacar,[],[],[],[],0,0,0,0,Siii por tanta corrupción;; ay mucha muerte como en colombia ;; y en Guatemala;; todo porque no ay personas con un corazón;; dispuesto a cuidar del país y sacar adelante;;;,172,79,30,10,True,False,Conferencia de Prensa del Gobierno de Guatemala. #LaRondaGt,UC-ZtFBHzgkYFh7whZkuR_Ag,Gobierno de la República de Guatemala,/@GobiernodelaRepublicadeGuatema,/@GobiernodelaRepublicadeGuatema,Entertainment,@GobiernodeGuatemala,topic,3628,2025-08-11T20:14:15-07:00,2025-08-12 03:14:15+00:00,[],[],Conferencia de Prensa del Gobierno de Guatemala. #LaRondaGt,0,https://www.youtube.com/watch?v=PjmxCj-a9Hg
OkXlHx0hx-8,Ugw_g00Bv3m-cnSxhMp4AaABAg,EE.UU. envía a mexicanos deportados a Guatemala antes de su regreso a México | Noticias Telemundo,Noticias Telemundo,UCRwA1NUcUnwsly35ikGhp0A,@marthareiss5434,UC1WlJfQmaIskYhP4gmWoamw,Que pena! Que la administración de Trump no ofrezca AMNISTÍA a los mexicanos u otros grupos de personas trabajadoras que ayudan a la mejora de este país. 😢,guatemala noticias,topic,youtube_guatemala_comments.csv | youtube_guatemala_plus_comments.csv,/@marthareiss5434,hace 1 día,2,1,False,,@marthareiss5434,Noticias Telemundo,EE.UU. envía a mexicanos deportados a Guatemala antes de su regreso a México | Noticias Telemundo,guatemala noticias,topic,@marthareiss5434,@marthareiss5434,2.0,False,2,1,False,False,hace 1 día,<1 semana,1.0,Que pena! Que la administración de Trump no ofrezca AMNISTÍA a los mexicanos u otros grupos de personas trabajadoras que ayudan a la mejora de este país. 😢,pena administracion trump ofrezca amnistia mexicano grupo persona trabajador ayudar mejora,pena administracion trump ofrezca amnistia mexicanos grupos personas trabajadoras ayudan mejora,[],[],[],"[""😢""]",0,0,0,1,Que pena! Que la administración de Trump no ofrezca AMNISTÍA a los mexicanos u otros grupos de personas trabajadoras que ayudan a la mejora de este país. emoji cara llorando emoji,155,90,28,11,True,False,EE.UU. envía a mexicanos deportados a Guatemala antes de su regreso a México | Noticias Telemundo,UCRwA1NUcUnwsly35ikGhp0A,Noticias Telemundo,/@noticias,/@noticias,News & Politics,guatemala noticias,topic,14200,2026-08-30T16:38:02-07:00,2026-08-30 23:38:02+00:00,"[""telemundo noticias"", ""noticias telemundo"", ""noticias telemundo de hoy"", ""noticias"", ""noticias en vivo"", ""telemundo"", ""noticias de ultima hora"", ""noticias de hoy"", ""ee uu deporta a miles de mexicanos a traves de guatemala"", ""mexico rechaza uso de guatemala como pais puente"", ""dhs acelera expulsiones de mexicanos por guatemala"", ""polemica por ruta de deportacion de ee uu a tapachula"", ""miles de deportados mexicanos quedan varados en guatemala""]","[""telemundo noticias"", ""noticias telemundo"", ""noticias telemundo de hoy"", ""noticias"", ""noticias en vivo"", ""telemundo"", ""noticias de ultima hora"", ""noticias de hoy"", ""ee uu deporta a miles de mexicanos a traves de guatemala"", ""mexico rechaza uso de guatemala como pais puente"", ""dhs acelera expulsiones de mexicanos por guatemala"", ""polemica por ruta de deportacion de ee uu a tapachula"", ""miles de deportados mexicanos quedan varados en guatemala""]","Video oficial de Noticias Telemundo. Desde abril, casi 2,300 mexicanos han sido enviados a Guatemala, según autoridades de ese país. Al llegar a Tapachula, muchos deben buscar cómo trasladarse a sus estados de origen. DHS justifica el uso de países “puente” para acelerar las expulsiones.

Descarga nuestra App:
https://telemundo.app.link/Mtq7sTKAUtb

SUSCRÍBETE: https://bit.ly/TLMDNoticiasYT

Noticias
Noticias Telemundo es un proveedor líder de noticias para los hispanos de EE.UU. Sus galardonados espacios de noticias, transmitidos desde Telemundo Center, incluyen los noticieros diarios ""Noticias Telemundo"" con Julio Vaqueiro; ""Noticias Telemundo Fin de Semana"", ""Noticias Telemundo Mediodía"" y ""Noticias Telemundo En La Noche"". El ""Equipo Digital de Noticias Telemundo"" ofrece contenido ininterrumpido para los hispanos de EE.UU. a través de sus crecientes plataformas móviles y en línea. ""Noticias Telemundo Investiga"" produce reportes investigativos y documentales en profundidad. ""Noticias Telemundo Planeta Tierra"" ofrece información relacionada con el medio ambiente y el cambio climático. Adicionalmente, ""Noticias Telemundo"" produce galardonados especiales de noticias, documentales y eventos noticiosos como debates políticos, asambleas ciudadanas y foros.

Telemundo
Es una empresa de medios de primera categoría, líder en la industria en la producción y distribución de contenido en español de alta calidad a través de múltiples plataformas para hispanos en los Estados Unidos y alrededor del mundo. La cadena ofrece producciones dramáticas originales de Telemundo Studios – el productor #1 de contenido en español de horario estelar – así como contenido alternativo, películas de cine, especiales, noticias y eventos deportivos de primer nivel, alcanzando el 94% de los televidentes hispanos en los Estados Unidos en 210 mercados a través de 17 estaciones propias y 57 afiliadas de TV abierta. Telemundo también es propietaria de WKAQ, una estación de televisión local que sirve Puerto Rico. Telemundo es parte de NBCUniversal Telemundo Enterprises, una división de NBCUniversal, una de las compañías líderes en el mundo de los medios y entretenimiento. NBCUniversal es una subsidiaria de Comcast Corporation.

SÍGUENOS EN X: https://twitter.com/telemundonews
DANOS ME GUSTA EN FACEBOOK: https://www.facebook.com/NoticiasTelemundo

#NoticiasTelemundo #Deportaciones #Frontera 

EE.UU. envía a mexicanos deportados a Guatemala antes de su regreso a México | Noticias Telemundo
https://www.youtube.com/noticias

Noticias, Telemundo, Noticias Telemundo de hoy, Telemundo Noticias, Noticias, Telemundo, Telemundo Noticias de hoy, Noticias Telemundo de hoy en vivo, Ultima hora, Noticias de hoy, Noticias de Ultima hora",13,https://www.youtube.com/watch?v=OkXlHx0hx-8
n8iP75gIpmw,Ugw_wfk-1nUcdyG3muZ4AaABAg,Qué rico come tu diputado,Quorum,UCE4rsXcgDb6e1-a9iTbWzfg,@isaaclopez7220,UC3MYTqpQqlWBuCB7Th0e0PA,"Me llega que saquen videos cortos porque el vídeo del programa de Con criterio es muy largo, pero vaya que es bueno",@quorumgt/videos,channel,quorum_complete_comments.csv | youtube_guatemala_plus_comments.csv,/@isaaclopez7220,hace 2 años,4,0,False,,@isaaclopez7220,Quorum,Qué rico come tu diputado,@quorumgt/videos,channel,@isaaclopez7220,@isaaclopez7220,4.0,False,4,0,False,False,hace 2 años,1 - 2 anos,730.5,"Me llega que saquen videos cortos porque el vídeo del programa de Con criterio es muy largo, pero vaya que es bueno",llegar saquen video corto video programa criterio,llega saquen videos cortos video programa criterio,[],[],[],[],0,0,0,0,"Me llega que saquen videos cortos porque el vídeo del programa de Con criterio es muy largo, pero vaya que es bueno",115,49,22,7,True,False,Qué rico come tu diputado,UCE4rsXcgDb6e1-a9iTbWzfg,Quorum,/@quorumgt,/@quorumgt,News & Politics,Quorum GT,topic,11775,2024-08-27T14:09:51-07:00,2024-08-27 21:09:51+00:00,[],[],"En @ConCriteriogt hablaron hoy sobre nuestro reportaje ""Qué rico come tu diputado"", en el que contamos los almuerzos más caros pagados con fondos públicos entre enero y abril de este año.

Entrevistaron al diputado Nery Rodas, de CABAL, quien asegura que son problemas ""mínimos"".

Si no has leído el repor podés hacerlo acá https://quorum.gt/poder/comida_diputados/",0,https://www.youtube.com/watch?v=n8iP75gIpmw
j43HgwYFKfk,UgwaGYcI3FekgL1PZct4AaABAg,La cooptación de Walter Mazariegos en la USAC,Quorum,UCE4rsXcgDb6e1-a9iTbWzfg,@hendersonlopez3864,UCOcUI5XkTYNMSFhZNMIPpGg,"Urge convocar elecciones, los estudiantes estamos sufriendo con cada vez mas deficientes instalaciones, laboratorios y aulas. Ademas del abandono de Rectoria a las Facultades que siguen luchando contra su oposicion, o que se muestran renuentes a seguir sus ordenes, afectan directamente a los estudiantes, catedraticos, personal de servicios y limita su capacidad de brindar una educacion de calidad, y atender a la poblacion guatemalteca a travez de EPS y otros que ofrecen estas unidades academicas.",@quorumgt/videos,channel,quorum_complete_comments.csv | youtube_guatemala_plus_comments.csv,/@hendersonlopez3864,hace 1 año (editado),3,0,False,,@hendersonlopez3864,Quorum,La cooptación de Walter Mazariegos en la USAC,@quorumgt/videos,channel,@hendersonlopez3864,@hendersonlopez3864,3.0,False,3,0,False,True,hace 1 año,1 mes - 1 ano,365.25,"Urge convocar elecciones, los estudiantes estamos sufriendo con cada vez mas deficientes instalaciones, laboratorios y aulas. Ademas del abandono de Rectoria a las Facultades que siguen luchando contra su oposicion, o que se muestran renuentes a seguir sus ordenes, afectan directamente a los estudiantes, catedraticos, personal de servicios y limita su capacidad de brindar una educacion de calidad, y atender a la poblacion guatemalteca a travez de EPS y otros que ofrecen estas unidades academicas.",urge convocar eleccion estudiant sufrir deficiente instalacion laboratorio aula abandono rectorio facultad seguir luchar oposicion mostrar renuent seguir orden afectar directamente estudiante catedratico personal servicio limitar capacidad brindar educacion calidad atender poblacion guatemalteca travez eps ofrecer unidad academica,urge convocar elecciones estudiantes sufriendo deficientes instalaciones laboratorios aulas abandono rectoria facultades siguen luchando oposicion muestran renuentes seguir ordenes afectan directamente estudiantes catedraticos personal servicios limita capacidad brindar educacion calidad atender poblacion guatemalteca travez eps ofrecen unidades academicas,[],[],[],[],0,0,0,0,"Urge convocar elecciones, los estudiantes estamos sufriendo con cada vez mas deficientes instalaciones, laboratorios y aulas. Ademas del abandono de Rectoria a las Facultades que siguen luchando contra su oposicion, o que se muestran renuentes a seguir sus ordenes, afectan directamente a los estudiantes, catedraticos, personal de servicios y limita su capacidad de brindar una educacion de calidad, y atender a la poblacion guatemalteca a travez de EPS y otros que ofrecen estas unidades academicas.",501,332,75,38,True,False,La cooptación de Walter Mazariegos en la USAC,UCE4rsXcgDb6e1-a9iTbWzfg,Quorum,/@quorumgt,/@quorumgt,News & Politics,@quorumgt,topic,10156,2024-09-26T15:00:17-07:00,2024-09-26 22:00:17+00:00,"[""USAC"", ""Walter Mazariegos"", ""Mazariegos rector"", ""Fraude USAC"", ""Elecciones USAC"", ""Toma USAC"", ""CSU USAC"", ""Quorum GT"", ""Periodismo Guatemala"", ""Luis Cordón USAC""]","[""USAC"", ""Walter Mazariegos"", ""Mazariegos rector"", ""Fraude USAC"", ""Elecciones USAC"", ""Toma USAC"", ""CSU USAC"", ""Quorum GT"", ""Periodismo Guatemala"", ""Luis Cordón USAC""]","🚨El rector de facto de la #USAC, Walter Mazariegos, tiene una alianza que le permite controlar un presupuesto millonario, quitar a sus opositores del camino y colocar a sus allegados en puestos importantes. Más de la mitad de sus cómplices en el Consejo Superior Universitario (CSU) se han prolongado en el poder y no tienen la intención de soltarlo.

👁️ Aunque las cosas podrían cambiar…

Ayudanos compartiendo, comentando y dándole like a este video.

🔍 También podés leer el reportaje completo en este link👉🏻 https://quorum.gt/poder/captura/usac/mazariegos_csu/

📲 Seguí a Quorum en todas las redes para ver más contenido interesante de #Guatemala.

⚫️ X: https://twitter.com/QuorumGT
🟣 Instagram: https://www.instagram.com/holaquorum?igsh=a2l2MHp6dXA5aGg4
🟠 TikTok:https://www.tiktok.com/@quorumgt?_t=8q3C9YsmOiT&_r=1
🔵 Facebook: https://www.facebook.com/QuorumGT?mibextid=LQQJ4d
🟢 Canal de WhatsApp: https://whatsapp.com/channel/0029Va8IZV65PO0ul2cBdD0l",10,https://www.youtube.com/watch?v=j43HgwYFKfk
n8iP75gIpmw,UgwaokeDKlLgSdqHpW94AaABAg,Qué rico come tu diputado,Quorum,UCE4rsXcgDb6e1-a9iTbWzfg,@OscarHernandez-q8y,UCOS8ViEkccrTZx2w2ccxotA,"Pero porque un desayuno de 250.00,  no habrá uno de 75.00?",@quorumgt/videos,channel,quorum_complete_comments.csv | youtube_guatemala_plus_comments.csv,/@OscarHernandez-q8y,hace 2 años,4,0,False,,@OscarHernandez-q8y,Quorum,Qué rico come tu diputado,@quorumgt/videos,channel,@OscarHernandez-q8y,@oscarhernandez-q8y,4.0,False,4,0,False,False,hace 2 años,1 - 2 anos,730.5,"Pero porque un desayuno de 250.00,  no habrá uno de 75.00?",desayuno,desayuno,[],[],[],[],0,0,0,0,"Pero porque un desayuno de 250.00, no habrá uno de 75.00?",58,8,11,1,True,False,Qué rico come tu diputado,UCE4rsXcgDb6e1-a9iTbWzfg,Quorum,/@quorumgt,/@quorumgt,News & Politics,Quorum GT,topic,11775,2024-08-27T14:09:51-07:00,2024-08-27 21:09:51+00:00,[],[],"En @ConCriteriogt hablaron hoy sobre nuestro reportaje ""Qué rico come tu diputado"", en el que contamos los almuerzos más caros pagados con fondos públicos entre enero y abril de este año.

Entrevistaron al diputado Nery Rodas, de CABAL, quien asegura que son problemas ""mínimos"".

Si no has leído el repor podés hacerlo acá https://quorum.gt/poder/comida_diputados/",0,https://www.youtube.com/watch?v=n8iP75gIpmw
b_Hkrkl3adA,Ugwbnz3tRoBa7Vs3A3d4AaABAg,Bloqueos en Guatemala este 31 de agosto por alza en combustibles afectan rutas principales,PrensaLibreOficial,UCEepOY2svuxbsJ-zsAPT9Fg,@antonioduarte2288,UC3iIU62XKUOWuqL8BqBzj9A,Puro show esto solo para que los diputranzas les den su parte y autorizar subsidios al gas,guatemala noticias,topic,debug_comments_fixed2_comments.csv | youtube_guatemala_comments.csv | youtube_guatemala_plus_comments.csv,/@antonioduarte2288,hace 49 minutos, ,0,False,,@antonioduarte2288,PrensaLibreOficial,Bloqueos en Guatemala este 31 de agosto por alza en combustibles afectan rutas principales,guatemala noticias,topic,@antonioduarte2288,@antonioduarte2288,,True,0,0,False,False,hace 49 minutos,<1 semana,0.034,Puro show esto solo para que los diputranzas les den su parte y autorizar subsidios al gas,puro show diputranzas autorizar subsidio gas,puro show diputranzas den autorizar subsidios gas,[],[],[],[],0,0,0,0,Puro show esto solo para que los diputranzas les den su parte y autorizar subsidios al gas,90,44,17,6,True,False,Bloqueos en Guatemala este 31 de agosto por alza en combustibles afectan rutas principales,UCEepOY2svuxbsJ-zsAPT9Fg,PrensaLibreOficial,/@PrensaLibreOficial,/@PrensaLibreOficial,News & Politics,guatemala noticias,topic,5469,2026-08-31T08:08:05-07:00,2026-08-31 15:08:05+00:00,"[""noticias Guatemala"", ""noticias Guatemala en vivo"", ""noticias última hora"", ""Guatemala"", ""bloqueos en Guatemala"", ""combustibles"", ""31 de agosto"", ""ruta Interamericana"", ""Provial"", ""transportistas"", ""carreteras"", ""Guatemala roadblocks"", ""fuel prices"", ""Guatemala protests"", ""Interamerican Highway"", ""traffic alert"", ""transport strike"", ""road closures""]","[""noticias Guatemala"", ""noticias Guatemala en vivo"", ""noticias última hora"", ""Guatemala"", ""bloqueos en Guatemala"", ""combustibles"", ""31 de agosto"", ""ruta Interamericana"", ""Provial"", ""transportistas"", ""carreteras"", ""Guatemala roadblocks"", ""fuel prices"", ""Guatemala protests"", ""Interamerican Highway"", ""traffic alert"", ""transport strike"", ""road closures""]","Manifestantes bloquean este lunes 31 de agosto varios tramos carreteros en Guatemala en protesta por el alza en los precios de los combustibles. Según el reporte de Provial, los cierres afectan la ruta Interamericana, la ruta al suroccidente y otros puntos, lo que complica la movilidad de trabajadores, estudiantes y transportistas. 
Lea más en prensalibre.com 
----------------------------
Busque más información de Guatemala y el mundo en  
https://www.prensalibre.com
https://www.facebook.com/prensalibregt
https://twitter.com/prensa_libre
https://www.instagram.com/prensa_libre
https://www.tiktok.com/@prensalibregt",18,https://www.youtube.com/watch?v=b_Hkrkl3adA
6W4u8sGEnGM,Ugwc0TMrFYylioxh_Sh4AaABAg,Inician los trabajos de recuperación del Puente Belice II.,Gobierno de la República de Guatemala,UC-ZtFBHzgkYFh7whZkuR_Ag,@albertoshernandez5251,UCV3fr-YOixFKCZBbJP1-X4w,Que viva viva el Presidente Bernardo Arevalo 🎉🎉👏🎉🎉,Gobierno de la República de Guatemala,topic,youtube_guatemala_plus_comments.csv | youtube_lab_targets_small_comments.csv,/@albertoshernandez5251,hace 6 días,3,0,False,,@albertoshernandez5251,Gobierno de la República de Guatemala,Inician los trabajos de recuperación del Puente Belice II.,Gobierno de la República de Guatemala,topic,@albertoshernandez5251,@albertoshernandez5251,3.0,False,3,0,False,False,hace 6 días,<1 semana,6.0,Que viva viva el Presidente Bernardo Arevalo 🎉🎉👏🎉🎉,vivo vivo presidente bernardo arevalo,viva viva presidente bernardo arevalo,[],[],[],"[""🎉"", ""🎉"", ""👏"", ""🎉"", ""🎉""]",0,0,0,5,Que viva viva el Presidente Bernardo Arevalo emoji cañón de confeti emoji emoji cañón de confeti emoji emoji manos aplaudiendo emoji emoji cañón de confeti emoji emoji cañón de confeti emoji,50,37,8,5,True,False,Inician los trabajos de recuperación del Puente Belice II.,UC-ZtFBHzgkYFh7whZkuR_Ag,Gobierno de la República de Guatemala,/@GobiernodelaRepublicadeGuatema,/@GobiernodelaRepublicadeGuatema,Entertainment,Gobierno de la República de Guatemala,topic,11670,2026-08-26T21:00:47-07:00,2026-08-27 04:00:47+00:00,[],[],Inician los trabajos de recuperación del Puente Belice II.,0,https://www.youtube.com/watch?v=6W4u8sGEnGM
n8iP75gIpmw,UgwcF8V3__81jxC8Eh14AaABAg,Qué rico come tu diputado,Quorum,UCE4rsXcgDb6e1-a9iTbWzfg,@marcomendez7509,UCmjppp6ujz3SAnULvP3sZMw,pues quien le pidió que la guesiara para Diputado si será descarado seve que son unos Corruptos mientras el pueblo no tiene ni un Cinco u con eso le pagan a los Electores si serán Comen Cuando hay,@quorumgt/videos,channel,quorum_complete_comments.csv | youtube_guatemala_plus_comments.csv,/@marcomendez7509,hace 2 años, ,0,False,,@marcomendez7509,Quorum,Qué rico come tu diputado,@quorumgt/videos,channel,@marcomendez7509,@marcomendez7509,,True,0,0,False,False,hace 2 años,1 - 2 anos,730.5,pues quien le pidió que la guesiara para Diputado si será descarado seve que son unos Corruptos mientras el pueblo no tiene ni un Cinco u con eso le pagan a los Electores si serán Comen Cuando hay,pidio guesiar diputado descarado seve corrupto pueblo pagar elector comen,pidio guesiara diputado descarado seve corruptos pueblo pagan electores comen,[],[],[],[],0,0,0,0,pues quien le pidió que la guesiara para Diputado si será descarado seve que son unos Corruptos mientras el pueblo no tiene ni un Cinco u con eso le pagan a los Electores si serán Comen Cuando hay,196,73,38,10,True,False,Qué rico come tu diputado,UCE4rsXcgDb6e1-a9iTbWzfg,Quorum,/@quorumgt,/@quorumgt,News & Politics,Quorum GT,topic,11775,2024-08-27T14:09:51-07:00,2024-08-27 21:09:51+00:00,[],[],"En @ConCriteriogt hablaron hoy sobre nuestro reportaje ""Qué rico come tu diputado"", en el que contamos los almuerzos más caros pagados con fondos públicos entre enero y abril de este año.

Entrevistaron al diputado Nery Rodas, de CABAL, quien asegura que son problemas ""mínimos"".

Si no has leído el repor podés hacerlo acá https://quorum.gt/poder/comida_diputados/",0,https://www.youtube.com/watch?v=n8iP75gIpmw
lj983NWyAQY,UgwdC_aDdYB1wpgGNAt4AaABAg,Plan 2032 Ciudad de Guatemala,Municipalidad de Guatemala,UCXa6LVjBzUtmcM3cwbd9e2w,@FreddyGmez,UC5PyGvSfFM--OVKmQ3COu6g,Que belleza si se llegara a construir todos esos proyectos 💙👌,Municipalidad de Guatemala,topic,lj983NWyAQY_out_comments.csv | youtube_guatemala_plus_comments.csv,/@FreddyGmez,hace 7 años,3,0,False,,@FreddyGmez,Municipalidad de Guatemala,Plan 2032 Ciudad de Guatemala,Municipalidad de Guatemala,topic,@FreddyGmez,@freddygmez,3.0,False,3,0,False,False,hace 7 años,>2 anos,2556.75,Que belleza si se llegara a construir todos esos proyectos 💙👌,belleza llegar construir proyecto,belleza llegara construir proyectos,[],[],[],"[""💙"", ""👌""]",0,0,0,2,Que belleza si se llegara a construir todos esos proyectos emoji corazón azul emoji emoji señal de aprobación con la mano emoji,61,33,11,4,True,False,Plan 2032 Ciudad de Guatemala,UCXa6LVjBzUtmcM3cwbd9e2w,Municipalidad de Guatemala,/@MunicipalidaddeGuatemala-1551,/@MunicipalidaddeGuatemala-1551,News & Politics,Municipalidad de Guatemala,topic,304089,2019-02-28T18:31:10-08:00,2019-03-01 02:31:10+00:00,"[""Ricardo"", ""Quiñónez"", ""Administración"", ""Alcalde"", ""Alcaldía"", ""Alcaldías"", ""Municipalidad"", ""Municipal"", ""Muni"", ""Cumple"", ""Equipo"", ""Transparencia"", ""Servicios"", ""Servir"", ""Servidor"", ""Público"", ""Pasión"", ""Todos"", ""Somos"", ""La"", ""Ciudad"", ""Del"", ""Futuro"", ""Para"", ""Vivir"", ""Polos"", ""desarrollo"", ""pasos a desnivel"", ""movilidad urbana"", ""aerometro"", ""Transmetro"", ""metroriel"", ""Plan 2032"", ""transporte público"", ""reciclaje"", ""movilidad""]","[""Ricardo"", ""Quiñónez"", ""Administración"", ""Alcalde"", ""Alcaldía"", ""Alcaldías"", ""Municipalidad"", ""Municipal"", ""Muni"", ""Cumple"", ""Equipo"", ""Transparencia"", ""Servicios"", ""Servir"", ""Servidor"", ""Público"", ""Pasión"", ""Todos"", ""Somos"", ""La"", ""Ciudad"", ""Del"", ""Futuro"", ""Para"", ""Vivir"", ""Polos"", ""desarrollo"", ""pasos a desnivel"", ""movilidad urbana"", ""aerometro"", ""Transmetro"", ""metroriel"", ""Plan 2032"", ""transporte público"", ""reciclaje"", ""movilidad""]",La Municipalidad de Guatemala trabaja en el plan 2032 con proyectos para solventar los actuales y futuros desafíos de la Ciudad.,36,https://www.youtube.com/watch?v=lj983NWyAQY
n8iP75gIpmw,Ugwe0V0ssRP-r167Lzh4AaABAg,Qué rico come tu diputado,Quorum,UCE4rsXcgDb6e1-a9iTbWzfg,@isaiaslopezvelasquez1539,UCQqetiwzzmRNTM5OWuXarGQ,si no les gusta  renuncie,@quorumgt/videos,channel,quorum_complete_comments.csv | youtube_guatemala_plus_comments.csv,/@isaiaslopezvelasquez1539,hace 2 años,1,0,False,,@isaiaslopezvelasquez1539,Quorum,Qué rico come tu diputado,@quorumgt/videos,channel,@isaiaslopezvelasquez1539,@isaiaslopezvelasquez1539,1.0,False,1,0,False,False,hace 2 años,1 - 2 anos,730.5,si no les gusta  renuncie,gustar renuncie,gusta renuncie,[],[],[],[],0,0,0,0,si no les gusta renuncie,25,15,5,2,True,False,Qué rico come tu diputado,UCE4rsXcgDb6e1-a9iTbWzfg,Quorum,/@quorumgt,/@quorumgt,News & Politics,Quorum GT,topic,11775,2024-08-27T14:09:51-07:00,2024-08-27 21:09:51+00:00,[],[],"En @ConCriteriogt hablaron hoy sobre nuestro reportaje ""Qué rico come tu diputado"", en el que contamos los almuerzos más caros pagados con fondos públicos entre enero y abril de este año.

Entrevistaron al diputado Nery Rodas, de CABAL, quien asegura que son problemas ""mínimos"".

Si no has leído el repor podés hacerlo acá https://quorum.gt/poder/comida_diputados/",0,https://www.youtube.com/watch?v=n8iP75gIpmw
6W4u8sGEnGM,UgwgSP2G2qKwGGl5CSp4AaABAg,Inician los trabajos de recuperación del Puente Belice II.,Gobierno de la República de Guatemala,UC-ZtFBHzgkYFh7whZkuR_Ag,@albertoshernandez5251,UCV3fr-YOixFKCZBbJP1-X4w,EL PRESIDENTE BERNARDO AREVALO SI ES UN PRESIDENTE QUE QUIERE A SU PUEBLO Y AL PAIS DE GUATEMALA 👍 EL NO ES COMO LOS RATAS  PRESIDENTES ANTERIORES 🐭🐭ASI QUE TODO EL APOYO PARA EL PRESIDENTE BERNARDO AREVALO 👍 🎉👍🎉👍🎉👍🎉👍🎉👍,Gobierno de la República de Guatemala,topic,youtube_guatemala_plus_comments.csv | youtube_lab_targets_small_comments.csv,/@albertoshernandez5251,hace 6 días,3,0,False,,@albertoshernandez5251,Gobierno de la República de Guatemala,Inician los trabajos de recuperación del Puente Belice II.,Gobierno de la República de Guatemala,topic,@albertoshernandez5251,@albertoshernandez5251,3.0,False,3,0,False,False,hace 6 días,<1 semana,6.0,EL PRESIDENTE BERNARDO AREVALO SI ES UN PRESIDENTE QUE QUIERE A SU PUEBLO Y AL PAIS DE GUATEMALA 👍 EL NO ES COMO LOS RATAS  PRESIDENTES ANTERIORES 🐭🐭ASI QUE TODO EL APOYO PARA EL PRESIDENTE BERNARDO AREVALO 👍 🎉👍🎉👍🎉👍🎉👍🎉👍,presidente bernardo arevalo presidente pueblo guatemala rata president apoyo presidente bernardo arevalo,presidente bernardo arevalo presidente pueblo guatemala ratas presidentes anteriores apoyo presidente bernardo arevalo,[],[],[],"[""👍"", ""🐭"", ""🐭"", ""👍"", ""🎉"", ""👍"", ""🎉"", ""👍"", ""🎉"", ""👍"", ""🎉"", ""👍"", ""🎉"", ""👍""]",0,0,0,14,EL PRESIDENTE BERNARDO AREVALO SI ES UN PRESIDENTE QUE QUIERE A SU PUEBLO Y AL PAIS DE GUATEMALA emoji pulgar hacia arriba emoji EL NO ES COMO LOS RATAS PRESIDENTES ANTERIORES emoji cara de ratón emoji emoji cara de ratón emoji ASI QUE TODO EL APOYO PARA EL PRESIDENTE BERNARDO AREVALO emoji pulgar hacia arriba emoji emoji cañón de confeti emoji emoji pulgar hacia arriba emoji emoji cañón de confeti emoji emoji pulgar hacia arriba emoji emoji cañón de confeti emoji emoji pulgar hacia arriba emoji emoji cañón de confeti emoji emoji pulgar hacia arriba emoji emoji cañón de confeti emoji emoji pulgar hacia arriba emoji,219,104,39,12,True,False,Inician los trabajos de recuperación del Puente Belice II.,UC-ZtFBHzgkYFh7whZkuR_Ag,Gobierno de la República de Guatemala,/@GobiernodelaRepublicadeGuatema,/@GobiernodelaRepublicadeGuatema,Entertainment,Gobierno de la República de Guatemala,topic,11670,2026-08-26T21:00:47-07:00,2026-08-27 04:00:47+00:00,[],[],Inician los trabajos de recuperación del Puente Belice II.,0,https://www.youtube.com/watch?v=6W4u8sGEnGM
n8iP75gIpmw,UgwgoKatyznihVvDVVd4AaABAg,Qué rico come tu diputado,Quorum,UCE4rsXcgDb6e1-a9iTbWzfg,@OsvaldoAguirre-l3i,UCCaYwkkbQGcvFoUmothVdQQ,Cuando los agarran con la manos en la masa ya ni Allan que decir estos buenos para nada! Solo para comer de gratis son buenos a que hijos de la gran patria! De Guatemala. Mantenidos estos corruptos solo para wuabiar son bueno.,@quorumgt/videos,channel,quorum_complete_comments.csv | youtube_guatemala_plus_comments.csv,/@OsvaldoAguirre-l3i,hace 2 años, ,0,False,,@OsvaldoAguirre-l3i,Quorum,Qué rico come tu diputado,@quorumgt/videos,channel,@OsvaldoAguirre-l3i,@osvaldoaguirre-l3i,,True,0,0,False,False,hace 2 años,1 - 2 anos,730.5,Cuando los agarran con la manos en la masa ya ni Allan que decir estos buenos para nada! Solo para comer de gratis son buenos a que hijos de la gran patria! De Guatemala. Mantenidos estos corruptos solo para wuabiar son bueno.,agarrar mano masa allar comer gratis hijo patria guatemala mantenido corrupto wuabiar,agarran manos masa allan comer gratis hijos patria guatemala mantenidos corruptos wuabiar,[],[],[],[],0,0,0,0,Cuando los agarran con la manos en la masa ya ni Allan que decir estos buenos para nada! Solo para comer de gratis son buenos a que hijos de la gran patria! De Guatemala. Mantenidos estos corruptos solo para wuabiar son bueno.,226,85,42,12,True,False,Qué rico come tu diputado,UCE4rsXcgDb6e1-a9iTbWzfg,Quorum,/@quorumgt,/@quorumgt,News & Politics,Quorum GT,topic,11775,2024-08-27T14:09:51-07:00,2024-08-27 21:09:51+00:00,[],[],"En @ConCriteriogt hablaron hoy sobre nuestro reportaje ""Qué rico come tu diputado"", en el que contamos los almuerzos más caros pagados con fondos públicos entre enero y abril de este año.

Entrevistaron al diputado Nery Rodas, de CABAL, quien asegura que son problemas ""mínimos"".

Si no has leído el repor podés hacerlo acá https://quorum.gt/poder/comida_diputados/",0,https://www.youtube.com/watch?v=n8iP75gIpmw
n8iP75gIpmw,UgwguqWom06c5opgpiF4AaABAg,Qué rico come tu diputado,Quorum,UCE4rsXcgDb6e1-a9iTbWzfg,@oscarnavas9996,UCQgYjVngJRfPHDLGB5X6ZjA,Sin vergüenza. Que no se vuelva a lanzar para diputado ladrón,@quorumgt/videos,channel,quorum_complete_comments.csv | youtube_guatemala_plus_comments.csv,/@oscarnavas9996,hace 2 años, ,0,False,,@oscarnavas9996,Quorum,Qué rico come tu diputado,@quorumgt/videos,channel,@oscarnavas9996,@oscarnavas9996,,True,0,0,False,False,hace 2 años,1 - 2 anos,730.5,Sin vergüenza. Que no se vuelva a lanzar para diputado ladrón,verguenza volver lanzar diputado ladron,verguenza vuelva lanzar diputado ladron,[],[],[],[],0,0,0,0,Sin vergüenza. Que no se vuelva a lanzar para diputado ladrón,61,39,11,5,True,False,Qué rico come tu diputado,UCE4rsXcgDb6e1-a9iTbWzfg,Quorum,/@quorumgt,/@quorumgt,News & Politics,Quorum GT,topic,11775,2024-08-27T14:09:51-07:00,2024-08-27 21:09:51+00:00,[],[],"En @ConCriteriogt hablaron hoy sobre nuestro reportaje ""Qué rico come tu diputado"", en el que contamos los almuerzos más caros pagados con fondos públicos entre enero y abril de este año.

Entrevistaron al diputado Nery Rodas, de CABAL, quien asegura que son problemas ""mínimos"".

Si no has leído el repor podés hacerlo acá https://quorum.gt/poder/comida_diputados/",0,https://www.youtube.com/watch?v=n8iP75gIpmw
PjmxCj-a9Hg,UgwhphOY9n46ofElDut4AaABAg,Conferencia de Prensa del Gobierno de Guatemala. #LaRondaGt,Gobierno de la República de Guatemala,UC-ZtFBHzgkYFh7whZkuR_Ag,@danielantoniogonzalezflore4901,UCN2N_wYOw6fMwCeSzdXLPIw,Mejor saque a guatemala del parlacen y dejen de hablar de tsnta babosadas o ustedes van s ir avrefujiase al parlacen cuando salgan ese dinero que pagamos invertirlo en meducina sehan realustas por sus acciones nadie cree ya en nadie de ver que los gobiernos solo sirven para enriqueserse ya vasta,@GobiernodeGuatemala,topic,PjmxCj-a9Hg_out_comments.csv | youtube_guatemala_plus_comments.csv,/@danielantoniogonzalezflore4901,hace 1 año, ,0,False,,@danielantoniogonzalezflore4901,Gobierno de la República de Guatemala,Conferencia de Prensa del Gobierno de Guatemala. #LaRondaGt,@GobiernodeGuatemala,topic,@danielantoniogonzalezflore4901,@danielantoniogonzalezflore4901,,True,0,0,False,False,hace 1 año,1 mes - 1 ano,365.25,Mejor saque a guatemala del parlacen y dejen de hablar de tsnta babosadas o ustedes van s ir avrefujiase al parlacen cuando salgan ese dinero que pagamos invertirlo en meducina sehan realustas por sus acciones nadie cree ya en nadie de ver que los gobiernos solo sirven para enriqueserse ya vasta,saque guatemala parlacir dejen hablar tsnta babosada avrefujiar parlacir salir dinero pagar invertir el meducin sehaber realusta accion creer gobierno servir enriqueser el vasta,saque guatemala parlacen dejen hablar tsnta babosadas avrefujiase parlacen salgan dinero pagamos invertirlo meducina sehan realustas acciones cree gobiernos sirven enriqueserse vasta,[],[],[],[],0,0,0,0,Mejor saque a guatemala del parlacen y dejen de hablar de tsnta babosadas o ustedes van s ir avrefujiase al parlacen cuando salgan ese dinero que pagamos invertirlo en meducina sehan realustas por sus acciones nadie cree ya en nadie de ver que los gobiernos solo sirven para enriqueserse ya vasta,296,177,51,24,True,False,Conferencia de Prensa del Gobierno de Guatemala. #LaRondaGt,UC-ZtFBHzgkYFh7whZkuR_Ag,Gobierno de la República de Guatemala,/@GobiernodelaRepublicadeGuatema,/@GobiernodelaRepublicadeGuatema,Entertainment,@GobiernodeGuatemala,topic,3628,2025-08-11T20:14:15-07:00,2025-08-12 03:14:15+00:00,[],[],Conferencia de Prensa del Gobierno de Guatemala. #LaRondaGt,0,https://www.youtube.com/watch?v=PjmxCj-a9Hg
n8iP75gIpmw,UgwiGxmosawIyTVTjnB4AaABAg,Qué rico come tu diputado,Quorum,UCE4rsXcgDb6e1-a9iTbWzfg,@ErvinLeonardoCarreraLatín,UC9vMq1YF-e7C-VO0SHkbUTA,19:27 Basuras de diputados  artense  porque los que sufrieron  hambre serán saciados y los que se saciaron a costillas de los demás tendrán hambre y sed  de todo,@quorumgt/videos,channel,quorum_complete_comments.csv | youtube_guatemala_plus_comments.csv,/@ErvinLeonardoCarreraLat%C3%ADn,hace 2 años (editado), ,0,False,,@ErvinLeonardoCarreraLatín,Quorum,Qué rico come tu diputado,@quorumgt/videos,channel,@ErvinLeonardoCarreraLatín,@ervinleonardocarreralatin,,True,0,0,False,True,hace 2 años,1 - 2 anos,730.5,19:27 Basuras de diputados  artense  porque los que sufrieron  hambre serán saciados y los que se saciaron a costillas de los demás tendrán hambre y sed  de todo,basura diputado artense sufrir hambre saciado saciar costilla hambrir sed,basuras diputados artense sufrieron hambre saciados saciaron costillas hambre sed,[],[],[],[],0,0,0,0,19:27 Basuras de diputados artense porque los que sufrieron hambre serán saciados y los que se saciaron a costillas de los demás tendrán hambre y sed de todo,161,73,28,10,True,False,Qué rico come tu diputado,UCE4rsXcgDb6e1-a9iTbWzfg,Quorum,/@quorumgt,/@quorumgt,News & Politics,Quorum GT,topic,11775,2024-08-27T14:09:51-07:00,2024-08-27 21:09:51+00:00,[],[],"En @ConCriteriogt hablaron hoy sobre nuestro reportaje ""Qué rico come tu diputado"", en el que contamos los almuerzos más caros pagados con fondos públicos entre enero y abril de este año.

Entrevistaron al diputado Nery Rodas, de CABAL, quien asegura que son problemas ""mínimos"".

Si no has leído el repor podés hacerlo acá https://quorum.gt/poder/comida_diputados/",0,https://www.youtube.com/watch?v=n8iP75gIpmw
n8iP75gIpmw,Ugwih8O9PeaJ_zd7FWV4AaABAg,Qué rico come tu diputado,Quorum,UCE4rsXcgDb6e1-a9iTbWzfg,@carmenr6311,UC8F2V63KZ4ZEay6opX2hAQw,"Los alimentos tienen k pagarlos d su sueldo como cualquier otro ciudadano k a pesar de el salario miserable pagan sus alimentos, segun entiendo ese señor  kiere k el pueblo le siga pagando ,si el trabaja haciéndose el pendejo como muchos otros k solo llegan a ocupar la silla y a bla bla hasta el momento no se ve k se trabaje en algo bueno para el pueblo a ese fulano k no esta contento con el alto sueldo k tienen por hacer nada ,k renuncie y k empleen a personas k realmente kieren hacer algo por el hambriento pueblo, braaavo seño por recordarle a ese inepto.,ellos ganan Q25,000 0 mas cuanto gana un médico, una enfermera,una profesora y esos siii trabajan especialmente los médicos.",@quorumgt/videos,channel,quorum_complete_comments.csv | youtube_guatemala_plus_comments.csv,/@carmenr6311,hace 2 años, ,0,False,,@carmenr6311,Quorum,Qué rico come tu diputado,@quorumgt/videos,channel,@carmenr6311,@carmenr6311,,True,0,0,False,False,hace 2 años,1 - 2 anos,730.5,"Los alimentos tienen k pagarlos d su sueldo como cualquier otro ciudadano k a pesar de el salario miserable pagan sus alimentos, segun entiendo ese señor  kiere k el pueblo le siga pagando ,si el trabaja haciéndose el pendejo como muchos otros k solo llegan a ocupar la silla y a bla bla hasta el momento no se ve k se trabaje en algo bueno para el pueblo a ese fulano k no esta contento con el alto sueldo k tienen por hacer nada ,k renuncie y k empleen a personas k realmente kieren hacer algo por el hambriento pueblo, braaavo seño por recordarle a ese inepto.,ellos ganan Q25,000 0 mas cuanto gana un médico, una enfermera,una profesora y esos siii trabajan especialmente los médicos.",alimento pagarlo sueldo ciudadano salario miserable pagar alimento enteir senor kierar pueblo seguir pagar trabajar hacer el pendejo llegar ocupar silla bla bla momento trabaje pueblo fulano contento alto sueldo renunciar emplear persona realmente kierir hambriento pueblo braavo seno recordar el inepto ganar q25 ganar medico enfermera profesoro sii trabajar especialmente medico,alimentos pagarlos sueldo ciudadano salario miserable pagan alimentos entiendo senor kiere pueblo siga pagando trabaja haciendose pendejo llegan ocupar silla bla bla momento trabaje pueblo fulano contento alto sueldo renuncie empleen personas realmente kieren hambriento pueblo braavo seno recordarle inepto ganan q25 gana medico enfermera profesora sii trabajan especialmente medicos,[],[],[],[],0,0,0,0,"Los alimentos tienen k pagarlos d su sueldo como cualquier otro ciudadano k a pesar de el salario miserable pagan sus alimentos, segun entiendo ese señor kiere k el pueblo le siga pagando ,si el trabaja haciéndose el pendejo como muchos otros k solo llegan a ocupar la silla y a bla bla hasta el momento no se ve k se trabaje en algo bueno para el pueblo a ese fulano k no esta contento con el alto sueldo k tienen por hacer nada ,k renuncie y k empleen a personas k realmente kieren hacer algo por el hambriento pueblo, braaavo seño por recordarle a ese inepto.,ellos ganan Q25,000 0 mas cuanto gana un médico, una enfermera,una profesora y esos siii trabajan especialmente los médicos.",688,380,125,52,True,False,Qué rico come tu diputado,UCE4rsXcgDb6e1-a9iTbWzfg,Quorum,/@quorumgt,/@quorumgt,News & Politics,Quorum GT,topic,11775,2024-08-27T14:09:51-07:00,2024-08-27 21:09:51+00:00,[],[],"En @ConCriteriogt hablaron hoy sobre nuestro reportaje ""Qué rico come tu diputado"", en el que contamos los almuerzos más caros pagados con fondos públicos entre enero y abril de este año.

Entrevistaron al diputado Nery Rodas, de CABAL, quien asegura que son problemas ""mínimos"".

Si no has leído el repor podés hacerlo acá https://quorum.gt/poder/comida_diputados/",0,https://www.youtube.com/watch?v=n8iP75gIpmw
6W4u8sGEnGM,Ugwije36G_n35mshRfp4AaABAg,Inician los trabajos de recuperación del Puente Belice II.,Gobierno de la República de Guatemala,UC-ZtFBHzgkYFh7whZkuR_Ag,@rosaoliva9389,UCheEJ5GZuIvV0fj-nXyVwXw,Gracias por concluir lo q otros empiezan y no terminan,Gobierno de la República de Guatemala,topic,youtube_guatemala_plus_comments.csv | youtube_lab_targets_small_comments.csv,/@rosaoliva9389,hace 2 días, ,0,False,,@rosaoliva9389,Gobierno de la República de Guatemala,Inician los trabajos de recuperación del Puente Belice II.,Gobierno de la República de Guatemala,topic,@rosaoliva9389,@rosaoliva9389,,True,0,0,False,False,hace 2 días,<1 semana,2.0,Gracias por concluir lo q otros empiezan y no terminan,concluir empezar terminar,concluir empiezan terminan,[],[],[],[],0,0,0,0,Gracias por concluir lo q otros empiezan y no terminan,54,25,10,3,True,False,Inician los trabajos de recuperación del Puente Belice II.,UC-ZtFBHzgkYFh7whZkuR_Ag,Gobierno de la República de Guatemala,/@GobiernodelaRepublicadeGuatema,/@GobiernodelaRepublicadeGuatema,Entertainment,Gobierno de la República de Guatemala,topic,11670,2026-08-26T21:00:47-07:00,2026-08-27 04:00:47+00:00,[],[],Inician los trabajos de recuperación del Puente Belice II.,0,https://www.youtube.com/watch?v=6W4u8sGEnGM
n8iP75gIpmw,UgwjKxflp7TiD0e7_494AaABAg,Qué rico come tu diputado,Quorum,UCE4rsXcgDb6e1-a9iTbWzfg,@victorarturoruanobautista7588,UCujPF2nBgsTD62nWE3lcpIg,Que se les quite todos los privilegios lo que pasa no les gusta,@quorumgt/videos,channel,quorum_complete_comments.csv | youtube_guatemala_plus_comments.csv,/@victorarturoruanobautista7588,hace 1 año, ,0,False,,@victorarturoruanobautista7588,Quorum,Qué rico come tu diputado,@quorumgt/videos,channel,@victorarturoruanobautista7588,@victorarturoruanobautista7588,,True,0,0,False,False,hace 1 año,1 mes - 1 ano,365.25,Que se les quite todos los privilegios lo que pasa no les gusta,quitar privilegio pasar gusta,quite privilegios pasa gusta,[],[],[],[],0,0,0,0,Que se les quite todos los privilegios lo que pasa no les gusta,63,29,13,4,True,False,Qué rico come tu diputado,UCE4rsXcgDb6e1-a9iTbWzfg,Quorum,/@quorumgt,/@quorumgt,News & Politics,Quorum GT,topic,11775,2024-08-27T14:09:51-07:00,2024-08-27 21:09:51+00:00,[],[],"En @ConCriteriogt hablaron hoy sobre nuestro reportaje ""Qué rico come tu diputado"", en el que contamos los almuerzos más caros pagados con fondos públicos entre enero y abril de este año.

Entrevistaron al diputado Nery Rodas, de CABAL, quien asegura que son problemas ""mínimos"".

Si no has leído el repor podés hacerlo acá https://quorum.gt/poder/comida_diputados/",0,https://www.youtube.com/watch?v=n8iP75gIpmw
n8iP75gIpmw,Ugwjtq_DUb6ISU-ppsh4AaABAg,Qué rico come tu diputado,Quorum,UCE4rsXcgDb6e1-a9iTbWzfg,@byronpontaza,UChs3tU2BcKOT0CezykvAsGw,"Estoy seguro que si a los conductores los envían a hacer un trabajo a un departamento y les dan viáticos, buscan Buenos restaurantes para ir a comer y no se van al mercado",@quorumgt/videos,channel,quorum_complete_comments.csv | youtube_guatemala_plus_comments.csv,/@byronpontaza,hace 2 años,1,0,False,,@byronpontaza,Quorum,Qué rico come tu diputado,@quorumgt/videos,channel,@byronpontaza,@byronpontaza,1.0,False,1,0,False,False,hace 2 años,1 - 2 anos,730.5,"Estoy seguro que si a los conductores los envían a hacer un trabajo a un departamento y les dan viáticos, buscan Buenos restaurantes para ir a comer y no se van al mercado",seguro conductor enviar trabajo departamento viatico buscar restaurante comer mercado,seguro conductores envian trabajo departamento viaticos buscan restaurantes comer mercado,[],[],[],[],0,0,0,0,"Estoy seguro que si a los conductores los envían a hacer un trabajo a un departamento y les dan viáticos, buscan Buenos restaurantes para ir a comer y no se van al mercado",171,85,33,10,True,False,Qué rico come tu diputado,UCE4rsXcgDb6e1-a9iTbWzfg,Quorum,/@quorumgt,/@quorumgt,News & Politics,Quorum GT,topic,11775,2024-08-27T14:09:51-07:00,2024-08-27 21:09:51+00:00,[],[],"En @ConCriteriogt hablaron hoy sobre nuestro reportaje ""Qué rico come tu diputado"", en el que contamos los almuerzos más caros pagados con fondos públicos entre enero y abril de este año.

Entrevistaron al diputado Nery Rodas, de CABAL, quien asegura que son problemas ""mínimos"".

Si no has leído el repor podés hacerlo acá https://quorum.gt/poder/comida_diputados/",0,https://www.youtube.com/watch?v=n8iP75gIpmw
n8iP75gIpmw,UgwkiP4fW1xfpXbZcV14AaABAg,Qué rico come tu diputado,Quorum,UCE4rsXcgDb6e1-a9iTbWzfg,@BenjaminLarios-jd8nk,UCV0iizTBoOfdAFX_thfI9BA,Lo que este diputado ase por el paiz es robarle  al paiz   porque otro beneficio que tiene el paiz  con ellos nada,@quorumgt/videos,channel,quorum_complete_comments.csv | youtube_guatemala_plus_comments.csv,/@BenjaminLarios-jd8nk,hace 2 años, ,0,False,,@BenjaminLarios-jd8nk,Quorum,Qué rico come tu diputado,@quorumgt/videos,channel,@BenjaminLarios-jd8nk,@benjaminlarios-jd8nk,,True,0,0,False,False,hace 2 años,1 - 2 anos,730.5,Lo que este diputado ase por el paiz es robarle  al paiz   porque otro beneficio que tiene el paiz  con ellos nada,diputado ase paiz robar el paiz beneficio paiz,diputado ase paiz robarle paiz beneficio paiz,[],[],[],[],0,0,0,0,Lo que este diputado ase por el paiz es robarle al paiz porque otro beneficio que tiene el paiz con ellos nada,114,46,22,8,True,False,Qué rico come tu diputado,UCE4rsXcgDb6e1-a9iTbWzfg,Quorum,/@quorumgt,/@quorumgt,News & Politics,Quorum GT,topic,11775,2024-08-27T14:09:51-07:00,2024-08-27 21:09:51+00:00,[],[],"En @ConCriteriogt hablaron hoy sobre nuestro reportaje ""Qué rico come tu diputado"", en el que contamos los almuerzos más caros pagados con fondos públicos entre enero y abril de este año.

Entrevistaron al diputado Nery Rodas, de CABAL, quien asegura que son problemas ""mínimos"".

Si no has leído el repor podés hacerlo acá https://quorum.gt/poder/comida_diputados/",0,https://www.youtube.com/watch?v=n8iP75gIpmw
6W4u8sGEnGM,Ugwm9VajlW3ydbsf-BJ4AaABAg,Inician los trabajos de recuperación del Puente Belice II.,Gobierno de la República de Guatemala,UC-ZtFBHzgkYFh7whZkuR_Ag,@robertoescobar5507,UCp29O_C7cchZV8IxV7Crdag,Excelente.,Gobierno de la República de Guatemala,topic,youtube_guatemala_plus_comments.csv | youtube_lab_targets_small_comments.csv,/@robertoescobar5507,hace 3 días, ,0,False,,@robertoescobar5507,Gobierno de la República de Guatemala,Inician los trabajos de recuperación del Puente Belice II.,Gobierno de la República de Guatemala,topic,@robertoescobar5507,@robertoescobar5507,,True,0,0,False,False,hace 3 días,<1 semana,3.0,Excelente.,excelente,excelente,[],[],[],[],0,0,0,0,Excelente.,10,9,1,1,True,False,Inician los trabajos de recuperación del Puente Belice II.,UC-ZtFBHzgkYFh7whZkuR_Ag,Gobierno de la República de Guatemala,/@GobiernodelaRepublicadeGuatema,/@GobiernodelaRepublicadeGuatema,Entertainment,Gobierno de la República de Guatemala,topic,11670,2026-08-26T21:00:47-07:00,2026-08-27 04:00:47+00:00,[],[],Inician los trabajos de recuperación del Puente Belice II.,0,https://www.youtube.com/watch?v=6W4u8sGEnGM
yLZS3JiEBg8,UgwmvtMMEFg5rWbrmtV4AaABAg,Arroz con pollo a la MONOPOLIO,Quorum,UCE4rsXcgDb6e1-a9iTbWzfg,@11223344An,UCkxdJ_yGN2gghOMo2ybQtXQ,Y no olvidemos y quizá el más cruel. Las farmacéuticas con las medicinas,@quorumgt/videos,channel,quorum_complete_comments.csv | youtube_guatemala_plus_comments.csv,/@11223344An,hace 2 años,1,0,False,,@11223344An,Quorum,Arroz con pollo a la MONOPOLIO,@quorumgt/videos,channel,@11223344An,@11223344an,1.0,False,1,0,False,False,hace 2 años,1 - 2 anos,730.5,Y no olvidemos y quizá el más cruel. Las farmacéuticas con las medicinas,olvidar cruel farmaceutica medicina,olvidemos cruel farmaceuticas medicinas,[],[],[],[],0,0,0,0,Y no olvidemos y quizá el más cruel. Las farmacéuticas con las medicinas,72,35,13,4,True,False,Arroz con pollo a la MONOPOLIO,UCE4rsXcgDb6e1-a9iTbWzfg,Quorum,/@quorumgt,/@quorumgt,News & Politics,@quorumgt/videos,channel,1954,2024-05-09T19:15:12-07:00,2024-05-10 02:15:12+00:00,[],[],"🔍 En Guatemala tenemos un mercado no tan “libre” que digamos. 

💸 Unas pocas empresas dominan las diferentes industrias y en algunos sectores no hay una competencia real que favorezca al consumidor.

🎥 Hoy estrenamos #LasMañasDelMercado para hablar de la industria alimenticia y la necesidad de una #LeyDeCompetencia.",0,https://www.youtube.com/watch?v=yLZS3JiEBg8
6W4u8sGEnGM,UgwnCwptihjhFCfQK_l4AaABAg,Inician los trabajos de recuperación del Puente Belice II.,Gobierno de la República de Guatemala,UC-ZtFBHzgkYFh7whZkuR_Ag,@franciscoflores3120,UCjZgFEowMBrsjodqfovzdKw,Pero  sería bueno que  le cambien  nombre,Gobierno de la República de Guatemala,topic,youtube_guatemala_plus_comments.csv | youtube_lab_targets_small_comments.csv,/@franciscoflores3120,hace 4 días, ,0,False,,@franciscoflores3120,Gobierno de la República de Guatemala,Inician los trabajos de recuperación del Puente Belice II.,Gobierno de la República de Guatemala,topic,@franciscoflores3120,@franciscoflores3120,,True,0,0,False,False,hace 4 días,<1 semana,4.0,Pero  sería bueno que  le cambien  nombre,cambiar nombre,cambien nombre,[],[],[],[],0,0,0,0,Pero sería bueno que le cambien nombre,41,14,7,2,True,False,Inician los trabajos de recuperación del Puente Belice II.,UC-ZtFBHzgkYFh7whZkuR_Ag,Gobierno de la República de Guatemala,/@GobiernodelaRepublicadeGuatema,/@GobiernodelaRepublicadeGuatema,Entertainment,Gobierno de la República de Guatemala,topic,11670,2026-08-26T21:00:47-07:00,2026-08-27 04:00:47+00:00,[],[],Inician los trabajos de recuperación del Puente Belice II.,0,https://www.youtube.com/watch?v=6W4u8sGEnGM
n8iP75gIpmw,UgwopmNYOXxE5kyT7fF4AaABAg,Qué rico come tu diputado,Quorum,UCE4rsXcgDb6e1-a9iTbWzfg,@hugoasencio7764,UC4wq3DcbfaG6dtCqn8Oyu3w,Ya viste Nery más de lo mismo.,@quorumgt/videos,channel,quorum_complete_comments.csv | youtube_guatemala_plus_comments.csv,/@hugoasencio7764,hace 2 años,1,0,False,,@hugoasencio7764,Quorum,Qué rico come tu diputado,@quorumgt/videos,channel,@hugoasencio7764,@hugoasencio7764,1.0,False,1,0,False,False,hace 2 años,1 - 2 anos,730.5,Ya viste Nery más de lo mismo.,viste nery,viste nery,[],[],[],[],0,0,0,0,Ya viste Nery más de lo mismo.,30,10,7,2,True,False,Qué rico come tu diputado,UCE4rsXcgDb6e1-a9iTbWzfg,Quorum,/@quorumgt,/@quorumgt,News & Politics,Quorum GT,topic,11775,2024-08-27T14:09:51-07:00,2024-08-27 21:09:51+00:00,[],[],"En @ConCriteriogt hablaron hoy sobre nuestro reportaje ""Qué rico come tu diputado"", en el que contamos los almuerzos más caros pagados con fondos públicos entre enero y abril de este año.

Entrevistaron al diputado Nery Rodas, de CABAL, quien asegura que son problemas ""mínimos"".

Si no has leído el repor podés hacerlo acá https://quorum.gt/poder/comida_diputados/",0,https://www.youtube.com/watch?v=n8iP75gIpmw
ndAZjHqzzT8,UgwovhZaCiV0r6XOH_R4AaABAg,Internet: escoger el menos malo,Quorum,UCE4rsXcgDb6e1-a9iTbWzfg,@rwdm76,UCVC2QugcI1G4RvlCiUqd1aQ,excelente,@quorumgt/videos,channel,quorum_complete_comments.csv | youtube_guatemala_plus_comments.csv,/@rwdm76,hace 1 año, ,0,False,,@rwdm76,Quorum,Internet: escoger el menos malo,@quorumgt/videos,channel,@rwdm76,@rwdm76,,True,0,0,False,False,hace 1 año,1 mes - 1 ano,365.25,excelente,excelente,excelente,[],[],[],[],0,0,0,0,excelente,9,9,1,1,False,False,Internet: escoger el menos malo,UCE4rsXcgDb6e1-a9iTbWzfg,Quorum,/@quorumgt,/@quorumgt,News & Politics,@quorumgt/videos,channel,717,2024-05-16T18:15:07-07:00,2024-05-17 01:15:07+00:00,"[""economía"", ""principiantes"", ""ley de competencia"", ""duopolios"", ""guatemala"", ""tigo"", ""claro"", ""internet"", ""telefonía""]","[""economía"", ""principiantes"", ""ley de competencia"", ""duopolios"", ""guatemala"", ""tigo"", ""claro"", ""internet"", ""telefonía""]","📱Cuando vas a elegir un plan de internet o de llamadas te toca preguntarte ¿Cuál será el menos malo? o bien conformarte con la única de las dos compañías que tenga cobertura en tu zona.

💸 Hablamos de #LasMañasDelNegocio de las telecomunicaciones. Merecemos un buen servicio.",9,https://www.youtube.com/watch?v=ndAZjHqzzT8
yLZS3JiEBg8,UgwoyDvqZ6NlBCvXB7t4AaABAg,Arroz con pollo a la MONOPOLIO,Quorum,UCE4rsXcgDb6e1-a9iTbWzfg,@herminiasaquimux7565,UCXVLc8CmAO813ubM-fLvCDw,"Ahora comprendí porque los cañeros y grupo cacif, estan contra la ley de competencia y siguen tratando de impedir su discusión en el legislativo.",@quorumgt/videos,channel,quorum_complete_comments.csv | youtube_guatemala_plus_comments.csv,/@herminiasaquimux7565,hace 2 años,7,0,False,,@herminiasaquimux7565,Quorum,Arroz con pollo a la MONOPOLIO,@quorumgt/videos,channel,@herminiasaquimux7565,@herminiasaquimux7565,7.0,False,7,0,False,False,hace 2 años,1 - 2 anos,730.5,"Ahora comprendí porque los cañeros y grupo cacif, estan contra la ley de competencia y siguen tratando de impedir su discusión en el legislativo.",comprendi canero grupo cacif ley competencia seguir tratar impedir discusion legislativo,comprendi caneros grupo cacif ley competencia siguen tratando impedir discusion legislativo,[],[],[],[],0,0,0,0,"Ahora comprendí porque los cañeros y grupo cacif, estan contra la ley de competencia y siguen tratando de impedir su discusión en el legislativo.",145,88,24,11,True,False,Arroz con pollo a la MONOPOLIO,UCE4rsXcgDb6e1-a9iTbWzfg,Quorum,/@quorumgt,/@quorumgt,News & Politics,@quorumgt/videos,channel,1954,2024-05-09T19:15:12-07:00,2024-05-10 02:15:12+00:00,[],[],"🔍 En Guatemala tenemos un mercado no tan “libre” que digamos. 

💸 Unas pocas empresas dominan las diferentes industrias y en algunos sectores no hay una competencia real que favorezca al consumidor.

🎥 Hoy estrenamos #LasMañasDelMercado para hablar de la industria alimenticia y la necesidad de una #LeyDeCompetencia.",0,https://www.youtube.com/watch?v=yLZS3JiEBg8
n8iP75gIpmw,Ugwp1SacIqA0qS_netd4AaABAg,Qué rico come tu diputado,Quorum,UCE4rsXcgDb6e1-a9iTbWzfg,@TeresaLucero-b5o,UCwW2OFy95P7ZBkOPxWkpvYg,No se justifica nada... es su obligación trabajar...,@quorumgt/videos,channel,quorum_complete_comments.csv | youtube_guatemala_plus_comments.csv,/@TeresaLucero-b5o,hace 2 años,1,0,False,,@TeresaLucero-b5o,Quorum,Qué rico come tu diputado,@quorumgt/videos,channel,@TeresaLucero-b5o,@teresalucero-b5o,1.0,False,1,0,False,False,hace 2 años,1 - 2 anos,730.5,No se justifica nada... es su obligación trabajar...,justificar obligacion trabajar,justifica obligacion trabajar,[],[],[],[],0,0,0,0,No se justifica nada... es su obligación trabajar...,52,30,8,3,True,False,Qué rico come tu diputado,UCE4rsXcgDb6e1-a9iTbWzfg,Quorum,/@quorumgt,/@quorumgt,News & Politics,Quorum GT,topic,11775,2024-08-27T14:09:51-07:00,2024-08-27 21:09:51+00:00,[],[],"En @ConCriteriogt hablaron hoy sobre nuestro reportaje ""Qué rico come tu diputado"", en el que contamos los almuerzos más caros pagados con fondos públicos entre enero y abril de este año.

Entrevistaron al diputado Nery Rodas, de CABAL, quien asegura que son problemas ""mínimos"".

Si no has leído el repor podés hacerlo acá https://quorum.gt/poder/comida_diputados/",0,https://www.youtube.com/watch?v=n8iP75gIpmw
n8iP75gIpmw,UgwpY9PE_PBfwa2_g_N4AaABAg,Qué rico come tu diputado,Quorum,UCE4rsXcgDb6e1-a9iTbWzfg,@marioajset4283,UC3XTwHxygNCgjndsg-UiCQA,"Repito como siempre, cuantas horas hombre de trabajo se pagan por el cansancio y fatiga del pueblo que hacen productivo al país y que generan renta gravada para los contribuyentes, solo para que estos infelices se den estos gustos.",@quorumgt/videos,channel,quorum_complete_comments.csv | youtube_guatemala_plus_comments.csv,/@marioajset4283,hace 2 años,1,0,False,,@marioajset4283,Quorum,Qué rico come tu diputado,@quorumgt/videos,channel,@marioajset4283,@marioajset4283,1.0,False,1,0,False,False,hace 2 años,1 - 2 anos,730.5,"Repito como siempre, cuantas horas hombre de trabajo se pagan por el cansancio y fatiga del pueblo que hacen productivo al país y que generan renta gravada para los contribuyentes, solo para que estos infelices se den estos gustos.",repito hora hombre trabajo pagar cansancio fatigar pueblo productivo generar renta gravado contribuyente infeliz gusto,repito horas hombre trabajo pagan cansancio fatiga pueblo productivo generan renta gravada contribuyentes infelices den gustos,[],[],[],[],0,0,0,0,"Repito como siempre, cuantas horas hombre de trabajo se pagan por el cansancio y fatiga del pueblo que hacen productivo al país y que generan renta gravada para los contribuyentes, solo para que estos infelices se den estos gustos.",231,118,39,15,True,False,Qué rico come tu diputado,UCE4rsXcgDb6e1-a9iTbWzfg,Quorum,/@quorumgt,/@quorumgt,News & Politics,Quorum GT,topic,11775,2024-08-27T14:09:51-07:00,2024-08-27 21:09:51+00:00,[],[],"En @ConCriteriogt hablaron hoy sobre nuestro reportaje ""Qué rico come tu diputado"", en el que contamos los almuerzos más caros pagados con fondos públicos entre enero y abril de este año.

Entrevistaron al diputado Nery Rodas, de CABAL, quien asegura que son problemas ""mínimos"".

Si no has leído el repor podés hacerlo acá https://quorum.gt/poder/comida_diputados/",0,https://www.youtube.com/watch?v=n8iP75gIpmw
j43HgwYFKfk,Ugwqsca_nj4eGguiyTJ4AaABAg,La cooptación de Walter Mazariegos en la USAC,Quorum,UCE4rsXcgDb6e1-a9iTbWzfg,@marlenareano-h4t,UCgQw_Sbq3ugruDUKsq1e0-A,"buen reportaje, tristeza da q la USAC este coptada por esos corruptos.",@quorumgt,topic,j43HgwYFKfk_out_comments.csv | quorum_complete_comments.csv | youtube_guatemala_plus_comments.csv,/@marlenareano-h4t,hace 6 meses, ,0,False,,@marlenareano-h4t,Quorum,La cooptación de Walter Mazariegos en la USAC,@quorumgt,topic,@marlenareano-h4t,@marlenareano-h4t,,True,0,0,False,False,hace 6 meses,1 mes - 1 ano,182.64,"buen reportaje, tristeza da q la USAC este coptada por esos corruptos.",reportaje tristeza usac coptado corrupto,reportaje tristeza usac coptada corruptos,[],[],[],[],0,0,0,0,"buen reportaje, tristeza da q la USAC este coptada por esos corruptos.",70,40,12,5,True,False,La cooptación de Walter Mazariegos en la USAC,UCE4rsXcgDb6e1-a9iTbWzfg,Quorum,/@quorumgt,/@quorumgt,News & Politics,@quorumgt,topic,10156,2024-09-26T15:00:17-07:00,2024-09-26 22:00:17+00:00,"[""USAC"", ""Walter Mazariegos"", ""Mazariegos rector"", ""Fraude USAC"", ""Elecciones USAC"", ""Toma USAC"", ""CSU USAC"", ""Quorum GT"", ""Periodismo Guatemala"", ""Luis Cordón USAC""]","[""USAC"", ""Walter Mazariegos"", ""Mazariegos rector"", ""Fraude USAC"", ""Elecciones USAC"", ""Toma USAC"", ""CSU USAC"", ""Quorum GT"", ""Periodismo Guatemala"", ""Luis Cordón USAC""]","🚨El rector de facto de la #USAC, Walter Mazariegos, tiene una alianza que le permite controlar un presupuesto millonario, quitar a sus opositores del camino y colocar a sus allegados en puestos importantes. Más de la mitad de sus cómplices en el Consejo Superior Universitario (CSU) se han prolongado en el poder y no tienen la intención de soltarlo.

👁️ Aunque las cosas podrían cambiar…

Ayudanos compartiendo, comentando y dándole like a este video.

🔍 También podés leer el reportaje completo en este link👉🏻 https://quorum.gt/poder/captura/usac/mazariegos_csu/

📲 Seguí a Quorum en todas las redes para ver más contenido interesante de #Guatemala.

⚫️ X: https://twitter.com/QuorumGT
🟣 Instagram: https://www.instagram.com/holaquorum?igsh=a2l2MHp6dXA5aGg4
🟠 TikTok:https://www.tiktok.com/@quorumgt?_t=8q3C9YsmOiT&_r=1
🔵 Facebook: https://www.facebook.com/QuorumGT?mibextid=LQQJ4d
🟢 Canal de WhatsApp: https://whatsapp.com/channel/0029Va8IZV65PO0ul2cBdD0l",10,https://www.youtube.com/watch?v=j43HgwYFKfk
n8iP75gIpmw,UgwrIvqGid-S983oU9J4AaABAg,Qué rico come tu diputado,Quorum,UCE4rsXcgDb6e1-a9iTbWzfg,@raquelprado3643,UCL13XhnRzbGokEkCkEOb0-g,Por querer justificarse le sacaron a luz sus artadas a costillas del pobre pueblo de Guatemala,@quorumgt/videos,channel,quorum_complete_comments.csv | youtube_guatemala_plus_comments.csv,/@raquelprado3643,hace 2 años,1,0,False,,@raquelprado3643,Quorum,Qué rico come tu diputado,@quorumgt/videos,channel,@raquelprado3643,@raquelprado3643,1.0,False,1,0,False,False,hace 2 años,1 - 2 anos,730.5,Por querer justificarse le sacaron a luz sus artadas a costillas del pobre pueblo de Guatemala,querer justificar el sacar luz artada costilla pobre pueblo guatemala,querer justificarse sacaron luz artadas costillas pobre pueblo guatemala,[],[],[],[],0,0,0,0,Por querer justificarse le sacaron a luz sus artadas a costillas del pobre pueblo de Guatemala,94,69,16,10,True,False,Qué rico come tu diputado,UCE4rsXcgDb6e1-a9iTbWzfg,Quorum,/@quorumgt,/@quorumgt,News & Politics,Quorum GT,topic,11775,2024-08-27T14:09:51-07:00,2024-08-27 21:09:51+00:00,[],[],"En @ConCriteriogt hablaron hoy sobre nuestro reportaje ""Qué rico come tu diputado"", en el que contamos los almuerzos más caros pagados con fondos públicos entre enero y abril de este año.

Entrevistaron al diputado Nery Rodas, de CABAL, quien asegura que son problemas ""mínimos"".

Si no has leído el repor podés hacerlo acá https://quorum.gt/poder/comida_diputados/",0,https://www.youtube.com/watch?v=n8iP75gIpmw
n8iP75gIpmw,UgwsCWap2Jq1pNrLOWl4AaABAg,Qué rico come tu diputado,Quorum,UCE4rsXcgDb6e1-a9iTbWzfg,@MacarioMartinezruiz,UCQtSFINs1h6GHkpg9o5kMvg,Lo felicito  periodista de alto valor por decirle la verdad al diputado Rodas,@quorumgt/videos,channel,quorum_complete_comments.csv | youtube_guatemala_plus_comments.csv,/@MacarioMartinezruiz,hace 2 años,12,0,False,,@MacarioMartinezruiz,Quorum,Qué rico come tu diputado,@quorumgt/videos,channel,@MacarioMartinezruiz,@macariomartinezruiz,12.0,False,12,0,False,False,hace 2 años,1 - 2 anos,730.5,Lo felicito  periodista de alto valor por decirle la verdad al diputado Rodas,felicito periodista alto valor decir el diputado roda,felicito periodista alto valor decirle diputado rodas,[],[],[],[],0,0,0,0,Lo felicito periodista de alto valor por decirle la verdad al diputado Rodas,77,53,13,8,True,False,Qué rico come tu diputado,UCE4rsXcgDb6e1-a9iTbWzfg,Quorum,/@quorumgt,/@quorumgt,News & Politics,Quorum GT,topic,11775,2024-08-27T14:09:51-07:00,2024-08-27 21:09:51+00:00,[],[],"En @ConCriteriogt hablaron hoy sobre nuestro reportaje ""Qué rico come tu diputado"", en el que contamos los almuerzos más caros pagados con fondos públicos entre enero y abril de este año.

Entrevistaron al diputado Nery Rodas, de CABAL, quien asegura que son problemas ""mínimos"".

Si no has leído el repor podés hacerlo acá https://quorum.gt/poder/comida_diputados/",0,https://www.youtube.com/watch?v=n8iP75gIpmw
06mFNPU0aB8,UgwtcR5U0FAkeZsiVVt4AaABAg,Capturan a presuntos delincuentes disfrazados de mujer señalados de cometer asalto,Noti7,UCVpSRoZgngfSL03Nlbjtq9A,@juliohernandez7438,UC2ngpd8UBQu4gcUYy0goAtg,Metanlos a la carcel y como se bisten de mujer que les echen chuso por maricones,guatemala noticias,topic,youtube_guatemala_comments.csv | youtube_guatemala_plus_comments.csv,/@juliohernandez7438,hace 2 semanas, ,0,False,,@juliohernandez7438,Noti7,Capturan a presuntos delincuentes disfrazados de mujer señalados de cometer asalto,guatemala noticias,topic,@juliohernandez7438,@juliohernandez7438,,True,0,0,False,False,hace 2 semanas,1 sem - 1 mes,14.0,Metanlos a la carcel y como se bisten de mujer que les echen chuso por maricones,metanlo carcel bistar mujer echar chuso maricon,metanlos carcel bisten mujer echen chuso maricones,[],[],[],[],0,0,0,0,Metanlos a la carcel y como se bisten de mujer que les echen chuso por maricones,80,47,16,7,True,False,Capturan a presuntos delincuentes disfrazados de mujer señalados de cometer asalto,UCVpSRoZgngfSL03Nlbjtq9A,Noti7,/@Noti7Guatemala,/@Noti7Guatemala,News & Politics,guatemala noticias,topic,6692,2026-08-13T22:00:12-07:00,2026-08-14 05:00:12+00:00,"[""Actualidad"", ""Asaltantes disfrazados"", ""Capturados Escuintla"", ""Guatemala"", ""Noti7"", ""Noticias"", ""PNC"", ""Televisiete"", ""información"", ""noticias"", ""capturas""]","[""Actualidad"", ""Asaltantes disfrazados"", ""Capturados Escuintla"", ""Guatemala"", ""Noti7"", ""Noticias"", ""PNC"", ""Televisiete"", ""información"", ""noticias"", ""capturas""]",La rápida acción policial frustró el plan de los sujetos que usaron minifaldas para huir.,11,https://www.youtube.com/watch?v=06mFNPU0aB8
PjmxCj-a9Hg,Ugwvm2HYh08HI1HkcXV4AaABAg,Conferencia de Prensa del Gobierno de Guatemala. #LaRondaGt,Gobierno de la República de Guatemala,UC-ZtFBHzgkYFh7whZkuR_Ag,@Burgos68,UC7IMsCxfZyWN7YQo8-JYa6Q,"Muchísimas gracias Sr. y excelentísimo Presidente Constitucional de la República de Guatemala,  por trabajar enormemente por todos los ciudadanos y también por unir sus esfuerzos con el Gobierno de los Estados Unidos Mexicanos,  porque el Turismo va hacer el mejor puente para incrementar la economía de todas aquellas personas al rededor del mundo, que quieran conocer más de esta cultura Maya compartida y la cual nos hace sentirnos hermanos con ese gran país. MÉXICO Y GUATEMALA UNIDOS POR SIEMPRE 💕",@GobiernodeGuatemala,topic,PjmxCj-a9Hg_out_comments.csv | youtube_guatemala_plus_comments.csv,/@Burgos68,hace 1 año (editado),1,0,False,,@Burgos68,Gobierno de la República de Guatemala,Conferencia de Prensa del Gobierno de Guatemala. #LaRondaGt,@GobiernodeGuatemala,topic,@Burgos68,@burgos68,1.0,False,1,0,False,True,hace 1 año,1 mes - 1 ano,365.25,"Muchísimas gracias Sr. y excelentísimo Presidente Constitucional de la República de Guatemala,  por trabajar enormemente por todos los ciudadanos y también por unir sus esfuerzos con el Gobierno de los Estados Unidos Mexicanos,  porque el Turismo va hacer el mejor puente para incrementar la economía de todas aquellas personas al rededor del mundo, que quieran conocer más de esta cultura Maya compartida y la cual nos hace sentirnos hermanos con ese gran país. MÉXICO Y GUATEMALA UNIDOS POR SIEMPRE 💕",muchisima excelentisimo presidente constitucional republico guatemala trabajar enormemente ciudadano unir esfuerzo gobierno unido mexicano turismo puente incrementar economia persona rededor mundo querer cultura maya compartido sentir yo hermano mexico guatemala unidos,muchisimas excelentisimo presidente constitucional republica guatemala trabajar enormemente ciudadanos unir esfuerzos gobierno unidos mexicanos turismo puente incrementar economia personas rededor mundo quieran cultura maya compartida sentirnos hermanos mexico guatemala unidos,[],[],[],"[""💕""]",0,0,0,1,"Muchísimas gracias Sr. y excelentísimo Presidente Constitucional de la República de Guatemala, por trabajar enormemente por todos los ciudadanos y también por unir sus esfuerzos con el Gobierno de los Estados Unidos Mexicanos, porque el Turismo va hacer el mejor puente para incrementar la economía de todas aquellas personas al rededor del mundo, que quieran conocer más de esta cultura Maya compartida y la cual nos hace sentirnos hermanos con ese gran país. MÉXICO Y GUATEMALA UNIDOS POR SIEMPRE emoji dos corazones emoji",502,269,80,31,True,False,Conferencia de Prensa del Gobierno de Guatemala. #LaRondaGt,UC-ZtFBHzgkYFh7whZkuR_Ag,Gobierno de la República de Guatemala,/@GobiernodelaRepublicadeGuatema,/@GobiernodelaRepublicadeGuatema,Entertainment,@GobiernodeGuatemala,topic,3628,2025-08-11T20:14:15-07:00,2025-08-12 03:14:15+00:00,[],[],Conferencia de Prensa del Gobierno de Guatemala. #LaRondaGt,0,https://www.youtube.com/watch?v=PjmxCj-a9Hg
n8iP75gIpmw,UgwvvK1L0aLOhCMUzfN4AaABAg,Qué rico come tu diputado,Quorum,UCE4rsXcgDb6e1-a9iTbWzfg,@GilmarMaldonado-q9m,UCzSfZlOVxBSs5ObD25ywxDQ,Y haci vienen corriéndo para que él pueblo voté por ustedes no piensan en él pueblo que está sufriendo por un sueldo minusioso partida de ladrones corruptos hijos de la fiscal nietos de giamatey hijastros de Miguel Martínez sinó gana en el congreso renuncien también aprueben la ley para sacar ala fiscal aganlo,@quorumgt/videos,channel,quorum_complete_comments.csv | youtube_guatemala_plus_comments.csv,/@GilmarMaldonado-q9m,hace 2 años, ,0,False,,@GilmarMaldonado-q9m,Quorum,Qué rico come tu diputado,@quorumgt/videos,channel,@GilmarMaldonado-q9m,@gilmarmaldonado-q9m,,True,0,0,False,False,hace 2 años,1 - 2 anos,730.5,Y haci vienen corriéndo para que él pueblo voté por ustedes no piensan en él pueblo que está sufriendo por un sueldo minusioso partida de ladrones corruptos hijos de la fiscal nietos de giamatey hijastros de Miguel Martínez sinó gana en el congreso renuncien también aprueben la ley para sacar ala fiscal aganlo,haci venir correr pueblo vote pensar pueblo sufrir sueldo minusioso partida ladron corrupto hijo fiscal nieto giamatey hijastros miguel martinez ganar congreso renuncien apruebir ley sacar ala fiscal aganlo,haci vienen corriendo pueblo vote piensan pueblo sufriendo sueldo minusioso partida ladrones corruptos hijos fiscal nietos giamatey hijastros miguel martinez gana congreso renuncien aprueben ley sacar ala fiscal aganlo,[],[],[],[],0,0,0,0,Y haci vienen corriéndo para que él pueblo voté por ustedes no piensan en él pueblo que está sufriendo por un sueldo minusioso partida de ladrones corruptos hijos de la fiscal nietos de giamatey hijastros de Miguel Martínez sinó gana en el congreso renuncien también aprueben la ley para sacar ala fiscal aganlo,311,206,53,29,True,False,Qué rico come tu diputado,UCE4rsXcgDb6e1-a9iTbWzfg,Quorum,/@quorumgt,/@quorumgt,News & Politics,Quorum GT,topic,11775,2024-08-27T14:09:51-07:00,2024-08-27 21:09:51+00:00,[],[],"En @ConCriteriogt hablaron hoy sobre nuestro reportaje ""Qué rico come tu diputado"", en el que contamos los almuerzos más caros pagados con fondos públicos entre enero y abril de este año.

Entrevistaron al diputado Nery Rodas, de CABAL, quien asegura que son problemas ""mínimos"".

Si no has leído el repor podés hacerlo acá https://quorum.gt/poder/comida_diputados/",0,https://www.youtube.com/watch?v=n8iP75gIpmw
n8iP75gIpmw,UgwwH4OIcVCCN6SbBX14AaABAg,Qué rico come tu diputado,Quorum,UCE4rsXcgDb6e1-a9iTbWzfg,@kanterra4584,UCLFdHr9BEbXHkoJopbEPLZw,"Deberían ir a comer al mercado central les queda cerca, llegan a pie y contribuyen con la pequeña empresa.
Ir a donde van y pagar con dinero de los tributos es lujurioso e insulta al pueblo soberano.",@quorumgt/videos,channel,quorum_complete_comments.csv | youtube_guatemala_plus_comments.csv,/@kanterra4584,hace 2 años,13,0,False,,@kanterra4584,Quorum,Qué rico come tu diputado,@quorumgt/videos,channel,@kanterra4584,@kanterra4584,13.0,False,13,0,False,False,hace 2 años,1 - 2 anos,730.5,"Deberían ir a comer al mercado central les queda cerca, llegan a pie y contribuyen con la pequeña empresa.
Ir a donde van y pagar con dinero de los tributos es lujurioso e insulta al pueblo soberano.",deberiar comer mercado central quedar cerca llegar pie contribuir pequen empresa pagar dinero tributo lujurioso insulta pueblo soberano,deberian comer mercado central queda cerca llegan pie contribuyen pequena empresa pagar dinero tributos lujurioso insulta pueblo soberano,[],[],[],[],0,0,0,0,"Deberían ir a comer al mercado central les queda cerca, llegan a pie y contribuyen con la pequeña empresa. Ir a donde van y pagar con dinero de los tributos es lujurioso e insulta al pueblo soberano.",199,135,37,18,True,False,Qué rico come tu diputado,UCE4rsXcgDb6e1-a9iTbWzfg,Quorum,/@quorumgt,/@quorumgt,News & Politics,Quorum GT,topic,11775,2024-08-27T14:09:51-07:00,2024-08-27 21:09:51+00:00,[],[],"En @ConCriteriogt hablaron hoy sobre nuestro reportaje ""Qué rico come tu diputado"", en el que contamos los almuerzos más caros pagados con fondos públicos entre enero y abril de este año.

Entrevistaron al diputado Nery Rodas, de CABAL, quien asegura que son problemas ""mínimos"".

Si no has leído el repor podés hacerlo acá https://quorum.gt/poder/comida_diputados/",0,https://www.youtube.com/watch?v=n8iP75gIpmw
n8iP75gIpmw,UgwwKfLmhHVU-Oxzqtl4AaABAg,Qué rico come tu diputado,Quorum,UCE4rsXcgDb6e1-a9iTbWzfg,@vanigomez492,UCNkcuy42zEwddwEcOd_HpnA,"No justifico lo del diputado, pero quisiera ver una entrevista similar en la administración anterior, ahí no! Porq tambien a los d con criterio les salpicaba la corrupción",@quorumgt/videos,channel,quorum_complete_comments.csv | youtube_guatemala_plus_comments.csv,/@vanigomez492,hace 2 años,3,0,False,,@vanigomez492,Quorum,Qué rico come tu diputado,@quorumgt/videos,channel,@vanigomez492,@vanigomez492,3.0,False,3,0,False,False,hace 2 años,1 - 2 anos,730.5,"No justifico lo del diputado, pero quisiera ver una entrevista similar en la administración anterior, ahí no! Porq tambien a los d con criterio les salpicaba la corrupción",justifico diputado querer entrevista similar administracion porq criterio salpicar corrupcion,justifico diputado quisiera entrevista similar administracion porq criterio salpicaba corrupcion,[],[],[],[],0,0,0,0,"No justifico lo del diputado, pero quisiera ver una entrevista similar en la administración anterior, ahí no! Porq tambien a los d con criterio les salpicaba la corrupción",171,93,28,10,True,False,Qué rico come tu diputado,UCE4rsXcgDb6e1-a9iTbWzfg,Quorum,/@quorumgt,/@quorumgt,News & Politics,Quorum GT,topic,11775,2024-08-27T14:09:51-07:00,2024-08-27 21:09:51+00:00,[],[],"En @ConCriteriogt hablaron hoy sobre nuestro reportaje ""Qué rico come tu diputado"", en el que contamos los almuerzos más caros pagados con fondos públicos entre enero y abril de este año.

Entrevistaron al diputado Nery Rodas, de CABAL, quien asegura que son problemas ""mínimos"".

Si no has leído el repor podés hacerlo acá https://quorum.gt/poder/comida_diputados/",0,https://www.youtube.com/watch?v=n8iP75gIpmw
ndAZjHqzzT8,UgwwPrhCy2levkb6TRd4AaABAg,Internet: escoger el menos malo,Quorum,UCE4rsXcgDb6e1-a9iTbWzfg,@ULJoshmg2011,UCJp3OrVYcBorC94sKwdch_A,"Otro detalle muy interesante es para la mayoría que usamos líneas prepago; hay muchos abusos por parte de las empresas, una de ellas por ejemplo te roba el saldo cuando haces una recarga sin haberte asignado ningún paquete; aluden a que sino te asignas un paquete el consumo del saldo corre si usas internet; una recarga de Q100 se consume en 5 min.  Esto no está regulado  la verdad en Guate; la otra compañía es más legal en esto; almenos no te permite navegar sino has asignado paquete. El monopolio nunca será nada bueno, en mi caso opté por quitar cable y servicios asociados tuve demasiados abusos, cobros anticipados,  costos  muy altos y final quedas indefenso. Solo opté por un prepago para Internet lo mínimo necesario, para poder ver YouTube. No consumimos nada más, dejamos de ver TV desde la pandemia, es mejor leer y escuchar la radio, no hay que darles gusto a estas empresas que abusan y roban.  Los que puedan tener internet satelital los felicito es mejor que la corrupcion de las dos empresas  actuales.",@quorumgt/videos,channel,quorum_complete_comments.csv | youtube_guatemala_plus_comments.csv,/@ULJoshmg2011,hace 1 año, ,0,False,,@ULJoshmg2011,Quorum,Internet: escoger el menos malo,@quorumgt/videos,channel,@ULJoshmg2011,@uljoshmg2011,,True,0,0,False,False,hace 1 año,1 mes - 1 ano,365.25,"Otro detalle muy interesante es para la mayoría que usamos líneas prepago; hay muchos abusos por parte de las empresas, una de ellas por ejemplo te roba el saldo cuando haces una recarga sin haberte asignado ningún paquete; aluden a que sino te asignas un paquete el consumo del saldo corre si usas internet; una recarga de Q100 se consume en 5 min.  Esto no está regulado  la verdad en Guate; la otra compañía es más legal en esto; almenos no te permite navegar sino has asignado paquete. El monopolio nunca será nada bueno, en mi caso opté por quitar cable y servicios asociados tuve demasiados abusos, cobros anticipados,  costos  muy altos y final quedas indefenso. Solo opté por un prepago para Internet lo mínimo necesario, para poder ver YouTube. No consumimos nada más, dejamos de ver TV desde la pandemia, es mejor leer y escuchar la radio, no hay que darles gusto a estas empresas que abusan y roban.  Los que puedan tener internet satelital los felicito es mejor que la corrupcion de las dos empresas  actuales.",detalle interesante mayoria line prepago abuso empresa ejemplo robar saldo recargar haberte asignado paquete aludir asigna paquete consumo saldo correr internet recargar q100 consumir min regulado guate compania legal almeno permitir navegar asignado paquete monopolio caso opte quitar cable servicio asociado abuso cobro anticipado costo alto queda indefenso opte prepago internet minimo necesario youtube consumir dejar pandemia leer escuchar radio dar el gusto empresa abusan ror internet satelital felicito corrupcion empresa actual,detalle interesante mayoria lineas prepago abusos empresas ejemplo roba saldo recarga haberte asignado paquete aluden asignas paquete consumo saldo corre internet recarga q100 consume min regulado guate compania legal almenos permite navegar asignado paquete monopolio caso opte quitar cable servicios asociados demasiados abusos cobros anticipados costos altos quedas indefenso opte prepago internet minimo necesario youtube consumimos dejamos pandemia leer escuchar radio darles gusto empresas abusan roban puedan internet satelital felicito corrupcion empresas actuales,[],[],[],[],0,0,0,0,"Otro detalle muy interesante es para la mayoría que usamos líneas prepago; hay muchos abusos por parte de las empresas, una de ellas por ejemplo te roba el saldo cuando haces una recarga sin haberte asignado ningún paquete; aluden a que sino te asignas un paquete el consumo del saldo corre si usas internet; una recarga de Q100 se consume en 5 min. Esto no está regulado la verdad en Guate; la otra compañía es más legal en esto; almenos no te permite navegar sino has asignado paquete. El monopolio nunca será nada bueno, en mi caso opté por quitar cable y servicios asociados tuve demasiados abusos, cobros anticipados, costos muy altos y final quedas indefenso. Solo opté por un prepago para Internet lo mínimo necesario, para poder ver YouTube. No consumimos nada más, dejamos de ver TV desde la pandemia, es mejor leer y escuchar la radio, no hay que darles gusto a estas empresas que abusan y roban. Los que puedan tener internet satelital los felicito es mejor que la corrupcion de las dos empresas actuales.",1022,536,178,72,True,False,Internet: escoger el menos malo,UCE4rsXcgDb6e1-a9iTbWzfg,Quorum,/@quorumgt,/@quorumgt,News & Politics,@quorumgt/videos,channel,717,2024-05-16T18:15:07-07:00,2024-05-17 01:15:07+00:00,"[""economía"", ""principiantes"", ""ley de competencia"", ""duopolios"", ""guatemala"", ""tigo"", ""claro"", ""internet"", ""telefonía""]","[""economía"", ""principiantes"", ""ley de competencia"", ""duopolios"", ""guatemala"", ""tigo"", ""claro"", ""internet"", ""telefonía""]","📱Cuando vas a elegir un plan de internet o de llamadas te toca preguntarte ¿Cuál será el menos malo? o bien conformarte con la única de las dos compañías que tenga cobertura en tu zona.

💸 Hablamos de #LasMañasDelNegocio de las telecomunicaciones. Merecemos un buen servicio.",9,https://www.youtube.com/watch?v=ndAZjHqzzT8
is3Mk5oC19g,UgwxjmtBoAozs0ZUAcd4AaABAg,Capturan a ladrón que había quedado grabado mientras robaba en una parroquia de Retalhuleu,TN23 Guatemala,UCt5Dw7ePnn0AqPqRF8Xpjkw,@MarcosCarillo-b1r,UCdFlugHJJa4l3YqWuNRmvXw,Al que tienen que enjuiciar es al comparator por comparator obgwtos robados,guatemala noticias,topic,youtube_guatemala_comments.csv | youtube_guatemala_plus_comments.csv,/@MarcosCarillo-b1r,hace 1 día, ,1,False,,@MarcosCarillo-b1r,TN23 Guatemala,Capturan a ladrón que había quedado grabado mientras robaba en una parroquia de Retalhuleu,guatemala noticias,topic,@MarcosCarillo-b1r,@marcoscarillo-b1r,,True,0,1,False,False,hace 1 día,<1 semana,1.0,Al que tienen que enjuiciar es al comparator por comparator obgwtos robados,enjuiciar comparator comparator obgwto robado,enjuiciar comparator comparator obgwtos robados,[],[],[],[],0,0,0,0,Al que tienen que enjuiciar es al comparator por comparator obgwtos robados,75,45,12,5,True,False,Capturan a ladrón que había quedado grabado mientras robaba en una parroquia de Retalhuleu,UCt5Dw7ePnn0AqPqRF8Xpjkw,TN23 Guatemala,/@TN23TodoNoticias,/@TN23TodoNoticias,News & Politics,guatemala noticias,topic,4616,2026-08-30T21:30:18-07:00,2026-08-31 04:30:18+00:00,"[""TN23"", ""información"", ""noticias"", ""Guatemala"", ""capturas"", ""presunto ladrón de ventilador"", ""iglesia""]","[""TN23"", ""información"", ""noticias"", ""Guatemala"", ""capturas"", ""presunto ladrón de ventilador"", ""iglesia""]",,7,https://www.youtube.com/watch?v=is3Mk5oC19g
is3Mk5oC19g,UgwxjmtBoAozs0ZUAcd4AaABAg.AaAbqoGVGipAaAjNG9oPRN,Capturan a ladrón que había quedado grabado mientras robaba en una parroquia de Retalhuleu,TN23 Guatemala,UCt5Dw7ePnn0AqPqRF8Xpjkw,@JoelReynoso-d4r,UCLh1Kde4_vI1sTZBkTNP7RQ,que?,guatemala noticias,topic,youtube_guatemala_comments.csv | youtube_guatemala_plus_comments.csv,/@JoelReynoso-d4r,hace 1 día, ,0,False,,@JoelReynoso-d4r,TN23 Guatemala,Capturan a ladrón que había quedado grabado mientras robaba en una parroquia de Retalhuleu,guatemala noticias,topic,@JoelReynoso-d4r,@joelreynoso-d4r,,True,0,0,False,False,hace 1 día,<1 semana,1.0,que?,,,[],[],[],[],0,0,0,0,que?,4,0,1,0,True,True,Capturan a ladrón que había quedado grabado mientras robaba en una parroquia de Retalhuleu,UCt5Dw7ePnn0AqPqRF8Xpjkw,TN23 Guatemala,/@TN23TodoNoticias,/@TN23TodoNoticias,News & Politics,guatemala noticias,topic,4616,2026-08-30T21:30:18-07:00,2026-08-31 04:30:18+00:00,"[""TN23"", ""información"", ""noticias"", ""Guatemala"", ""capturas"", ""presunto ladrón de ventilador"", ""iglesia""]","[""TN23"", ""información"", ""noticias"", ""Guatemala"", ""capturas"", ""presunto ladrón de ventilador"", ""iglesia""]",,7,https://www.youtube.com/watch?v=is3Mk5oC19g
n8iP75gIpmw,UgwypjUeZBU45DrrW0d4AaABAg,Qué rico come tu diputado,Quorum,UCE4rsXcgDb6e1-a9iTbWzfg,@thelmamoran8565,UCThW2XNsAaBKme5PUt7n-Zg,Yo no entiendo por qué están ahorita con todas estas cosas por qué no lo hacían cuando estaban los corruptos Alvaro Arzú Alan Rodríguez. La señora está evangélica que acaba de salir no entiendo por qué no les decían eso a ellos porque tiene que ser hasta ahora es tonto,@quorumgt/videos,channel,quorum_complete_comments.csv | youtube_guatemala_plus_comments.csv,/@thelmamoran8565,hace 2 años, ,0,False,,@thelmamoran8565,Quorum,Qué rico come tu diputado,@quorumgt/videos,channel,@thelmamoran8565,@thelmamoran8565,,True,0,0,False,False,hace 2 años,1 - 2 anos,730.5,Yo no entiendo por qué están ahorita con todas estas cosas por qué no lo hacían cuando estaban los corruptos Alvaro Arzú Alan Rodríguez. La señora está evangélica que acaba de salir no entiendo por qué no les decían eso a ellos porque tiene que ser hasta ahora es tonto,entender ahorito haciar corrupto alvaro arzu alan rodriguez senoro evangelico acabar salir enteir decian tonto,entiendo ahorita hacian corruptos alvaro arzu alan rodriguez senora evangelica acaba salir entiendo decian tonto,[],[],[],[],0,0,0,0,Yo no entiendo por qué están ahorita con todas estas cosas por qué no lo hacían cuando estaban los corruptos Alvaro Arzú Alan Rodríguez. La señora está evangélica que acaba de salir no entiendo por qué no les decían eso a ellos porque tiene que ser hasta ahora es tonto,269,110,50,15,True,False,Qué rico come tu diputado,UCE4rsXcgDb6e1-a9iTbWzfg,Quorum,/@quorumgt,/@quorumgt,News & Politics,Quorum GT,topic,11775,2024-08-27T14:09:51-07:00,2024-08-27 21:09:51+00:00,[],[],"En @ConCriteriogt hablaron hoy sobre nuestro reportaje ""Qué rico come tu diputado"", en el que contamos los almuerzos más caros pagados con fondos públicos entre enero y abril de este año.

Entrevistaron al diputado Nery Rodas, de CABAL, quien asegura que son problemas ""mínimos"".

Si no has leído el repor podés hacerlo acá https://quorum.gt/poder/comida_diputados/",0,https://www.youtube.com/watch?v=n8iP75gIpmw
n8iP75gIpmw,Ugwz_6qtdDTbTWEUQQ94AaABAg,Qué rico come tu diputado,Quorum,UCE4rsXcgDb6e1-a9iTbWzfg,@maxwellsales885,UC6YSZqL0vEcI-niPKIMUGfw,"Ni el mismo lo cree, estos son sinverguenzas y se pasan de pija, cómo se sentirá la familia tener a alguien mañoso, mafioso, sin vergüenza como marido y como padre, es triste",@quorumgt/videos,channel,quorum_complete_comments.csv | youtube_guatemala_plus_comments.csv,/@maxwellsales885,hace 2 años,2,0,False,,@maxwellsales885,Quorum,Qué rico come tu diputado,@quorumgt/videos,channel,@maxwellsales885,@maxwellsales885,2.0,False,2,0,False,False,hace 2 años,1 - 2 anos,730.5,"Ni el mismo lo cree, estos son sinverguenzas y se pasan de pija, cómo se sentirá la familia tener a alguien mañoso, mafioso, sin vergüenza como marido y como padre, es triste",creer sinverguenza pasar pijo sentira familio alguien manoso mafioso verguenza marido padre triste,cree sinverguenzas pasan pija sentira familia alguien manoso mafioso verguenza marido padre triste,[],[],[],[],0,0,0,0,"Ni el mismo lo cree, estos son sinverguenzas y se pasan de pija, cómo se sentirá la familia tener a alguien mañoso, mafioso, sin vergüenza como marido y como padre, es triste",174,98,32,13,True,False,Qué rico come tu diputado,UCE4rsXcgDb6e1-a9iTbWzfg,Quorum,/@quorumgt,/@quorumgt,News & Politics,Quorum GT,topic,11775,2024-08-27T14:09:51-07:00,2024-08-27 21:09:51+00:00,[],[],"En @ConCriteriogt hablaron hoy sobre nuestro reportaje ""Qué rico come tu diputado"", en el que contamos los almuerzos más caros pagados con fondos públicos entre enero y abril de este año.

Entrevistaron al diputado Nery Rodas, de CABAL, quien asegura que son problemas ""mínimos"".

Si no has leído el repor podés hacerlo acá https://quorum.gt/poder/comida_diputados/",0,https://www.youtube.com/watch?v=n8iP75gIpmw
n8iP75gIpmw,Ugx-G2kCu5aSwh3IR5l4AaABAg,Qué rico come tu diputado,Quorum,UCE4rsXcgDb6e1-a9iTbWzfg,@LE_A22,UCNBnKqWf4d-rS4HwJRQljmQ,"Y CUANDO VAN HABLAR DE LOS GASTOS DEL PRESIDENTE? La carne la bomba de la piscina los salarios exagerados,los aumentos incluso el nepotismo? ó a él no? De él no se puede hablar? Los regañan?",@quorumgt/videos,channel,quorum_complete_comments.csv | youtube_guatemala_plus_comments.csv,/@LE_A22,hace 2 años,1,0,False,,@LE_A22,Quorum,Qué rico come tu diputado,@quorumgt/videos,channel,@LE_A22,@le_a22,1.0,False,1,0,False,False,hace 2 años,1 - 2 anos,730.5,"Y CUANDO VAN HABLAR DE LOS GASTOS DEL PRESIDENTE? La carne la bomba de la piscina los salarios exagerados,los aumentos incluso el nepotismo? ó a él no? De él no se puede hablar? Los regañan?",hablar gasto presidente carnir bomba piscinar salario exagerado aumento nepotismo hablar reganar,hablar gastos presidente carne bomba piscina salarios exagerados aumentos nepotismo hablar reganan,[],[],[],[],0,0,0,0,"Y CUANDO VAN HABLAR DE LOS GASTOS DEL PRESIDENTE? La carne la bomba de la piscina los salarios exagerados,los aumentos incluso el nepotismo? ó a él no? De él no se puede hablar? Los regañan?",190,96,35,12,True,False,Qué rico come tu diputado,UCE4rsXcgDb6e1-a9iTbWzfg,Quorum,/@quorumgt,/@quorumgt,News & Politics,Quorum GT,topic,11775,2024-08-27T14:09:51-07:00,2024-08-27 21:09:51+00:00,[],[],"En @ConCriteriogt hablaron hoy sobre nuestro reportaje ""Qué rico come tu diputado"", en el que contamos los almuerzos más caros pagados con fondos públicos entre enero y abril de este año.

Entrevistaron al diputado Nery Rodas, de CABAL, quien asegura que son problemas ""mínimos"".

Si no has leído el repor podés hacerlo acá https://quorum.gt/poder/comida_diputados/",0,https://www.youtube.com/watch?v=n8iP75gIpmw
06mFNPU0aB8,Ugx-cQ3Wf3whk_hssDR4AaABAg,Capturan a presuntos delincuentes disfrazados de mujer señalados de cometer asalto,Noti7,UCVpSRoZgngfSL03Nlbjtq9A,@elsalvador3605,UCO0zwwLWGyDgQmWPJ5Qrr1w,Por qué siempre tapan la cara de los delincuentes,guatemala noticias,topic,youtube_guatemala_comments.csv | youtube_guatemala_plus_comments.csv,/@elsalvador3605,hace 2 semanas,3,0,False,,@elsalvador3605,Noti7,Capturan a presuntos delincuentes disfrazados de mujer señalados de cometer asalto,guatemala noticias,topic,@elsalvador3605,@elsalvador3605,3.0,False,3,0,False,False,hace 2 semanas,1 sem - 1 mes,14.0,Por qué siempre tapan la cara de los delincuentes,tapar cara delincuente,tapan cara delincuentes,[],[],[],[],0,0,0,0,Por qué siempre tapan la cara de los delincuentes,49,22,9,3,True,False,Capturan a presuntos delincuentes disfrazados de mujer señalados de cometer asalto,UCVpSRoZgngfSL03Nlbjtq9A,Noti7,/@Noti7Guatemala,/@Noti7Guatemala,News & Politics,guatemala noticias,topic,6692,2026-08-13T22:00:12-07:00,2026-08-14 05:00:12+00:00,"[""Actualidad"", ""Asaltantes disfrazados"", ""Capturados Escuintla"", ""Guatemala"", ""Noti7"", ""Noticias"", ""PNC"", ""Televisiete"", ""información"", ""noticias"", ""capturas""]","[""Actualidad"", ""Asaltantes disfrazados"", ""Capturados Escuintla"", ""Guatemala"", ""Noti7"", ""Noticias"", ""PNC"", ""Televisiete"", ""información"", ""noticias"", ""capturas""]",La rápida acción policial frustró el plan de los sujetos que usaron minifaldas para huir.,11,https://www.youtube.com/watch?v=06mFNPU0aB8
j43HgwYFKfk,Ugx-hH6Ysw9sdv3kHPN4AaABAg,La cooptación de Walter Mazariegos en la USAC,Quorum,UCE4rsXcgDb6e1-a9iTbWzfg,@Silviazea,UCwjUvRseNtJoItylIyIez7Q,¡Fuera esa basura de mazariegos!,@quorumgt/videos,channel,quorum_complete_comments.csv | youtube_guatemala_plus_comments.csv,/@Silviazea,hace 1 año, ,0,False,,@Silviazea,Quorum,La cooptación de Walter Mazariegos en la USAC,@quorumgt/videos,channel,@Silviazea,@silviazea,,True,0,0,False,False,hace 1 año,1 mes - 1 ano,365.25,¡Fuera esa basura de mazariegos!,basura mazariego,basura mazariegos,[],[],[],[],0,0,0,0,¡Fuera esa basura de mazariegos!,32,16,5,2,True,False,La cooptación de Walter Mazariegos en la USAC,UCE4rsXcgDb6e1-a9iTbWzfg,Quorum,/@quorumgt,/@quorumgt,News & Politics,@quorumgt,topic,10156,2024-09-26T15:00:17-07:00,2024-09-26 22:00:17+00:00,"[""USAC"", ""Walter Mazariegos"", ""Mazariegos rector"", ""Fraude USAC"", ""Elecciones USAC"", ""Toma USAC"", ""CSU USAC"", ""Quorum GT"", ""Periodismo Guatemala"", ""Luis Cordón USAC""]","[""USAC"", ""Walter Mazariegos"", ""Mazariegos rector"", ""Fraude USAC"", ""Elecciones USAC"", ""Toma USAC"", ""CSU USAC"", ""Quorum GT"", ""Periodismo Guatemala"", ""Luis Cordón USAC""]","🚨El rector de facto de la #USAC, Walter Mazariegos, tiene una alianza que le permite controlar un presupuesto millonario, quitar a sus opositores del camino y colocar a sus allegados en puestos importantes. Más de la mitad de sus cómplices en el Consejo Superior Universitario (CSU) se han prolongado en el poder y no tienen la intención de soltarlo.

👁️ Aunque las cosas podrían cambiar…

Ayudanos compartiendo, comentando y dándole like a este video.

🔍 También podés leer el reportaje completo en este link👉🏻 https://quorum.gt/poder/captura/usac/mazariegos_csu/

📲 Seguí a Quorum en todas las redes para ver más contenido interesante de #Guatemala.

⚫️ X: https://twitter.com/QuorumGT
🟣 Instagram: https://www.instagram.com/holaquorum?igsh=a2l2MHp6dXA5aGg4
🟠 TikTok:https://www.tiktok.com/@quorumgt?_t=8q3C9YsmOiT&_r=1
🔵 Facebook: https://www.facebook.com/QuorumGT?mibextid=LQQJ4d
🟢 Canal de WhatsApp: https://whatsapp.com/channel/0029Va8IZV65PO0ul2cBdD0l",10,https://www.youtube.com/watch?v=j43HgwYFKfk
n8iP75gIpmw,Ugx1reCoIQcnK3ii2GR4AaABAg,Qué rico come tu diputado,Quorum,UCE4rsXcgDb6e1-a9iTbWzfg,@SuperVictor2005,UCTwSut16JyAg3mX6LVUNGqA,"Que gasten todo lo que les pegue la regalada gana, siempre y cuando que lo paguen con su mismo sueldo o dinero como cualquier empleado público, lo que no es admisible es  que estas ratas solo se recetan estos mega gastos por un almuerzo, porque ellos mismos se los permiten.
Ya basta!!! Asi como estos diputados, PNC de la capital, entre otros empleados públicos selectos tengan privilegios de esta naturaleza, mientras que otros tienen que costear transporte, alimentación, internet, entre otras cosas con su propio sueldo o dinero.",@quorumgt/videos,channel,quorum_complete_comments.csv | youtube_guatemala_plus_comments.csv,/@SuperVictor2005,hace 2 años, ,0,False,,@SuperVictor2005,Quorum,Qué rico come tu diputado,@quorumgt/videos,channel,@SuperVictor2005,@supervictor2005,,True,0,0,False,False,hace 2 años,1 - 2 anos,730.5,"Que gasten todo lo que les pegue la regalada gana, siempre y cuando que lo paguen con su mismo sueldo o dinero como cualquier empleado público, lo que no es admisible es  que estas ratas solo se recetan estos mega gastos por un almuerzo, porque ellos mismos se los permiten.
Ya basta!!! Asi como estos diputados, PNC de la capital, entre otros empleados públicos selectos tengan privilegios de esta naturaleza, mientras que otros tienen que costear transporte, alimentación, internet, entre otras cosas con su propio sueldo o dinero.",gastar pegue regalado ganar pagar sueldo dinero empleado publico admisible rata recetar mega gasto almuerzo permitir bastar diputado pnc capital empleado publico selecto privilegio naturaleza costear transporte alimentacion internet sueldo dinero,gasten pegue regalada gana paguen sueldo dinero empleado publico admisible ratas recetan mega gastos almuerzo permiten basta diputados pnc capital empleados publicos selectos privilegios naturaleza costear transporte alimentacion internet sueldo dinero,[],[],[],[],0,0,0,0,"Que gasten todo lo que les pegue la regalada gana, siempre y cuando que lo paguen con su mismo sueldo o dinero como cualquier empleado público, lo que no es admisible es que estas ratas solo se recetan estos mega gastos por un almuerzo, porque ellos mismos se los permiten. Ya basta!!! Asi como estos diputados, PNC de la capital, entre otros empleados públicos selectos tengan privilegios de esta naturaleza, mientras que otros tienen que costear transporte, alimentación, internet, entre otras cosas con su propio sueldo o dinero.",533,246,88,31,True,False,Qué rico come tu diputado,UCE4rsXcgDb6e1-a9iTbWzfg,Quorum,/@quorumgt,/@quorumgt,News & Politics,Quorum GT,topic,11775,2024-08-27T14:09:51-07:00,2024-08-27 21:09:51+00:00,[],[],"En @ConCriteriogt hablaron hoy sobre nuestro reportaje ""Qué rico come tu diputado"", en el que contamos los almuerzos más caros pagados con fondos públicos entre enero y abril de este año.

Entrevistaron al diputado Nery Rodas, de CABAL, quien asegura que son problemas ""mínimos"".

Si no has leído el repor podés hacerlo acá https://quorum.gt/poder/comida_diputados/",0,https://www.youtube.com/watch?v=n8iP75gIpmw
n8iP75gIpmw,Ugx2ApaAMqe4ca4SCYx4AaABAg,Qué rico come tu diputado,Quorum,UCE4rsXcgDb6e1-a9iTbWzfg,@guillermogonzalez5153,UCLggDc_a5HriXv7I1h02sOA,"Hablemos de cosas relevantes,,,,y No de lo irrelevantes......jajajajaja",@quorumgt/videos,channel,quorum_complete_comments.csv | youtube_guatemala_plus_comments.csv,/@guillermogonzalez5153,hace 2 años,3,0,False,,@guillermogonzalez5153,Quorum,Qué rico come tu diputado,@quorumgt/videos,channel,@guillermogonzalez5153,@guillermogonzalez5153,3.0,False,3,0,False,False,hace 2 años,1 - 2 anos,730.5,"Hablemos de cosas relevantes,,,,y No de lo irrelevantes......jajajajaja",hablar relevante irrelevante jajajajajar,hablemos relevantes irrelevantes jajajajaja,[],[],[],[],0,0,0,0,"Hablemos de cosas relevantes,,,y No de lo irrelevantes...jaja",71,40,8,4,True,False,Qué rico come tu diputado,UCE4rsXcgDb6e1-a9iTbWzfg,Quorum,/@quorumgt,/@quorumgt,News & Politics,Quorum GT,topic,11775,2024-08-27T14:09:51-07:00,2024-08-27 21:09:51+00:00,[],[],"En @ConCriteriogt hablaron hoy sobre nuestro reportaje ""Qué rico come tu diputado"", en el que contamos los almuerzos más caros pagados con fondos públicos entre enero y abril de este año.

Entrevistaron al diputado Nery Rodas, de CABAL, quien asegura que son problemas ""mínimos"".

Si no has leído el repor podés hacerlo acá https://quorum.gt/poder/comida_diputados/",0,https://www.youtube.com/watch?v=n8iP75gIpmw
n8iP75gIpmw,Ugx2LwWBVc3mFGJAinB4AaABAg,Qué rico come tu diputado,Quorum,UCE4rsXcgDb6e1-a9iTbWzfg,@ManuelEdran,UC5H8ASmMC9WrURmzeB4ySog,Ya es calor...jejej,@quorumgt/videos,channel,quorum_complete_comments.csv | youtube_guatemala_plus_comments.csv,/@ManuelEdran,hace 2 años,2,0,False,,@ManuelEdran,Quorum,Qué rico come tu diputado,@quorumgt/videos,channel,@ManuelEdran,@manueledran,2.0,False,2,0,False,False,hace 2 años,1 - 2 anos,730.5,Ya es calor...jejej,calor jejej,calor jejej,[],[],[],[],0,0,0,0,Ya es calor...jejej,19,11,3,2,True,False,Qué rico come tu diputado,UCE4rsXcgDb6e1-a9iTbWzfg,Quorum,/@quorumgt,/@quorumgt,News & Politics,Quorum GT,topic,11775,2024-08-27T14:09:51-07:00,2024-08-27 21:09:51+00:00,[],[],"En @ConCriteriogt hablaron hoy sobre nuestro reportaje ""Qué rico come tu diputado"", en el que contamos los almuerzos más caros pagados con fondos públicos entre enero y abril de este año.

Entrevistaron al diputado Nery Rodas, de CABAL, quien asegura que son problemas ""mínimos"".

Si no has leído el repor podés hacerlo acá https://quorum.gt/poder/comida_diputados/",0,https://www.youtube.com/watch?v=n8iP75gIpmw
n8iP75gIpmw,Ugx2byJzZBZkDMQMUqV4AaABAg,Qué rico come tu diputado,Quorum,UCE4rsXcgDb6e1-a9iTbWzfg,@ricardofigueroa5720,UCwO2SXr0ggzwg6QWWrr01nQ,No se le cree nada a ese diputransa,@quorumgt/videos,channel,quorum_complete_comments.csv | youtube_guatemala_plus_comments.csv,/@ricardofigueroa5720,hace 2 años,11,0,False,,@ricardofigueroa5720,Quorum,Qué rico come tu diputado,@quorumgt/videos,channel,@ricardofigueroa5720,@ricardofigueroa5720,11.0,False,11,0,False,False,hace 2 años,1 - 2 anos,730.5,No se le cree nada a ese diputransa,creer diputransa,cree diputransa,[],[],[],[],0,0,0,0,No se le cree nada a ese diputransa,35,16,8,2,True,False,Qué rico come tu diputado,UCE4rsXcgDb6e1-a9iTbWzfg,Quorum,/@quorumgt,/@quorumgt,News & Politics,Quorum GT,topic,11775,2024-08-27T14:09:51-07:00,2024-08-27 21:09:51+00:00,[],[],"En @ConCriteriogt hablaron hoy sobre nuestro reportaje ""Qué rico come tu diputado"", en el que contamos los almuerzos más caros pagados con fondos públicos entre enero y abril de este año.

Entrevistaron al diputado Nery Rodas, de CABAL, quien asegura que son problemas ""mínimos"".

Si no has leído el repor podés hacerlo acá https://quorum.gt/poder/comida_diputados/",0,https://www.youtube.com/watch?v=n8iP75gIpmw
j43HgwYFKfk,Ugx3uDgmZQhx3Z3VOzt4AaABAg,La cooptación de Walter Mazariegos en la USAC,Quorum,UCE4rsXcgDb6e1-a9iTbWzfg,@ingenieroar,UC816IGbFCZinfYS1LRDaaHg,mapa de poder USAC,@quorumgt/videos,channel,quorum_complete_comments.csv | youtube_guatemala_plus_comments.csv,/@ingenieroar,hace 1 año,1,0,False,,@ingenieroar,Quorum,La cooptación de Walter Mazariegos en la USAC,@quorumgt/videos,channel,@ingenieroar,@ingenieroar,1.0,False,1,0,False,False,hace 1 año,1 mes - 1 ano,365.25,mapa de poder USAC,mapa usac,mapa usac,[],[],[],[],0,0,0,0,mapa de poder USAC,18,9,4,2,True,False,La cooptación de Walter Mazariegos en la USAC,UCE4rsXcgDb6e1-a9iTbWzfg,Quorum,/@quorumgt,/@quorumgt,News & Politics,@quorumgt,topic,10156,2024-09-26T15:00:17-07:00,2024-09-26 22:00:17+00:00,"[""USAC"", ""Walter Mazariegos"", ""Mazariegos rector"", ""Fraude USAC"", ""Elecciones USAC"", ""Toma USAC"", ""CSU USAC"", ""Quorum GT"", ""Periodismo Guatemala"", ""Luis Cordón USAC""]","[""USAC"", ""Walter Mazariegos"", ""Mazariegos rector"", ""Fraude USAC"", ""Elecciones USAC"", ""Toma USAC"", ""CSU USAC"", ""Quorum GT"", ""Periodismo Guatemala"", ""Luis Cordón USAC""]","🚨El rector de facto de la #USAC, Walter Mazariegos, tiene una alianza que le permite controlar un presupuesto millonario, quitar a sus opositores del camino y colocar a sus allegados en puestos importantes. Más de la mitad de sus cómplices en el Consejo Superior Universitario (CSU) se han prolongado en el poder y no tienen la intención de soltarlo.

👁️ Aunque las cosas podrían cambiar…

Ayudanos compartiendo, comentando y dándole like a este video.

🔍 También podés leer el reportaje completo en este link👉🏻 https://quorum.gt/poder/captura/usac/mazariegos_csu/

📲 Seguí a Quorum en todas las redes para ver más contenido interesante de #Guatemala.

⚫️ X: https://twitter.com/QuorumGT
🟣 Instagram: https://www.instagram.com/holaquorum?igsh=a2l2MHp6dXA5aGg4
🟠 TikTok:https://www.tiktok.com/@quorumgt?_t=8q3C9YsmOiT&_r=1
🔵 Facebook: https://www.facebook.com/QuorumGT?mibextid=LQQJ4d
🟢 Canal de WhatsApp: https://whatsapp.com/channel/0029Va8IZV65PO0ul2cBdD0l",10,https://www.youtube.com/watch?v=j43HgwYFKfk
n8iP75gIpmw,Ugx3yIUZXGeiOVESIEl4AaABAg,Qué rico come tu diputado,Quorum,UCE4rsXcgDb6e1-a9iTbWzfg,@VICTOREST19,UC3qn1yJA5PeW9rkGPatQxiw,Que ese diputado que muestre la factura donde diga que de su bolsillo fue pagado??,@quorumgt/videos,channel,quorum_complete_comments.csv | youtube_guatemala_plus_comments.csv,/@VICTOREST19,hace 2 años,7,0,False,,@VICTOREST19,Quorum,Qué rico come tu diputado,@quorumgt/videos,channel,@VICTOREST19,@victorest19,7.0,False,7,0,False,False,hace 2 años,1 - 2 anos,730.5,Que ese diputado que muestre la factura donde diga que de su bolsillo fue pagado??,diputado muestre factura bolsillo pagado,diputado muestre factura diga bolsillo pagado,[],[],[],[],0,0,0,0,Que ese diputado que muestre la factura donde diga que de su bolsillo fue pagado??,82,40,15,5,True,False,Qué rico come tu diputado,UCE4rsXcgDb6e1-a9iTbWzfg,Quorum,/@quorumgt,/@quorumgt,News & Politics,Quorum GT,topic,11775,2024-08-27T14:09:51-07:00,2024-08-27 21:09:51+00:00,[],[],"En @ConCriteriogt hablaron hoy sobre nuestro reportaje ""Qué rico come tu diputado"", en el que contamos los almuerzos más caros pagados con fondos públicos entre enero y abril de este año.

Entrevistaron al diputado Nery Rodas, de CABAL, quien asegura que son problemas ""mínimos"".

Si no has leído el repor podés hacerlo acá https://quorum.gt/poder/comida_diputados/",0,https://www.youtube.com/watch?v=n8iP75gIpmw
6W4u8sGEnGM,Ugx4dn4xlUl9Jp9QJeJ4AaABAg,Inician los trabajos de recuperación del Puente Belice II.,Gobierno de la República de Guatemala,UC-ZtFBHzgkYFh7whZkuR_Ag,@elmilenial4064,UCaT4saRcyqCLE657Rq2hhZQ,Tio berny presidente 2032😁,Gobierno de la República de Guatemala,topic,youtube_guatemala_plus_comments.csv | youtube_lab_targets_small_comments.csv,/@elmilenial4064,hace 5 días (editado), ,0,False,,@elmilenial4064,Gobierno de la República de Guatemala,Inician los trabajos de recuperación del Puente Belice II.,Gobierno de la República de Guatemala,topic,@elmilenial4064,@elmilenial4064,,True,0,0,False,True,hace 5 días,<1 semana,5.0,Tio berny presidente 2032😁,tio berny presidente,tio berny presidente,[],[],[],"[""😁""]",0,0,0,1,Tio berny presidente 2032 emoji cara radiante con ojos sonrientes emoji,26,20,4,3,True,False,Inician los trabajos de recuperación del Puente Belice II.,UC-ZtFBHzgkYFh7whZkuR_Ag,Gobierno de la República de Guatemala,/@GobiernodelaRepublicadeGuatema,/@GobiernodelaRepublicadeGuatema,Entertainment,Gobierno de la República de Guatemala,topic,11670,2026-08-26T21:00:47-07:00,2026-08-27 04:00:47+00:00,[],[],Inician los trabajos de recuperación del Puente Belice II.,0,https://www.youtube.com/watch?v=6W4u8sGEnGM
yLZS3JiEBg8,Ugx6Wjc02tqpQUBf4NJ4AaABAg,Arroz con pollo a la MONOPOLIO,Quorum,UCE4rsXcgDb6e1-a9iTbWzfg,@rockyscarlet,UCc_F88PzGWtA1OPNUEASulA,Los hipócritas de la ufm todavía alaban a Milei. Lo primero que haría sería quitar todas las trabas que impiden el libre mercado.,@quorumgt/videos,channel,quorum_complete_comments.csv | youtube_guatemala_plus_comments.csv,/@rockyscarlet,hace 2 años, ,0,False,,@rockyscarlet,Quorum,Arroz con pollo a la MONOPOLIO,@quorumgt/videos,channel,@rockyscarlet,@rockyscarlet,,True,0,0,False,False,hace 2 años,1 - 2 anos,730.5,Los hipócritas de la ufm todavía alaban a Milei. Lo primero que haría sería quitar todas las trabas que impiden el libre mercado.,hipocrita ufm alar milei hario quitar traba impedir libre mercado,hipocritas ufm alaban milei haria quitar trabas impiden libre mercado,[],[],[],[],0,0,0,0,Los hipócritas de la ufm todavía alaban a Milei. Lo primero que haría sería quitar todas las trabas que impiden el libre mercado.,129,65,23,10,True,False,Arroz con pollo a la MONOPOLIO,UCE4rsXcgDb6e1-a9iTbWzfg,Quorum,/@quorumgt,/@quorumgt,News & Politics,@quorumgt/videos,channel,1954,2024-05-09T19:15:12-07:00,2024-05-10 02:15:12+00:00,[],[],"🔍 En Guatemala tenemos un mercado no tan “libre” que digamos. 

💸 Unas pocas empresas dominan las diferentes industrias y en algunos sectores no hay una competencia real que favorezca al consumidor.

🎥 Hoy estrenamos #LasMañasDelMercado para hablar de la industria alimenticia y la necesidad de una #LeyDeCompetencia.",0,https://www.youtube.com/watch?v=yLZS3JiEBg8
n8iP75gIpmw,Ugx74OPnWkWaFjpFuA94AaABAg,Qué rico come tu diputado,Quorum,UCE4rsXcgDb6e1-a9iTbWzfg,@dorisl.garciaroche7763,UCErZPJpHmLCsXs8ZWkAUupQ,"Y será que si ya no se diera esa facilidad de efectivo para gastos de ese tipo, les interesaría seguir siendo diputados. O es por ese estilo de vida lo que les llama la atención ser diputados.",@quorumgt/videos,channel,quorum_complete_comments.csv | youtube_guatemala_plus_comments.csv,/@dorisl.garciaroche7763,hace 2 años,2,1,False,,@dorisl.garciaroche7763,Quorum,Qué rico come tu diputado,@quorumgt/videos,channel,@dorisl.garciaroche7763,@dorisl.garciaroche7763,2.0,False,2,1,False,False,hace 2 años,1 - 2 anos,730.5,"Y será que si ya no se diera esa facilidad de efectivo para gastos de ese tipo, les interesaría seguir siendo diputados. O es por ese estilo de vida lo que les llama la atención ser diputados.",facilidad efectivo gasto tipo interesario seguir diputado estilo vida llamar atencion diputado,diera facilidad efectivo gastos tipo interesaria seguir diputados estilo vida llama atencion diputados,[],[],[],[],0,0,0,0,"Y será que si ya no se diera esa facilidad de efectivo para gastos de ese tipo, les interesaría seguir siendo diputados. O es por ese estilo de vida lo que les llama la atención ser diputados.",192,94,37,12,True,False,Qué rico come tu diputado,UCE4rsXcgDb6e1-a9iTbWzfg,Quorum,/@quorumgt,/@quorumgt,News & Politics,Quorum GT,topic,11775,2024-08-27T14:09:51-07:00,2024-08-27 21:09:51+00:00,[],[],"En @ConCriteriogt hablaron hoy sobre nuestro reportaje ""Qué rico come tu diputado"", en el que contamos los almuerzos más caros pagados con fondos públicos entre enero y abril de este año.

Entrevistaron al diputado Nery Rodas, de CABAL, quien asegura que son problemas ""mínimos"".

Si no has leído el repor podés hacerlo acá https://quorum.gt/poder/comida_diputados/",0,https://www.youtube.com/watch?v=n8iP75gIpmw
n8iP75gIpmw,Ugx74OPnWkWaFjpFuA94AaABAg.A7ki-1ED5b2A7nIcG2_svP,Qué rico come tu diputado,Quorum,UCE4rsXcgDb6e1-a9iTbWzfg,@HaroldoCastillo-rh9iw,UCFjudnPLoaSL1BaRuLahyHg,Cierto.,@quorumgt/videos,channel,quorum_complete_comments.csv | youtube_guatemala_plus_comments.csv,/@HaroldoCastillo-rh9iw,hace 2 años,1,0,False,,@HaroldoCastillo-rh9iw,Quorum,Qué rico come tu diputado,@quorumgt/videos,channel,@HaroldoCastillo-rh9iw,@haroldocastillo-rh9iw,1.0,False,1,0,False,False,hace 2 años,1 - 2 anos,730.5,Cierto.,,,[],[],[],[],0,0,0,0,Cierto.,7,0,1,0,True,True,Qué rico come tu diputado,UCE4rsXcgDb6e1-a9iTbWzfg,Quorum,/@quorumgt,/@quorumgt,News & Politics,Quorum GT,topic,11775,2024-08-27T14:09:51-07:00,2024-08-27 21:09:51+00:00,[],[],"En @ConCriteriogt hablaron hoy sobre nuestro reportaje ""Qué rico come tu diputado"", en el que contamos los almuerzos más caros pagados con fondos públicos entre enero y abril de este año.

Entrevistaron al diputado Nery Rodas, de CABAL, quien asegura que son problemas ""mínimos"".

Si no has leído el repor podés hacerlo acá https://quorum.gt/poder/comida_diputados/",0,https://www.youtube.com/watch?v=n8iP75gIpmw
lj983NWyAQY,Ugx7Gvgflw7nQKqoR094AaABAg,Plan 2032 Ciudad de Guatemala,Municipalidad de Guatemala,UCXa6LVjBzUtmcM3cwbd9e2w,@arielsarc09,UCFOxCyF926Y9eHhMeVoWLzw,"De todo corazon espero que se cumplan todos estos proyectos por el bien de mi gente linda, Dios bendiga a Guatemala.",Municipalidad de Guatemala,topic,lj983NWyAQY_out_comments.csv | youtube_guatemala_plus_comments.csv,/@arielsarc09,hace 6 años (editado),3,0,False,,@arielsarc09,Municipalidad de Guatemala,Plan 2032 Ciudad de Guatemala,Municipalidad de Guatemala,topic,@arielsarc09,@arielsarc09,3.0,False,3,0,False,True,hace 6 años,>2 anos,2191.5,"De todo corazon espero que se cumplan todos estos proyectos por el bien de mi gente linda, Dios bendiga a Guatemala.",corazon esperar cumplir proyecto lindo dios bendiga guatemala,corazon espero cumplan proyectos linda dios bendiga guatemala,[],[],[],[],0,0,0,0,"De todo corazon espero que se cumplan todos estos proyectos por el bien de mi gente linda, Dios bendiga a Guatemala.",116,61,21,8,True,False,Plan 2032 Ciudad de Guatemala,UCXa6LVjBzUtmcM3cwbd9e2w,Municipalidad de Guatemala,/@MunicipalidaddeGuatemala-1551,/@MunicipalidaddeGuatemala-1551,News & Politics,Municipalidad de Guatemala,topic,304089,2019-02-28T18:31:10-08:00,2019-03-01 02:31:10+00:00,"[""Ricardo"", ""Quiñónez"", ""Administración"", ""Alcalde"", ""Alcaldía"", ""Alcaldías"", ""Municipalidad"", ""Municipal"", ""Muni"", ""Cumple"", ""Equipo"", ""Transparencia"", ""Servicios"", ""Servir"", ""Servidor"", ""Público"", ""Pasión"", ""Todos"", ""Somos"", ""La"", ""Ciudad"", ""Del"", ""Futuro"", ""Para"", ""Vivir"", ""Polos"", ""desarrollo"", ""pasos a desnivel"", ""movilidad urbana"", ""aerometro"", ""Transmetro"", ""metroriel"", ""Plan 2032"", ""transporte público"", ""reciclaje"", ""movilidad""]","[""Ricardo"", ""Quiñónez"", ""Administración"", ""Alcalde"", ""Alcaldía"", ""Alcaldías"", ""Municipalidad"", ""Municipal"", ""Muni"", ""Cumple"", ""Equipo"", ""Transparencia"", ""Servicios"", ""Servir"", ""Servidor"", ""Público"", ""Pasión"", ""Todos"", ""Somos"", ""La"", ""Ciudad"", ""Del"", ""Futuro"", ""Para"", ""Vivir"", ""Polos"", ""desarrollo"", ""pasos a desnivel"", ""movilidad urbana"", ""aerometro"", ""Transmetro"", ""metroriel"", ""Plan 2032"", ""transporte público"", ""reciclaje"", ""movilidad""]",La Municipalidad de Guatemala trabaja en el plan 2032 con proyectos para solventar los actuales y futuros desafíos de la Ciudad.,36,https://www.youtube.com/watch?v=lj983NWyAQY
n8iP75gIpmw,Ugx7ezRwB-DpY3VQt754AaABAg,Qué rico come tu diputado,Quorum,UCE4rsXcgDb6e1-a9iTbWzfg,@ManuelEdran,UC5H8ASmMC9WrURmzeB4ySog,Minusiosas pero a la larga se vuelve millonarios. . Paguen sus almuerzos no se aprovechen del pueblo... casaka.,@quorumgt/videos,channel,quorum_complete_comments.csv | youtube_guatemala_plus_comments.csv,/@ManuelEdran,hace 2 años,1,0,False,,@ManuelEdran,Quorum,Qué rico come tu diputado,@quorumgt/videos,channel,@ManuelEdran,@manueledran,1.0,False,1,0,False,False,hace 2 años,1 - 2 anos,730.5,Minusiosas pero a la larga se vuelve millonarios. . Paguen sus almuerzos no se aprovechen del pueblo... casaka.,minusiosa vuelve millonario pagar almuerzo aprovechar pueblo casaka,minusiosas larga vuelve millonarios paguen almuerzos aprovechen pueblo casaka,[],[],[],[],0,0,0,0,Minusiosas pero a la larga se vuelve millonarios. . Paguen sus almuerzos no se aprovechen del pueblo... casaka.,111,67,18,8,True,False,Qué rico come tu diputado,UCE4rsXcgDb6e1-a9iTbWzfg,Quorum,/@quorumgt,/@quorumgt,News & Politics,Quorum GT,topic,11775,2024-08-27T14:09:51-07:00,2024-08-27 21:09:51+00:00,[],[],"En @ConCriteriogt hablaron hoy sobre nuestro reportaje ""Qué rico come tu diputado"", en el que contamos los almuerzos más caros pagados con fondos públicos entre enero y abril de este año.

Entrevistaron al diputado Nery Rodas, de CABAL, quien asegura que son problemas ""mínimos"".

Si no has leído el repor podés hacerlo acá https://quorum.gt/poder/comida_diputados/",0,https://www.youtube.com/watch?v=n8iP75gIpmw
n8iP75gIpmw,Ugx7j6oWhgfonHPJCdR4AaABAg,Qué rico come tu diputado,Quorum,UCE4rsXcgDb6e1-a9iTbWzfg,@osmanmorales3012,UC72gBAtyb_VXQlYDcFrh6oQ,Para que participo si el reclama y que a echo por el pais nada,@quorumgt/videos,channel,quorum_complete_comments.csv | youtube_guatemala_plus_comments.csv,/@osmanmorales3012,hace 2 años,3,0,False,,@osmanmorales3012,Quorum,Qué rico come tu diputado,@quorumgt/videos,channel,@osmanmorales3012,@osmanmorales3012,3.0,False,3,0,False,False,hace 2 años,1 - 2 anos,730.5,Para que participo si el reclama y que a echo por el pais nada,participo reclamar echo,participo reclama echo,[],[],[],[],0,0,0,0,Para que participo si el reclama y que a echo por el pais nada,62,23,14,3,True,False,Qué rico come tu diputado,UCE4rsXcgDb6e1-a9iTbWzfg,Quorum,/@quorumgt,/@quorumgt,News & Politics,Quorum GT,topic,11775,2024-08-27T14:09:51-07:00,2024-08-27 21:09:51+00:00,[],[],"En @ConCriteriogt hablaron hoy sobre nuestro reportaje ""Qué rico come tu diputado"", en el que contamos los almuerzos más caros pagados con fondos públicos entre enero y abril de este año.

Entrevistaron al diputado Nery Rodas, de CABAL, quien asegura que son problemas ""mínimos"".

Si no has leído el repor podés hacerlo acá https://quorum.gt/poder/comida_diputados/",0,https://www.youtube.com/watch?v=n8iP75gIpmw
n8iP75gIpmw,Ugx8FxDKPAY-M_JhRgd4AaABAg,Qué rico come tu diputado,Quorum,UCE4rsXcgDb6e1-a9iTbWzfg,@davidisraelesquitsaquil,UCi1b_TRQfgO1Z9O2gNGGWNA,"Ahora se destapo la CORRUPCION Q EXISTIA Y AHORA SE CONTAMINO despues de ampliacion ahora DEUDAS a la Comunidad Internacional por PRESTAMOS para carreteras, ademas CONCESIONES A AEROPUERTOS, PUERTOS, LAS MISMAS CARRETERAS, todos millonario, EUROBONOS, vender al pais y CANASTA BASICA A Q10,000 todo lo van hacer PERO ESE DINERO QUE OBTENGAN SERA REGALO DEL 👹👹👹 Xq DIOS dara justicia en su momento la JUSTICIA DE DIOS con sus hijitos sera IMPLACABLE y omnipotente🇬🇹🇬🇹🇬🇹🇬🇹",@quorumgt/videos,channel,quorum_complete_comments.csv | youtube_guatemala_plus_comments.csv,/@davidisraelesquitsaquil,hace 2 años, ,0,False,,@davidisraelesquitsaquil,Quorum,Qué rico come tu diputado,@quorumgt/videos,channel,@davidisraelesquitsaquil,@davidisraelesquitsaquil,,True,0,0,False,False,hace 2 años,1 - 2 anos,730.5,"Ahora se destapo la CORRUPCION Q EXISTIA Y AHORA SE CONTAMINO despues de ampliacion ahora DEUDAS a la Comunidad Internacional por PRESTAMOS para carreteras, ademas CONCESIONES A AEROPUERTOS, PUERTOS, LAS MISMAS CARRETERAS, todos millonario, EUROBONOS, vender al pais y CANASTA BASICA A Q10,000 todo lo van hacer PERO ESE DINERO QUE OBTENGAN SERA REGALO DEL 👹👹👹 Xq DIOS dara justicia en su momento la JUSTICIA DE DIOS con sus hijitos sera IMPLACABLE y omnipotente🇬🇹🇬🇹🇬🇹🇬🇹",destapo corrupcion existia contamino ampliacion deuda comunidad internacional prestar carretero concesion aeropuerto puerto carretero millonario eurobo yo vender canasta basico q10 dinero obtengar regalo dios justicia momento justicia dios hijito implacable omnipotente,destapo corrupcion existia contamino ampliacion deudas comunidad internacional prestamos carreteras concesiones aeropuertos puertos carreteras millonario eurobonos vender canasta basica q10 dinero obtengan regalo dios dara justicia momento justicia dios hijitos implacable omnipotente,[],[],[],"[""👹"", ""👹"", ""👹"", ""🇬🇹"", ""🇬🇹"", ""🇬🇹"", ""🇬🇹""]",0,0,0,7,"Ahora se destapo la CORRUPCION Q EXISTIA Y AHORA SE CONTAMINO despues de ampliacion ahora DEUDAS a la Comunidad Internacional por PRESTAMOS para carreteras, ademas CONCESIONES A AEROPUERTOS, PUERTOS, LAS MISMAS CARRETERAS, todos millonario, EUROBONOS, vender al pais y CANASTA BASICA A Q10,000 todo lo van hacer PERO ESE DINERO QUE OBTENGAN SERA REGALO DEL emoji demonio japonés oni emoji emoji demonio japonés oni emoji emoji demonio japonés oni emoji Xq DIOS dara justicia en su momento la JUSTICIA DE DIOS con sus hijitos sera IMPLACABLE y omnipotente emoji bandera guatemala emoji emoji bandera guatemala emoji emoji bandera guatemala emoji emoji bandera guatemala emoji",470,269,74,32,True,False,Qué rico come tu diputado,UCE4rsXcgDb6e1-a9iTbWzfg,Quorum,/@quorumgt,/@quorumgt,News & Politics,Quorum GT,topic,11775,2024-08-27T14:09:51-07:00,2024-08-27 21:09:51+00:00,[],[],"En @ConCriteriogt hablaron hoy sobre nuestro reportaje ""Qué rico come tu diputado"", en el que contamos los almuerzos más caros pagados con fondos públicos entre enero y abril de este año.

Entrevistaron al diputado Nery Rodas, de CABAL, quien asegura que son problemas ""mínimos"".

Si no has leído el repor podés hacerlo acá https://quorum.gt/poder/comida_diputados/",0,https://www.youtube.com/watch?v=n8iP75gIpmw
WIUZtitfLRw,Ugx8vuWdqsWZslsS9R14AaABAg,Caminar en una ciudad hecha para carros,Quorum,UCE4rsXcgDb6e1-a9iTbWzfg,@hashojea7348,UCvcu1kR8xMYy_I1Ty-2mV2Q,Excelente nota,@quorumgt/videos,channel,quorum_complete_comments.csv | youtube_guatemala_plus_comments.csv,/@hashojea7348,hace 1 año, ,0,False,,@hashojea7348,Quorum,Caminar en una ciudad hecha para carros,@quorumgt/videos,channel,@hashojea7348,@hashojea7348,,True,0,0,False,False,hace 1 año,1 mes - 1 ano,365.25,Excelente nota,excelente nota,excelente nota,[],[],[],[],0,0,0,0,Excelente nota,14,14,2,2,True,False,Caminar en una ciudad hecha para carros,UCE4rsXcgDb6e1-a9iTbWzfg,Quorum,/@quorumgt,/@quorumgt,News & Politics,@quorumgt/videos,channel,422,2024-11-20T17:15:06-08:00,2024-11-21 01:15:06+00:00,[],[],"🚗 Caminar por la #CiudaddeGuatemala es un reto de sobrevivencia. ¿Por qué? Porque la infraestructura prioriza a los #carros antes que a las personas.

🫱 Seguí en nuestras redes #ElAtasco, nuestra cobertura sobre #movilidad. Si aún no lo has hecho, entrale al test para ver qué tan caminable es tu barrio: https://ds8l19rhon2.typeform.com/elatasco

↗️ Identifiquemos y hablemos sobre los problemas para empezar a buscar soluciones.",0,https://www.youtube.com/watch?v=WIUZtitfLRw
OkXlHx0hx-8,Ugx90cmhNaRBNDou1BR4AaABAg,EE.UU. envía a mexicanos deportados a Guatemala antes de su regreso a México | Noticias Telemundo,Noticias Telemundo,UCRwA1NUcUnwsly35ikGhp0A,@rosadiaz6945,UCBlm80VQ4YoV3bUJR_XhkaQ,Miserables el departamento de seguridad de USA,guatemala noticias,topic,youtube_guatemala_comments.csv | youtube_guatemala_plus_comments.csv,/@rosadiaz6945,hace 1 día, ,3,False,,@rosadiaz6945,Noticias Telemundo,EE.UU. envía a mexicanos deportados a Guatemala antes de su regreso a México | Noticias Telemundo,guatemala noticias,topic,@rosadiaz6945,@rosadiaz6945,,True,0,3,False,False,hace 1 día,<1 semana,1.0,Miserables el departamento de seguridad de USA,miserable departamento seguridad,miserables departamento seguridad,[],[],[],[],0,0,0,0,Miserables el departamento de seguridad de USA,46,32,7,3,True,False,EE.UU. envía a mexicanos deportados a Guatemala antes de su regreso a México | Noticias Telemundo,UCRwA1NUcUnwsly35ikGhp0A,Noticias Telemundo,/@noticias,/@noticias,News & Politics,guatemala noticias,topic,14200,2026-08-30T16:38:02-07:00,2026-08-30 23:38:02+00:00,"[""telemundo noticias"", ""noticias telemundo"", ""noticias telemundo de hoy"", ""noticias"", ""noticias en vivo"", ""telemundo"", ""noticias de ultima hora"", ""noticias de hoy"", ""ee uu deporta a miles de mexicanos a traves de guatemala"", ""mexico rechaza uso de guatemala como pais puente"", ""dhs acelera expulsiones de mexicanos por guatemala"", ""polemica por ruta de deportacion de ee uu a tapachula"", ""miles de deportados mexicanos quedan varados en guatemala""]","[""telemundo noticias"", ""noticias telemundo"", ""noticias telemundo de hoy"", ""noticias"", ""noticias en vivo"", ""telemundo"", ""noticias de ultima hora"", ""noticias de hoy"", ""ee uu deporta a miles de mexicanos a traves de guatemala"", ""mexico rechaza uso de guatemala como pais puente"", ""dhs acelera expulsiones de mexicanos por guatemala"", ""polemica por ruta de deportacion de ee uu a tapachula"", ""miles de deportados mexicanos quedan varados en guatemala""]","Video oficial de Noticias Telemundo. Desde abril, casi 2,300 mexicanos han sido enviados a Guatemala, según autoridades de ese país. Al llegar a Tapachula, muchos deben buscar cómo trasladarse a sus estados de origen. DHS justifica el uso de países “puente” para acelerar las expulsiones.

Descarga nuestra App:
https://telemundo.app.link/Mtq7sTKAUtb

SUSCRÍBETE: https://bit.ly/TLMDNoticiasYT

Noticias
Noticias Telemundo es un proveedor líder de noticias para los hispanos de EE.UU. Sus galardonados espacios de noticias, transmitidos desde Telemundo Center, incluyen los noticieros diarios ""Noticias Telemundo"" con Julio Vaqueiro; ""Noticias Telemundo Fin de Semana"", ""Noticias Telemundo Mediodía"" y ""Noticias Telemundo En La Noche"". El ""Equipo Digital de Noticias Telemundo"" ofrece contenido ininterrumpido para los hispanos de EE.UU. a través de sus crecientes plataformas móviles y en línea. ""Noticias Telemundo Investiga"" produce reportes investigativos y documentales en profundidad. ""Noticias Telemundo Planeta Tierra"" ofrece información relacionada con el medio ambiente y el cambio climático. Adicionalmente, ""Noticias Telemundo"" produce galardonados especiales de noticias, documentales y eventos noticiosos como debates políticos, asambleas ciudadanas y foros.

Telemundo
Es una empresa de medios de primera categoría, líder en la industria en la producción y distribución de contenido en español de alta calidad a través de múltiples plataformas para hispanos en los Estados Unidos y alrededor del mundo. La cadena ofrece producciones dramáticas originales de Telemundo Studios – el productor #1 de contenido en español de horario estelar – así como contenido alternativo, películas de cine, especiales, noticias y eventos deportivos de primer nivel, alcanzando el 94% de los televidentes hispanos en los Estados Unidos en 210 mercados a través de 17 estaciones propias y 57 afiliadas de TV abierta. Telemundo también es propietaria de WKAQ, una estación de televisión local que sirve Puerto Rico. Telemundo es parte de NBCUniversal Telemundo Enterprises, una división de NBCUniversal, una de las compañías líderes en el mundo de los medios y entretenimiento. NBCUniversal es una subsidiaria de Comcast Corporation.

SÍGUENOS EN X: https://twitter.com/telemundonews
DANOS ME GUSTA EN FACEBOOK: https://www.facebook.com/NoticiasTelemundo

#NoticiasTelemundo #Deportaciones #Frontera 

EE.UU. envía a mexicanos deportados a Guatemala antes de su regreso a México | Noticias Telemundo
https://www.youtube.com/noticias

Noticias, Telemundo, Noticias Telemundo de hoy, Telemundo Noticias, Noticias, Telemundo, Telemundo Noticias de hoy, Noticias Telemundo de hoy en vivo, Ultima hora, Noticias de hoy, Noticias de Ultima hora",13,https://www.youtube.com/watch?v=OkXlHx0hx-8
OkXlHx0hx-8,Ugx90cmhNaRBNDou1BR4AaABAg.AaA5Ej9IqgQAaBaWPRQg7K,EE.UU. envía a mexicanos deportados a Guatemala antes de su regreso a México | Noticias Telemundo,Noticias Telemundo,UCRwA1NUcUnwsly35ikGhp0A,@eugeneramirez4405,UCi2KiZq63sRq8Mfbcp-MelQ,"There tired of fraud and corruption and lethal drugs. 
We AMERICANS HAVE VOTED!
you don't like our LAWS lezve!",guatemala noticias,topic,youtube_guatemala_comments.csv | youtube_guatemala_plus_comments.csv,/@eugeneramirez4405,hace 20 horas, ,0,False,,@eugeneramirez4405,Noticias Telemundo,EE.UU. envía a mexicanos deportados a Guatemala antes de su regreso a México | Noticias Telemundo,guatemala noticias,topic,@eugeneramirez4405,@eugeneramirez4405,,True,0,0,False,False,hace 20 horas,<1 semana,0.833,"There tired of fraud and corruption and lethal drugs. 
We AMERICANS HAVE VOTED!
you don't like our LAWS lezve!",therir tired fraud corruption lethal drugs americans have voted don like our laws lezve,there tired fraud corruption lethal drugs americans have voted don like our laws lezve,[],[],[],[],0,0,0,0,There tired of fraud and corruption and lethal drugs. We AMERICANS HAVE VOTED! you don't like our LAWS lezve!,110,87,19,14,True,False,EE.UU. envía a mexicanos deportados a Guatemala antes de su regreso a México | Noticias Telemundo,UCRwA1NUcUnwsly35ikGhp0A,Noticias Telemundo,/@noticias,/@noticias,News & Politics,guatemala noticias,topic,14200,2026-08-30T16:38:02-07:00,2026-08-30 23:38:02+00:00,"[""telemundo noticias"", ""noticias telemundo"", ""noticias telemundo de hoy"", ""noticias"", ""noticias en vivo"", ""telemundo"", ""noticias de ultima hora"", ""noticias de hoy"", ""ee uu deporta a miles de mexicanos a traves de guatemala"", ""mexico rechaza uso de guatemala como pais puente"", ""dhs acelera expulsiones de mexicanos por guatemala"", ""polemica por ruta de deportacion de ee uu a tapachula"", ""miles de deportados mexicanos quedan varados en guatemala""]","[""telemundo noticias"", ""noticias telemundo"", ""noticias telemundo de hoy"", ""noticias"", ""noticias en vivo"", ""telemundo"", ""noticias de ultima hora"", ""noticias de hoy"", ""ee uu deporta a miles de mexicanos a traves de guatemala"", ""mexico rechaza uso de guatemala como pais puente"", ""dhs acelera expulsiones de mexicanos por guatemala"", ""polemica por ruta de deportacion de ee uu a tapachula"", ""miles de deportados mexicanos quedan varados en guatemala""]","Video oficial de Noticias Telemundo. Desde abril, casi 2,300 mexicanos han sido enviados a Guatemala, según autoridades de ese país. Al llegar a Tapachula, muchos deben buscar cómo trasladarse a sus estados de origen. DHS justifica el uso de países “puente” para acelerar las expulsiones.

Descarga nuestra App:
https://telemundo.app.link/Mtq7sTKAUtb

SUSCRÍBETE: https://bit.ly/TLMDNoticiasYT

Noticias
Noticias Telemundo es un proveedor líder de noticias para los hispanos de EE.UU. Sus galardonados espacios de noticias, transmitidos desde Telemundo Center, incluyen los noticieros diarios ""Noticias Telemundo"" con Julio Vaqueiro; ""Noticias Telemundo Fin de Semana"", ""Noticias Telemundo Mediodía"" y ""Noticias Telemundo En La Noche"". El ""Equipo Digital de Noticias Telemundo"" ofrece contenido ininterrumpido para los hispanos de EE.UU. a través de sus crecientes plataformas móviles y en línea. ""Noticias Telemundo Investiga"" produce reportes investigativos y documentales en profundidad. ""Noticias Telemundo Planeta Tierra"" ofrece información relacionada con el medio ambiente y el cambio climático. Adicionalmente, ""Noticias Telemundo"" produce galardonados especiales de noticias, documentales y eventos noticiosos como debates políticos, asambleas ciudadanas y foros.

Telemundo
Es una empresa de medios de primera categoría, líder en la industria en la producción y distribución de contenido en español de alta calidad a través de múltiples plataformas para hispanos en los Estados Unidos y alrededor del mundo. La cadena ofrece producciones dramáticas originales de Telemundo Studios – el productor #1 de contenido en español de horario estelar – así como contenido alternativo, películas de cine, especiales, noticias y eventos deportivos de primer nivel, alcanzando el 94% de los televidentes hispanos en los Estados Unidos en 210 mercados a través de 17 estaciones propias y 57 afiliadas de TV abierta. Telemundo también es propietaria de WKAQ, una estación de televisión local que sirve Puerto Rico. Telemundo es parte de NBCUniversal Telemundo Enterprises, una división de NBCUniversal, una de las compañías líderes en el mundo de los medios y entretenimiento. NBCUniversal es una subsidiaria de Comcast Corporation.

SÍGUENOS EN X: https://twitter.com/telemundonews
DANOS ME GUSTA EN FACEBOOK: https://www.facebook.com/NoticiasTelemundo

#NoticiasTelemundo #Deportaciones #Frontera 

EE.UU. envía a mexicanos deportados a Guatemala antes de su regreso a México | Noticias Telemundo
https://www.youtube.com/noticias

Noticias, Telemundo, Noticias Telemundo de hoy, Telemundo Noticias, Noticias, Telemundo, Telemundo Noticias de hoy, Noticias Telemundo de hoy en vivo, Ultima hora, Noticias de hoy, Noticias de Ultima hora",13,https://www.youtube.com/watch?v=OkXlHx0hx-8
OkXlHx0hx-8,Ugx90cmhNaRBNDou1BR4AaABAg.AaA5Ej9IqgQAaCnVqXU5cy,EE.UU. envía a mexicanos deportados a Guatemala antes de su regreso a México | Noticias Telemundo,Noticias Telemundo,UCRwA1NUcUnwsly35ikGhp0A,@rosadiaz6945,UCBlm80VQ4YoV3bUJR_XhkaQ,"​ @eugeneramirez4405 
Go away, there's no way to prove you're American.",guatemala noticias,topic,youtube_guatemala_comments.csv | youtube_guatemala_plus_comments.csv,/@rosadiaz6945,hace 9 horas, ,0,False,,@rosadiaz6945,Noticias Telemundo,EE.UU. envía a mexicanos deportados a Guatemala antes de su regreso a México | Noticias Telemundo,guatemala noticias,topic,@rosadiaz6945,@rosadiaz6945,,True,0,0,False,False,hace 9 horas,<1 semana,0.375,"​ @eugeneramirez4405 
Go away, there's no way to prove you're American.",away there way prove americar,away there way prove american,[],"[""eugeneramirez4405""]",[],[],0,1,0,0,"​ @usuario Go away, there's no way to prove you're American.",71,29,11,5,True,False,EE.UU. envía a mexicanos deportados a Guatemala antes de su regreso a México | Noticias Telemundo,UCRwA1NUcUnwsly35ikGhp0A,Noticias Telemundo,/@noticias,/@noticias,News & Politics,guatemala noticias,topic,14200,2026-08-30T16:38:02-07:00,2026-08-30 23:38:02+00:00,"[""telemundo noticias"", ""noticias telemundo"", ""noticias telemundo de hoy"", ""noticias"", ""noticias en vivo"", ""telemundo"", ""noticias de ultima hora"", ""noticias de hoy"", ""ee uu deporta a miles de mexicanos a traves de guatemala"", ""mexico rechaza uso de guatemala como pais puente"", ""dhs acelera expulsiones de mexicanos por guatemala"", ""polemica por ruta de deportacion de ee uu a tapachula"", ""miles de deportados mexicanos quedan varados en guatemala""]","[""telemundo noticias"", ""noticias telemundo"", ""noticias telemundo de hoy"", ""noticias"", ""noticias en vivo"", ""telemundo"", ""noticias de ultima hora"", ""noticias de hoy"", ""ee uu deporta a miles de mexicanos a traves de guatemala"", ""mexico rechaza uso de guatemala como pais puente"", ""dhs acelera expulsiones de mexicanos por guatemala"", ""polemica por ruta de deportacion de ee uu a tapachula"", ""miles de deportados mexicanos quedan varados en guatemala""]","Video oficial de Noticias Telemundo. Desde abril, casi 2,300 mexicanos han sido enviados a Guatemala, según autoridades de ese país. Al llegar a Tapachula, muchos deben buscar cómo trasladarse a sus estados de origen. DHS justifica el uso de países “puente” para acelerar las expulsiones.

Descarga nuestra App:
https://telemundo.app.link/Mtq7sTKAUtb

SUSCRÍBETE: https://bit.ly/TLMDNoticiasYT

Noticias
Noticias Telemundo es un proveedor líder de noticias para los hispanos de EE.UU. Sus galardonados espacios de noticias, transmitidos desde Telemundo Center, incluyen los noticieros diarios ""Noticias Telemundo"" con Julio Vaqueiro; ""Noticias Telemundo Fin de Semana"", ""Noticias Telemundo Mediodía"" y ""Noticias Telemundo En La Noche"". El ""Equipo Digital de Noticias Telemundo"" ofrece contenido ininterrumpido para los hispanos de EE.UU. a través de sus crecientes plataformas móviles y en línea. ""Noticias Telemundo Investiga"" produce reportes investigativos y documentales en profundidad. ""Noticias Telemundo Planeta Tierra"" ofrece información relacionada con el medio ambiente y el cambio climático. Adicionalmente, ""Noticias Telemundo"" produce galardonados especiales de noticias, documentales y eventos noticiosos como debates políticos, asambleas ciudadanas y foros.

Telemundo
Es una empresa de medios de primera categoría, líder en la industria en la producción y distribución de contenido en español de alta calidad a través de múltiples plataformas para hispanos en los Estados Unidos y alrededor del mundo. La cadena ofrece producciones dramáticas originales de Telemundo Studios – el productor #1 de contenido en español de horario estelar – así como contenido alternativo, películas de cine, especiales, noticias y eventos deportivos de primer nivel, alcanzando el 94% de los televidentes hispanos en los Estados Unidos en 210 mercados a través de 17 estaciones propias y 57 afiliadas de TV abierta. Telemundo también es propietaria de WKAQ, una estación de televisión local que sirve Puerto Rico. Telemundo es parte de NBCUniversal Telemundo Enterprises, una división de NBCUniversal, una de las compañías líderes en el mundo de los medios y entretenimiento. NBCUniversal es una subsidiaria de Comcast Corporation.

SÍGUENOS EN X: https://twitter.com/telemundonews
DANOS ME GUSTA EN FACEBOOK: https://www.facebook.com/NoticiasTelemundo

#NoticiasTelemundo #Deportaciones #Frontera 

EE.UU. envía a mexicanos deportados a Guatemala antes de su regreso a México | Noticias Telemundo
https://www.youtube.com/noticias

Noticias, Telemundo, Noticias Telemundo de hoy, Telemundo Noticias, Noticias, Telemundo, Telemundo Noticias de hoy, Noticias Telemundo de hoy en vivo, Ultima hora, Noticias de hoy, Noticias de Ultima hora",13,https://www.youtube.com/watch?v=OkXlHx0hx-8
OkXlHx0hx-8,Ugx90cmhNaRBNDou1BR4AaABAg.AaA5Ej9IqgQAaCz3GqqPAJ,EE.UU. envía a mexicanos deportados a Guatemala antes de su regreso a México | Noticias Telemundo,Noticias Telemundo,UCRwA1NUcUnwsly35ikGhp0A,@eugeneramirez4405,UCi2KiZq63sRq8Mfbcp-MelQ,"​ @rosadiaz6945 
Sure 👌 
Whatever you say!",guatemala noticias,topic,youtube_guatemala_comments.csv | youtube_guatemala_plus_comments.csv,/@eugeneramirez4405,hace 7 horas, ,0,False,,@eugeneramirez4405,Noticias Telemundo,EE.UU. envía a mexicanos deportados a Guatemala antes de su regreso a México | Noticias Telemundo,guatemala noticias,topic,@eugeneramirez4405,@eugeneramirez4405,,True,0,0,False,False,hace 7 horas,<1 semana,0.292,"​ @rosadiaz6945 
Sure 👌 
Whatever you say!",sure whatever say,sure whatever say,[],"[""rosadiaz6945""]",[],"[""👌""]",0,1,0,1,​ @usuario Sure emoji señal de aprobación con la mano emoji Whatever you say!,42,17,7,3,True,False,EE.UU. envía a mexicanos deportados a Guatemala antes de su regreso a México | Noticias Telemundo,UCRwA1NUcUnwsly35ikGhp0A,Noticias Telemundo,/@noticias,/@noticias,News & Politics,guatemala noticias,topic,14200,2026-08-30T16:38:02-07:00,2026-08-30 23:38:02+00:00,"[""telemundo noticias"", ""noticias telemundo"", ""noticias telemundo de hoy"", ""noticias"", ""noticias en vivo"", ""telemundo"", ""noticias de ultima hora"", ""noticias de hoy"", ""ee uu deporta a miles de mexicanos a traves de guatemala"", ""mexico rechaza uso de guatemala como pais puente"", ""dhs acelera expulsiones de mexicanos por guatemala"", ""polemica por ruta de deportacion de ee uu a tapachula"", ""miles de deportados mexicanos quedan varados en guatemala""]","[""telemundo noticias"", ""noticias telemundo"", ""noticias telemundo de hoy"", ""noticias"", ""noticias en vivo"", ""telemundo"", ""noticias de ultima hora"", ""noticias de hoy"", ""ee uu deporta a miles de mexicanos a traves de guatemala"", ""mexico rechaza uso de guatemala como pais puente"", ""dhs acelera expulsiones de mexicanos por guatemala"", ""polemica por ruta de deportacion de ee uu a tapachula"", ""miles de deportados mexicanos quedan varados en guatemala""]","Video oficial de Noticias Telemundo. Desde abril, casi 2,300 mexicanos han sido enviados a Guatemala, según autoridades de ese país. Al llegar a Tapachula, muchos deben buscar cómo trasladarse a sus estados de origen. DHS justifica el uso de países “puente” para acelerar las expulsiones.

Descarga nuestra App:
https://telemundo.app.link/Mtq7sTKAUtb

SUSCRÍBETE: https://bit.ly/TLMDNoticiasYT

Noticias
Noticias Telemundo es un proveedor líder de noticias para los hispanos de EE.UU. Sus galardonados espacios de noticias, transmitidos desde Telemundo Center, incluyen los noticieros diarios ""Noticias Telemundo"" con Julio Vaqueiro; ""Noticias Telemundo Fin de Semana"", ""Noticias Telemundo Mediodía"" y ""Noticias Telemundo En La Noche"". El ""Equipo Digital de Noticias Telemundo"" ofrece contenido ininterrumpido para los hispanos de EE.UU. a través de sus crecientes plataformas móviles y en línea. ""Noticias Telemundo Investiga"" produce reportes investigativos y documentales en profundidad. ""Noticias Telemundo Planeta Tierra"" ofrece información relacionada con el medio ambiente y el cambio climático. Adicionalmente, ""Noticias Telemundo"" produce galardonados especiales de noticias, documentales y eventos noticiosos como debates políticos, asambleas ciudadanas y foros.

Telemundo
Es una empresa de medios de primera categoría, líder en la industria en la producción y distribución de contenido en español de alta calidad a través de múltiples plataformas para hispanos en los Estados Unidos y alrededor del mundo. La cadena ofrece producciones dramáticas originales de Telemundo Studios – el productor #1 de contenido en español de horario estelar – así como contenido alternativo, películas de cine, especiales, noticias y eventos deportivos de primer nivel, alcanzando el 94% de los televidentes hispanos en los Estados Unidos en 210 mercados a través de 17 estaciones propias y 57 afiliadas de TV abierta. Telemundo también es propietaria de WKAQ, una estación de televisión local que sirve Puerto Rico. Telemundo es parte de NBCUniversal Telemundo Enterprises, una división de NBCUniversal, una de las compañías líderes en el mundo de los medios y entretenimiento. NBCUniversal es una subsidiaria de Comcast Corporation.

SÍGUENOS EN X: https://twitter.com/telemundonews
DANOS ME GUSTA EN FACEBOOK: https://www.facebook.com/NoticiasTelemundo

#NoticiasTelemundo #Deportaciones #Frontera 

EE.UU. envía a mexicanos deportados a Guatemala antes de su regreso a México | Noticias Telemundo
https://www.youtube.com/noticias

Noticias, Telemundo, Noticias Telemundo de hoy, Telemundo Noticias, Noticias, Telemundo, Telemundo Noticias de hoy, Noticias Telemundo de hoy en vivo, Ultima hora, Noticias de hoy, Noticias de Ultima hora",13,https://www.youtube.com/watch?v=OkXlHx0hx-8
j43HgwYFKfk,UgxCKgaQSm13r2z9hFd4AaABAg,La cooptación de Walter Mazariegos en la USAC,Quorum,UCE4rsXcgDb6e1-a9iTbWzfg,@quijotachapina1,UColMq7LmaoY3MT6aIDGrGvA,"Escuché que solo fingen que las reuniones son virtuales, pero las hacen en un hôtel y encima liquidan los gastos generados 😡",@quorumgt/videos,channel,quorum_complete_comments.csv | youtube_guatemala_plus_comments.csv,/@quijotachapina1,hace 1 año, ,0,False,,@quijotachapina1,Quorum,La cooptación de Walter Mazariegos en la USAC,@quorumgt/videos,channel,@quijotachapina1,@quijotachapina1,,True,0,0,False,False,hace 1 año,1 mes - 1 ano,365.25,"Escuché que solo fingen que las reuniones son virtuales, pero las hacen en un hôtel y encima liquidan los gastos generados 😡",escuche fingir reunion virtual hotel liquidar gasto generado,escuche fingen reuniones virtuales hotel liquidan gastos generados,[],[],[],"[""😡""]",0,0,0,1,"Escuché que solo fingen que las reuniones son virtuales, pero las hacen en un hôtel y encima liquidan los gastos generados emoji cara cabreada emoji",124,60,22,8,True,False,La cooptación de Walter Mazariegos en la USAC,UCE4rsXcgDb6e1-a9iTbWzfg,Quorum,/@quorumgt,/@quorumgt,News & Politics,@quorumgt,topic,10156,2024-09-26T15:00:17-07:00,2024-09-26 22:00:17+00:00,"[""USAC"", ""Walter Mazariegos"", ""Mazariegos rector"", ""Fraude USAC"", ""Elecciones USAC"", ""Toma USAC"", ""CSU USAC"", ""Quorum GT"", ""Periodismo Guatemala"", ""Luis Cordón USAC""]","[""USAC"", ""Walter Mazariegos"", ""Mazariegos rector"", ""Fraude USAC"", ""Elecciones USAC"", ""Toma USAC"", ""CSU USAC"", ""Quorum GT"", ""Periodismo Guatemala"", ""Luis Cordón USAC""]","🚨El rector de facto de la #USAC, Walter Mazariegos, tiene una alianza que le permite controlar un presupuesto millonario, quitar a sus opositores del camino y colocar a sus allegados en puestos importantes. Más de la mitad de sus cómplices en el Consejo Superior Universitario (CSU) se han prolongado en el poder y no tienen la intención de soltarlo.

👁️ Aunque las cosas podrían cambiar…

Ayudanos compartiendo, comentando y dándole like a este video.

🔍 También podés leer el reportaje completo en este link👉🏻 https://quorum.gt/poder/captura/usac/mazariegos_csu/

📲 Seguí a Quorum en todas las redes para ver más contenido interesante de #Guatemala.

⚫️ X: https://twitter.com/QuorumGT
🟣 Instagram: https://www.instagram.com/holaquorum?igsh=a2l2MHp6dXA5aGg4
🟠 TikTok:https://www.tiktok.com/@quorumgt?_t=8q3C9YsmOiT&_r=1
🔵 Facebook: https://www.facebook.com/QuorumGT?mibextid=LQQJ4d
🟢 Canal de WhatsApp: https://whatsapp.com/channel/0029Va8IZV65PO0ul2cBdD0l",10,https://www.youtube.com/watch?v=j43HgwYFKfk
OkXlHx0hx-8,UgxCT5F3jO763e2aO-t4AaABAg,EE.UU. envía a mexicanos deportados a Guatemala antes de su regreso a México | Noticias Telemundo,Noticias Telemundo,UCRwA1NUcUnwsly35ikGhp0A,@DoraSalas-j5o,UCat2qkYvqmtDNEmo2PVuhXw,Dicen quelos van a mandar a africa cuidao paisas,guatemala noticias,topic,youtube_guatemala_comments.csv | youtube_guatemala_plus_comments.csv,/@DoraSalas-j5o,hace 1 día,1,0,False,,@DoraSalas-j5o,Noticias Telemundo,EE.UU. envía a mexicanos deportados a Guatemala antes de su regreso a México | Noticias Telemundo,guatemala noticias,topic,@DoraSalas-j5o,@dorasalas-j5o,1.0,False,1,0,False,False,hace 1 día,<1 semana,1.0,Dicen quelos van a mandar a africa cuidao paisas,que el mandar africo cuidao paisa,quelos mandar africa cuidao paisas,[],[],[],[],0,0,0,0,Dicen quelos van a mandar a africa cuidao paisas,48,33,9,6,True,False,EE.UU. envía a mexicanos deportados a Guatemala antes de su regreso a México | Noticias Telemundo,UCRwA1NUcUnwsly35ikGhp0A,Noticias Telemundo,/@noticias,/@noticias,News & Politics,guatemala noticias,topic,14200,2026-08-30T16:38:02-07:00,2026-08-30 23:38:02+00:00,"[""telemundo noticias"", ""noticias telemundo"", ""noticias telemundo de hoy"", ""noticias"", ""noticias en vivo"", ""telemundo"", ""noticias de ultima hora"", ""noticias de hoy"", ""ee uu deporta a miles de mexicanos a traves de guatemala"", ""mexico rechaza uso de guatemala como pais puente"", ""dhs acelera expulsiones de mexicanos por guatemala"", ""polemica por ruta de deportacion de ee uu a tapachula"", ""miles de deportados mexicanos quedan varados en guatemala""]","[""telemundo noticias"", ""noticias telemundo"", ""noticias telemundo de hoy"", ""noticias"", ""noticias en vivo"", ""telemundo"", ""noticias de ultima hora"", ""noticias de hoy"", ""ee uu deporta a miles de mexicanos a traves de guatemala"", ""mexico rechaza uso de guatemala como pais puente"", ""dhs acelera expulsiones de mexicanos por guatemala"", ""polemica por ruta de deportacion de ee uu a tapachula"", ""miles de deportados mexicanos quedan varados en guatemala""]","Video oficial de Noticias Telemundo. Desde abril, casi 2,300 mexicanos han sido enviados a Guatemala, según autoridades de ese país. Al llegar a Tapachula, muchos deben buscar cómo trasladarse a sus estados de origen. DHS justifica el uso de países “puente” para acelerar las expulsiones.

Descarga nuestra App:
https://telemundo.app.link/Mtq7sTKAUtb

SUSCRÍBETE: https://bit.ly/TLMDNoticiasYT

Noticias
Noticias Telemundo es un proveedor líder de noticias para los hispanos de EE.UU. Sus galardonados espacios de noticias, transmitidos desde Telemundo Center, incluyen los noticieros diarios ""Noticias Telemundo"" con Julio Vaqueiro; ""Noticias Telemundo Fin de Semana"", ""Noticias Telemundo Mediodía"" y ""Noticias Telemundo En La Noche"". El ""Equipo Digital de Noticias Telemundo"" ofrece contenido ininterrumpido para los hispanos de EE.UU. a través de sus crecientes plataformas móviles y en línea. ""Noticias Telemundo Investiga"" produce reportes investigativos y documentales en profundidad. ""Noticias Telemundo Planeta Tierra"" ofrece información relacionada con el medio ambiente y el cambio climático. Adicionalmente, ""Noticias Telemundo"" produce galardonados especiales de noticias, documentales y eventos noticiosos como debates políticos, asambleas ciudadanas y foros.

Telemundo
Es una empresa de medios de primera categoría, líder en la industria en la producción y distribución de contenido en español de alta calidad a través de múltiples plataformas para hispanos en los Estados Unidos y alrededor del mundo. La cadena ofrece producciones dramáticas originales de Telemundo Studios – el productor #1 de contenido en español de horario estelar – así como contenido alternativo, películas de cine, especiales, noticias y eventos deportivos de primer nivel, alcanzando el 94% de los televidentes hispanos en los Estados Unidos en 210 mercados a través de 17 estaciones propias y 57 afiliadas de TV abierta. Telemundo también es propietaria de WKAQ, una estación de televisión local que sirve Puerto Rico. Telemundo es parte de NBCUniversal Telemundo Enterprises, una división de NBCUniversal, una de las compañías líderes en el mundo de los medios y entretenimiento. NBCUniversal es una subsidiaria de Comcast Corporation.

SÍGUENOS EN X: https://twitter.com/telemundonews
DANOS ME GUSTA EN FACEBOOK: https://www.facebook.com/NoticiasTelemundo

#NoticiasTelemundo #Deportaciones #Frontera 

EE.UU. envía a mexicanos deportados a Guatemala antes de su regreso a México | Noticias Telemundo
https://www.youtube.com/noticias

Noticias, Telemundo, Noticias Telemundo de hoy, Telemundo Noticias, Noticias, Telemundo, Telemundo Noticias de hoy, Noticias Telemundo de hoy en vivo, Ultima hora, Noticias de hoy, Noticias de Ultima hora",13,https://www.youtube.com/watch?v=OkXlHx0hx-8
lj983NWyAQY,UgxCjFHfuFk1jUGvoIB4AaABAg,Plan 2032 Ciudad de Guatemala,Municipalidad de Guatemala,UCXa6LVjBzUtmcM3cwbd9e2w,@TheAlexX_C,UCSTAUWVc1_82DHYeqOsqEFA,"Que bella es la Ciudad de Guatemala, unica en su clase. 
Saludos desde El Salvador 😸",Municipalidad de Guatemala,topic,lj983NWyAQY_out_comments.csv | youtube_guatemala_plus_comments.csv,/@TheAlexX_C,hace 7 años,191,2,False,,@TheAlexX_C,Municipalidad de Guatemala,Plan 2032 Ciudad de Guatemala,Municipalidad de Guatemala,topic,@TheAlexX_C,@thealexx_c,191.0,False,191,2,False,False,hace 7 años,>2 anos,2556.75,"Que bella es la Ciudad de Guatemala, unica en su clase. 
Saludos desde El Salvador 😸",bello ciudad guatemala unico clase saludos salvador,bella ciudad guatemala unica clase saludos salvador,[],[],[],"[""😸""]",0,0,0,1,"Que bella es la Ciudad de Guatemala, unica en su clase. Saludos desde El Salvador emoji gato sonriendo con ojos sonrientes emoji",84,51,16,7,True,False,Plan 2032 Ciudad de Guatemala,UCXa6LVjBzUtmcM3cwbd9e2w,Municipalidad de Guatemala,/@MunicipalidaddeGuatemala-1551,/@MunicipalidaddeGuatemala-1551,News & Politics,Municipalidad de Guatemala,topic,304089,2019-02-28T18:31:10-08:00,2019-03-01 02:31:10+00:00,"[""Ricardo"", ""Quiñónez"", ""Administración"", ""Alcalde"", ""Alcaldía"", ""Alcaldías"", ""Municipalidad"", ""Municipal"", ""Muni"", ""Cumple"", ""Equipo"", ""Transparencia"", ""Servicios"", ""Servir"", ""Servidor"", ""Público"", ""Pasión"", ""Todos"", ""Somos"", ""La"", ""Ciudad"", ""Del"", ""Futuro"", ""Para"", ""Vivir"", ""Polos"", ""desarrollo"", ""pasos a desnivel"", ""movilidad urbana"", ""aerometro"", ""Transmetro"", ""metroriel"", ""Plan 2032"", ""transporte público"", ""reciclaje"", ""movilidad""]","[""Ricardo"", ""Quiñónez"", ""Administración"", ""Alcalde"", ""Alcaldía"", ""Alcaldías"", ""Municipalidad"", ""Municipal"", ""Muni"", ""Cumple"", ""Equipo"", ""Transparencia"", ""Servicios"", ""Servir"", ""Servidor"", ""Público"", ""Pasión"", ""Todos"", ""Somos"", ""La"", ""Ciudad"", ""Del"", ""Futuro"", ""Para"", ""Vivir"", ""Polos"", ""desarrollo"", ""pasos a desnivel"", ""movilidad urbana"", ""aerometro"", ""Transmetro"", ""metroriel"", ""Plan 2032"", ""transporte público"", ""reciclaje"", ""movilidad""]",La Municipalidad de Guatemala trabaja en el plan 2032 con proyectos para solventar los actuales y futuros desafíos de la Ciudad.,36,https://www.youtube.com/watch?v=lj983NWyAQY
yLZS3JiEBg8,UgxD16VX3BhREOtsuhJ4AaABAg,Arroz con pollo a la MONOPOLIO,Quorum,UCE4rsXcgDb6e1-a9iTbWzfg,@DenisRMC,UCcFIBN-rtC3d3hXeuN5TfWw,"Excelente explicación 
Te falto incluir la harina que al final es el mismo dueño de las pastas...eso se llama MONOPOLIO...y tiene nombre
Contra ellos no se puede..hasta este dueño del monopolio hasta apoyo al actual presidente..
Raro..??",@quorumgt/videos,channel,quorum_complete_comments.csv | youtube_guatemala_plus_comments.csv,/@DenisRMC,hace 2 años, ,0,False,,@DenisRMC,Quorum,Arroz con pollo a la MONOPOLIO,@quorumgt/videos,channel,@DenisRMC,@denisrmc,,True,0,0,False,False,hace 2 años,1 - 2 anos,730.5,"Excelente explicación 
Te falto incluir la harina que al final es el mismo dueño de las pastas...eso se llama MONOPOLIO...y tiene nombre
Contra ellos no se puede..hasta este dueño del monopolio hasta apoyo al actual presidente..
Raro..??",excelente explicacion falto incluir harina dueno pasta llamar monopolio nombre dueno monopolio apoyo actual presidente raro,excelente explicacion falto incluir harina dueno pastas llama monopolio nombre dueno monopolio apoyo actual presidente raro,[],[],[],[],0,0,0,0,Excelente explicación Te falto incluir la harina que al final es el mismo dueño de las pastas...eso se llama MONOPOLIO...y tiene nombre Contra ellos no se puede..hasta este dueño del monopolio hasta apoyo al actual presidente.. Raro..??,237,123,37,16,True,False,Arroz con pollo a la MONOPOLIO,UCE4rsXcgDb6e1-a9iTbWzfg,Quorum,/@quorumgt,/@quorumgt,News & Politics,@quorumgt/videos,channel,1954,2024-05-09T19:15:12-07:00,2024-05-10 02:15:12+00:00,[],[],"🔍 En Guatemala tenemos un mercado no tan “libre” que digamos. 

💸 Unas pocas empresas dominan las diferentes industrias y en algunos sectores no hay una competencia real que favorezca al consumidor.

🎥 Hoy estrenamos #LasMañasDelMercado para hablar de la industria alimenticia y la necesidad de una #LeyDeCompetencia.",0,https://www.youtube.com/watch?v=yLZS3JiEBg8
j43HgwYFKfk,UgxDBhcq11EK83DqrSZ4AaABAg,La cooptación de Walter Mazariegos en la USAC,Quorum,UCE4rsXcgDb6e1-a9iTbWzfg,@genarodelgado3929,UCV0lM03g5fg5pbPj97-sAtA,"Excelente nota prensa!!
Compartan esta información para esos estudiantes ineptos y puedan conocer la realidad!!",@quorumgt,topic,j43HgwYFKfk_out_comments.csv | quorum_complete_comments.csv | youtube_guatemala_plus_comments.csv,/@genarodelgado3929,hace 1 año,1,0,False,,@genarodelgado3929,Quorum,La cooptación de Walter Mazariegos en la USAC,@quorumgt,topic,@genarodelgado3929,@genarodelgado3929,1.0,False,1,0,False,False,hace 1 año,1 mes - 1 ano,365.25,"Excelente nota prensa!!
Compartan esta información para esos estudiantes ineptos y puedan conocer la realidad!!",excelente nota prenso compartar informacion estudiante inepto realidad,excelente nota prensa compartan informacion estudiantes ineptos puedan realidad,[],[],[],[],0,0,0,0,Excelente nota prensa!! Compartan esta información para esos estudiantes ineptos y puedan conocer la realidad!!,111,70,15,8,True,False,La cooptación de Walter Mazariegos en la USAC,UCE4rsXcgDb6e1-a9iTbWzfg,Quorum,/@quorumgt,/@quorumgt,News & Politics,@quorumgt,topic,10156,2024-09-26T15:00:17-07:00,2024-09-26 22:00:17+00:00,"[""USAC"", ""Walter Mazariegos"", ""Mazariegos rector"", ""Fraude USAC"", ""Elecciones USAC"", ""Toma USAC"", ""CSU USAC"", ""Quorum GT"", ""Periodismo Guatemala"", ""Luis Cordón USAC""]","[""USAC"", ""Walter Mazariegos"", ""Mazariegos rector"", ""Fraude USAC"", ""Elecciones USAC"", ""Toma USAC"", ""CSU USAC"", ""Quorum GT"", ""Periodismo Guatemala"", ""Luis Cordón USAC""]","🚨El rector de facto de la #USAC, Walter Mazariegos, tiene una alianza que le permite controlar un presupuesto millonario, quitar a sus opositores del camino y colocar a sus allegados en puestos importantes. Más de la mitad de sus cómplices en el Consejo Superior Universitario (CSU) se han prolongado en el poder y no tienen la intención de soltarlo.

👁️ Aunque las cosas podrían cambiar…

Ayudanos compartiendo, comentando y dándole like a este video.

🔍 También podés leer el reportaje completo en este link👉🏻 https://quorum.gt/poder/captura/usac/mazariegos_csu/

📲 Seguí a Quorum en todas las redes para ver más contenido interesante de #Guatemala.

⚫️ X: https://twitter.com/QuorumGT
🟣 Instagram: https://www.instagram.com/holaquorum?igsh=a2l2MHp6dXA5aGg4
🟠 TikTok:https://www.tiktok.com/@quorumgt?_t=8q3C9YsmOiT&_r=1
🔵 Facebook: https://www.facebook.com/QuorumGT?mibextid=LQQJ4d
🟢 Canal de WhatsApp: https://whatsapp.com/channel/0029Va8IZV65PO0ul2cBdD0l",10,https://www.youtube.com/watch?v=j43HgwYFKfk
lj983NWyAQY,UgxDFo35bUo0APtZcd94AaABAg,Plan 2032 Ciudad de Guatemala,Municipalidad de Guatemala,UCXa6LVjBzUtmcM3cwbd9e2w,@ChRiStOpHeR7969,UC_ljZ1hZXR9pzexFz87P5ZA,"balgame  DIOS   QUE  TAN  ATRASADOS  ESTAN   Y  CUANTO  TIEMPO  PARA  ESTAR  EN  LA  MODERNIDAD OJALA  Y  LO  LOGREN  ,  POR  CUANTOS  PRECIDENTES  TIENE  QUE  PASAR  Y  CONVENSER  PARA  QUE  ESTO  SEA  UNA  REALIDAD",Municipalidad de Guatemala,topic,lj983NWyAQY_out_comments.csv | youtube_guatemala_plus_comments.csv,/@ChRiStOpHeR7969,hace 4 años, ,0,False,,@ChRiStOpHeR7969,Municipalidad de Guatemala,Plan 2032 Ciudad de Guatemala,Municipalidad de Guatemala,topic,@ChRiStOpHeR7969,@christopher7969,,True,0,0,False,False,hace 4 años,>2 anos,1461.0,"balgame  DIOS   QUE  TAN  ATRASADOS  ESTAN   Y  CUANTO  TIEMPO  PARA  ESTAR  EN  LA  MODERNIDAD OJALA  Y  LO  LOGREN  ,  POR  CUANTOS  PRECIDENTES  TIENE  QUE  PASAR  Y  CONVENSER  PARA  QUE  ESTO  SEA  UNA  REALIDAD",balgame dios atrasado tiempo modernidad ojala lograr precident pasar convenser realidad,balgame dios atrasados tiempo modernidad ojala logren precidentes pasar convenser realidad,[],[],[],[],0,0,0,0,"balgame DIOS QUE TAN ATRASADOS ESTAN Y CUANTO TIEMPO PARA ESTAR EN LA MODERNIDAD OJALA Y LO LOGREN , POR CUANTOS PRECIDENTES TIENE QUE PASAR Y CONVENSER PARA QUE ESTO SEA UNA REALIDAD",216,87,33,11,True,False,Plan 2032 Ciudad de Guatemala,UCXa6LVjBzUtmcM3cwbd9e2w,Municipalidad de Guatemala,/@MunicipalidaddeGuatemala-1551,/@MunicipalidaddeGuatemala-1551,News & Politics,Municipalidad de Guatemala,topic,304089,2019-02-28T18:31:10-08:00,2019-03-01 02:31:10+00:00,"[""Ricardo"", ""Quiñónez"", ""Administración"", ""Alcalde"", ""Alcaldía"", ""Alcaldías"", ""Municipalidad"", ""Municipal"", ""Muni"", ""Cumple"", ""Equipo"", ""Transparencia"", ""Servicios"", ""Servir"", ""Servidor"", ""Público"", ""Pasión"", ""Todos"", ""Somos"", ""La"", ""Ciudad"", ""Del"", ""Futuro"", ""Para"", ""Vivir"", ""Polos"", ""desarrollo"", ""pasos a desnivel"", ""movilidad urbana"", ""aerometro"", ""Transmetro"", ""metroriel"", ""Plan 2032"", ""transporte público"", ""reciclaje"", ""movilidad""]","[""Ricardo"", ""Quiñónez"", ""Administración"", ""Alcalde"", ""Alcaldía"", ""Alcaldías"", ""Municipalidad"", ""Municipal"", ""Muni"", ""Cumple"", ""Equipo"", ""Transparencia"", ""Servicios"", ""Servir"", ""Servidor"", ""Público"", ""Pasión"", ""Todos"", ""Somos"", ""La"", ""Ciudad"", ""Del"", ""Futuro"", ""Para"", ""Vivir"", ""Polos"", ""desarrollo"", ""pasos a desnivel"", ""movilidad urbana"", ""aerometro"", ""Transmetro"", ""metroriel"", ""Plan 2032"", ""transporte público"", ""reciclaje"", ""movilidad""]",La Municipalidad de Guatemala trabaja en el plan 2032 con proyectos para solventar los actuales y futuros desafíos de la Ciudad.,36,https://www.youtube.com/watch?v=lj983NWyAQY
06mFNPU0aB8,UgxEE17R1iQyuDZebVF4AaABAg,Capturan a presuntos delincuentes disfrazados de mujer señalados de cometer asalto,Noti7,UCVpSRoZgngfSL03Nlbjtq9A,@jorgecifuentes-m5g,UCLXYp1Cvc5DLtq5UQL5D9vw,TransLadrones ?,guatemala noticias,topic,youtube_guatemala_comments.csv | youtube_guatemala_plus_comments.csv,/@jorgecifuentes-m5g,hace 2 semanas,3,1,False,,@jorgecifuentes-m5g,Noti7,Capturan a presuntos delincuentes disfrazados de mujer señalados de cometer asalto,guatemala noticias,topic,@jorgecifuentes-m5g,@jorgecifuentes-m5g,3.0,False,3,1,False,False,hace 2 semanas,1 sem - 1 mes,14.0,TransLadrones ?,transladron,transladrones,[],[],[],[],0,0,0,0,TransLadrones ?,15,11,2,1,True,False,Capturan a presuntos delincuentes disfrazados de mujer señalados de cometer asalto,UCVpSRoZgngfSL03Nlbjtq9A,Noti7,/@Noti7Guatemala,/@Noti7Guatemala,News & Politics,guatemala noticias,topic,6692,2026-08-13T22:00:12-07:00,2026-08-14 05:00:12+00:00,"[""Actualidad"", ""Asaltantes disfrazados"", ""Capturados Escuintla"", ""Guatemala"", ""Noti7"", ""Noticias"", ""PNC"", ""Televisiete"", ""información"", ""noticias"", ""capturas""]","[""Actualidad"", ""Asaltantes disfrazados"", ""Capturados Escuintla"", ""Guatemala"", ""Noti7"", ""Noticias"", ""PNC"", ""Televisiete"", ""información"", ""noticias"", ""capturas""]",La rápida acción policial frustró el plan de los sujetos que usaron minifaldas para huir.,11,https://www.youtube.com/watch?v=06mFNPU0aB8
06mFNPU0aB8,UgxEE17R1iQyuDZebVF4AaABAg.A_UFk_pMAbMA_VZ_0Vdu89,Capturan a presuntos delincuentes disfrazados de mujer señalados de cometer asalto,Noti7,UCVpSRoZgngfSL03Nlbjtq9A,@HonwayLee-z5g,UCfjhejO7LZy4doXURa7LZCQ,😂😂,guatemala noticias,topic,youtube_guatemala_comments.csv | youtube_guatemala_plus_comments.csv,/@HonwayLee-z5g,hace 2 semanas, ,0,False,,@HonwayLee-z5g,Noti7,Capturan a presuntos delincuentes disfrazados de mujer señalados de cometer asalto,guatemala noticias,topic,@HonwayLee-z5g,@honwaylee-z5g,,True,0,0,False,False,hace 2 semanas,1 sem - 1 mes,14.0,😂😂,,,[],[],[],"[""😂"", ""😂""]",0,0,0,2,emoji cara llorando de risa emoji emoji cara llorando de risa emoji,2,0,1,0,True,True,Capturan a presuntos delincuentes disfrazados de mujer señalados de cometer asalto,UCVpSRoZgngfSL03Nlbjtq9A,Noti7,/@Noti7Guatemala,/@Noti7Guatemala,News & Politics,guatemala noticias,topic,6692,2026-08-13T22:00:12-07:00,2026-08-14 05:00:12+00:00,"[""Actualidad"", ""Asaltantes disfrazados"", ""Capturados Escuintla"", ""Guatemala"", ""Noti7"", ""Noticias"", ""PNC"", ""Televisiete"", ""información"", ""noticias"", ""capturas""]","[""Actualidad"", ""Asaltantes disfrazados"", ""Capturados Escuintla"", ""Guatemala"", ""Noti7"", ""Noticias"", ""PNC"", ""Televisiete"", ""información"", ""noticias"", ""capturas""]",La rápida acción policial frustró el plan de los sujetos que usaron minifaldas para huir.,11,https://www.youtube.com/watch?v=06mFNPU0aB8
n8iP75gIpmw,UgxE_8DGgJmaHaV_WLJ4AaABAg,Qué rico come tu diputado,Quorum,UCE4rsXcgDb6e1-a9iTbWzfg,@romeolopezherrarte799,UCplrIQtaPj6au60_f2-mOYw,JAJAJAJA  SE METEN A HACER UN PROYECTO DE FERROCARRIL  A GUATEMALA LA DEJAN COMO ÁFRICA,@quorumgt/videos,channel,quorum_complete_comments.csv | youtube_guatemala_plus_comments.csv,/@romeolopezherrarte799,hace 2 años, ,0,False,,@romeolopezherrarte799,Quorum,Qué rico come tu diputado,@quorumgt/videos,channel,@romeolopezherrarte799,@romeolopezherrarte799,,True,0,0,False,False,hace 2 años,1 - 2 anos,730.5,JAJAJAJA  SE METEN A HACER UN PROYECTO DE FERROCARRIL  A GUATEMALA LA DEJAN COMO ÁFRICA,metar proyecto ferrocarril guatemala dejar africo,meten proyecto ferrocarril guatemala dejan africa,[],[],[],[],0,0,0,0,jaja SE METEN A HACER UN PROYECTO DE FERROCARRIL A GUATEMALA LA DEJAN COMO ÁFRICA,87,49,15,6,True,False,Qué rico come tu diputado,UCE4rsXcgDb6e1-a9iTbWzfg,Quorum,/@quorumgt,/@quorumgt,News & Politics,Quorum GT,topic,11775,2024-08-27T14:09:51-07:00,2024-08-27 21:09:51+00:00,[],[],"En @ConCriteriogt hablaron hoy sobre nuestro reportaje ""Qué rico come tu diputado"", en el que contamos los almuerzos más caros pagados con fondos públicos entre enero y abril de este año.

Entrevistaron al diputado Nery Rodas, de CABAL, quien asegura que son problemas ""mínimos"".

Si no has leído el repor podés hacerlo acá https://quorum.gt/poder/comida_diputados/",0,https://www.youtube.com/watch?v=n8iP75gIpmw
6W4u8sGEnGM,UgxEsAK7q3l34wFdZ414AaABAg,Inician los trabajos de recuperación del Puente Belice II.,Gobierno de la República de Guatemala,UC-ZtFBHzgkYFh7whZkuR_Ag,@RolandoGonzalez-o7g,UCql1n3Ey6ULMSOACjMe-fxQ,"El Salvador que es un país tan pequeño está haciendo maravillas en su estructura su presidente.
  Y Guatemala que es un mega país, va tan atrasado como la  tortuga.",Gobierno de la República de Guatemala,topic,youtube_guatemala_plus_comments.csv | youtube_lab_targets_small_comments.csv,/@RolandoGonzalez-o7g,hace 6 días,6,7,False,,@RolandoGonzalez-o7g,Gobierno de la República de Guatemala,Inician los trabajos de recuperación del Puente Belice II.,Gobierno de la República de Guatemala,topic,@RolandoGonzalez-o7g,@rolandogonzalez-o7g,6.0,False,6,7,False,False,hace 6 días,<1 semana,6.0,"El Salvador que es un país tan pequeño está haciendo maravillas en su estructura su presidente.
  Y Guatemala que es un mega país, va tan atrasado como la  tortuga.",salvador pequeno maravilla estructura presidente guatemala mega atrasado tortuga,salvador pequeno maravillas estructura presidente guatemala mega atrasado tortuga,[],[],[],[],0,0,0,0,"El Salvador que es un país tan pequeño está haciendo maravillas en su estructura su presidente. Y Guatemala que es un mega país, va tan atrasado como la tortuga.",164,80,29,9,True,False,Inician los trabajos de recuperación del Puente Belice II.,UC-ZtFBHzgkYFh7whZkuR_Ag,Gobierno de la República de Guatemala,/@GobiernodelaRepublicadeGuatema,/@GobiernodelaRepublicadeGuatema,Entertainment,Gobierno de la República de Guatemala,topic,11670,2026-08-26T21:00:47-07:00,2026-08-27 04:00:47+00:00,[],[],Inician los trabajos de recuperación del Puente Belice II.,0,https://www.youtube.com/watch?v=6W4u8sGEnGM
6W4u8sGEnGM,UgxEsAK7q3l34wFdZ414AaABAg.A_zCnf5bSajA_zKDdWQaaO,Inician los trabajos de recuperación del Puente Belice II.,Gobierno de la República de Guatemala,UC-ZtFBHzgkYFh7whZkuR_Ag,@luisricardo9671,UCZFQwqh90apuL8eFhvRBkUg,"Nayib Bukele lleva 7 años como presidente de El Salvador teniendo todos los poderes del estado a su favor, y el de Guate con todas las trabas que le pusieron los 2 primeros años, y queres un mega pais en 3 años no jodas, ni un edificio de 15 niveles lo terminan en 4 años, no esperes que la corrupcion de 30 años la solucionen en un periodo de gobierno estan dejando simientos pero si seguimos poniendo presidentes como los antecesores de este olvidate que ese puente lo terminen y seguiras viendo el pais en ruinas.",Gobierno de la República de Guatemala,topic,youtube_guatemala_plus_comments.csv | youtube_lab_targets_small_comments.csv,/@luisricardo9671,hace 6 días,9,0,False,,@luisricardo9671,Gobierno de la República de Guatemala,Inician los trabajos de recuperación del Puente Belice II.,Gobierno de la República de Guatemala,topic,@luisricardo9671,@luisricardo9671,9.0,False,9,0,False,False,hace 6 días,<1 semana,6.0,"Nayib Bukele lleva 7 años como presidente de El Salvador teniendo todos los poderes del estado a su favor, y el de Guate con todas las trabas que le pusieron los 2 primeros años, y queres un mega pais en 3 años no jodas, ni un edificio de 15 niveles lo terminan en 4 años, no esperes que la corrupcion de 30 años la solucionen en un periodo de gobierno estan dejando simientos pero si seguimos poniendo presidentes como los antecesores de este olvidate que ese puente lo terminen y seguiras viendo el pais en ruinas.",nayib bukele anos presidente salvador favor guatar traba ano quer megar anos joda edificio nivel terminar ano esper corrupcion ano solucionar periodo gobierno dejar simiento seguir president antecesor olvidatir puente terminir seguira ruina,nayib bukele anos presidente salvador poderes favor guate trabas pusieron anos queres mega anos jodas edificio niveles terminan anos esperes corrupcion anos solucionen periodo gobierno dejando simientos seguimos poniendo presidentes antecesores olvidate puente terminen seguiras viendo ruinas,[],[],[],[],0,0,0,0,"Nayib Bukele lleva 7 años como presidente de El Salvador teniendo todos los poderes del estado a su favor, y el de Guate con todas las trabas que le pusieron los 2 primeros años, y queres un mega pais en 3 años no jodas, ni un edificio de 15 niveles lo terminan en 4 años, no esperes que la corrupcion de 30 años la solucionen en un periodo de gobierno estan dejando simientos pero si seguimos poniendo presidentes como los antecesores de este olvidate que ese puente lo terminen y seguiras viendo el pais en ruinas.",516,240,96,33,True,False,Inician los trabajos de recuperación del Puente Belice II.,UC-ZtFBHzgkYFh7whZkuR_Ag,Gobierno de la República de Guatemala,/@GobiernodelaRepublicadeGuatema,/@GobiernodelaRepublicadeGuatema,Entertainment,Gobierno de la República de Guatemala,topic,11670,2026-08-26T21:00:47-07:00,2026-08-27 04:00:47+00:00,[],[],Inician los trabajos de recuperación del Puente Belice II.,0,https://www.youtube.com/watch?v=6W4u8sGEnGM
6W4u8sGEnGM,UgxEsAK7q3l34wFdZ414AaABAg.A_zCnf5bSajA_zMcZPgoSk,Inician los trabajos de recuperación del Puente Belice II.,Gobierno de la República de Guatemala,UC-ZtFBHzgkYFh7whZkuR_Ag,@Israel-u5i7i,UCoGdCoJg2Lh0OX_jv6cG16g,​ @luisricardo9671 comentario bien acertado saludos amigo🧐🧐🧐,Gobierno de la República de Guatemala,topic,youtube_guatemala_plus_comments.csv | youtube_lab_targets_small_comments.csv,/@Israel-u5i7i,hace 6 días,2,0,False,,@Israel-u5i7i,Gobierno de la República de Guatemala,Inician los trabajos de recuperación del Puente Belice II.,Gobierno de la República de Guatemala,topic,@Israel-u5i7i,@israel-u5i7i,2.0,False,2,0,False,False,hace 6 días,<1 semana,6.0,​ @luisricardo9671 comentario bien acertado saludos amigo🧐🧐🧐,comentario acertado saludos amigo,comentario acertado saludos amigo,[],"[""luisricardo9671""]",[],"[""🧐"", ""🧐"", ""🧐""]",0,1,0,3,​ @usuario comentario bien acertado saludos amigo emoji cara con monóculo emoji emoji cara con monóculo emoji emoji cara con monóculo emoji,60,33,7,4,True,False,Inician los trabajos de recuperación del Puente Belice II.,UC-ZtFBHzgkYFh7whZkuR_Ag,Gobierno de la República de Guatemala,/@GobiernodelaRepublicadeGuatema,/@GobiernodelaRepublicadeGuatema,Entertainment,Gobierno de la República de Guatemala,topic,11670,2026-08-26T21:00:47-07:00,2026-08-27 04:00:47+00:00,[],[],Inician los trabajos de recuperación del Puente Belice II.,0,https://www.youtube.com/watch?v=6W4u8sGEnGM
6W4u8sGEnGM,UgxEsAK7q3l34wFdZ414AaABAg.A_zCnf5bSajA_zX0eQk5DZ,Inician los trabajos de recuperación del Puente Belice II.,Gobierno de la República de Guatemala,UC-ZtFBHzgkYFh7whZkuR_Ag,@Murmullodelbarrio,UCyJhqmMbsvjpoarBBStA2kg,"Vos risa das lagarto h..... e p....... a
Ya quisieras que esto lo tuvieras en el Salvador 
A chngr a su madre a su país agrandado de m.....",Gobierno de la República de Guatemala,topic,youtube_guatemala_plus_comments.csv | youtube_lab_targets_small_comments.csv,/@Murmullodelbarrio,hace 6 días, ,0,False,,@Murmullodelbarrio,Gobierno de la República de Guatemala,Inician los trabajos de recuperación del Puente Belice II.,Gobierno de la República de Guatemala,topic,@Murmullodelbarrio,@murmullodelbarrio,,True,0,0,False,False,hace 6 días,<1 semana,6.0,"Vos risa das lagarto h..... e p....... a
Ya quisieras que esto lo tuvieras en el Salvador 
A chngr a su madre a su país agrandado de m.....",risa lagarto quisiera salvador chngr madre agrandado,vos risa das lagarto quisieras salvador chngr madre agrandado,[],[],[],[],0,0,0,0,Vos risa das lagarto h... e p... a Ya quisieras que esto lo tuvieras en el Salvador A chngr a su madre a su país agrandado de m...,139,52,28,7,True,False,Inician los trabajos de recuperación del Puente Belice II.,UC-ZtFBHzgkYFh7whZkuR_Ag,Gobierno de la República de Guatemala,/@GobiernodelaRepublicadeGuatema,/@GobiernodelaRepublicadeGuatema,Entertainment,Gobierno de la República de Guatemala,topic,11670,2026-08-26T21:00:47-07:00,2026-08-27 04:00:47+00:00,[],[],Inician los trabajos de recuperación del Puente Belice II.,0,https://www.youtube.com/watch?v=6W4u8sGEnGM
6W4u8sGEnGM,UgxEsAK7q3l34wFdZ414AaABAg.A_zCnf5bSajA_zXHoAX3hj,Inician los trabajos de recuperación del Puente Belice II.,Gobierno de la República de Guatemala,UC-ZtFBHzgkYFh7whZkuR_Ag,@Murmullodelbarrio,UCyJhqmMbsvjpoarBBStA2kg,"​ @luisricardo9671 
Y ni así ha hecho algo similar el Bujele
Solo en seguridad ya se terminó toda la economía de el Pulgarcito y ya no tiene ni quien le preste más dinero",Gobierno de la República de Guatemala,topic,youtube_guatemala_plus_comments.csv | youtube_lab_targets_small_comments.csv,/@Murmullodelbarrio,hace 6 días,3,0,False,,@Murmullodelbarrio,Gobierno de la República de Guatemala,Inician los trabajos de recuperación del Puente Belice II.,Gobierno de la República de Guatemala,topic,@Murmullodelbarrio,@murmullodelbarrio,3.0,False,3,0,False,False,hace 6 días,<1 semana,6.0,"​ @luisricardo9671 
Y ni así ha hecho algo similar el Bujele
Solo en seguridad ya se terminó toda la economía de el Pulgarcito y ya no tiene ni quien le preste más dinero",similar bujele seguridad termino economio pulgarcito prestir dinero,similar bujele seguridad termino economia pulgarcito preste dinero,[],"[""luisricardo9671""]",[],[],0,1,0,0,​ @usuario Y ni así ha hecho algo similar el Bujele Solo en seguridad ya se terminó toda la economía de el Pulgarcito y ya no tiene ni quien le preste más dinero,170,67,33,8,True,False,Inician los trabajos de recuperación del Puente Belice II.,UC-ZtFBHzgkYFh7whZkuR_Ag,Gobierno de la República de Guatemala,/@GobiernodelaRepublicadeGuatema,/@GobiernodelaRepublicadeGuatema,Entertainment,Gobierno de la República de Guatemala,topic,11670,2026-08-26T21:00:47-07:00,2026-08-27 04:00:47+00:00,[],[],Inician los trabajos de recuperación del Puente Belice II.,0,https://www.youtube.com/watch?v=6W4u8sGEnGM
6W4u8sGEnGM,UgxEsAK7q3l34wFdZ414AaABAg.A_zCnf5bSajA_zXUuRIq0q,Inician los trabajos de recuperación del Puente Belice II.,Gobierno de la República de Guatemala,UC-ZtFBHzgkYFh7whZkuR_Ag,@Murmullodelbarrio,UCyJhqmMbsvjpoarBBStA2kg,"Vos Rolando
Tu Bujele lleva 7 años con la cuesta los chorros y ni eso puede terminar
Ja jaaaaaaaaa viva Guatemala",Gobierno de la República de Guatemala,topic,youtube_guatemala_plus_comments.csv | youtube_lab_targets_small_comments.csv,/@Murmullodelbarrio,hace 6 días,4,0,False,,@Murmullodelbarrio,Gobierno de la República de Guatemala,Inician los trabajos de recuperación del Puente Belice II.,Gobierno de la República de Guatemala,topic,@Murmullodelbarrio,@murmullodelbarrio,4.0,False,4,0,False,False,hace 6 días,<1 semana,6.0,"Vos Rolando
Tu Bujele lleva 7 años con la cuesta los chorros y ni eso puede terminar
Ja jaaaaaaaaa viva Guatemala",rolar bujele ano costar chorro terminar jaa vivo guatemala,vos rolando bujele anos cuesta chorros terminar jaa viva guatemala,[],[],[],[],0,0,0,0,Vos Rolando Tu Bujele lleva 7 años con la cuesta los chorros y ni eso puede terminar Ja jaja viva Guatemala,113,58,21,9,True,False,Inician los trabajos de recuperación del Puente Belice II.,UC-ZtFBHzgkYFh7whZkuR_Ag,Gobierno de la República de Guatemala,/@GobiernodelaRepublicadeGuatema,/@GobiernodelaRepublicadeGuatema,Entertainment,Gobierno de la República de Guatemala,topic,11670,2026-08-26T21:00:47-07:00,2026-08-27 04:00:47+00:00,[],[],Inician los trabajos de recuperación del Puente Belice II.,0,https://www.youtube.com/watch?v=6W4u8sGEnGM
6W4u8sGEnGM,UgxEsAK7q3l34wFdZ414AaABAg.A_zCnf5bSajA_znUL05zze,Inician los trabajos de recuperación del Puente Belice II.,Gobierno de la República de Guatemala,UC-ZtFBHzgkYFh7whZkuR_Ag,@AbigailRodas-w2r,UC63tFvbQ_hJhGDi2nbjssjw,Que fácil te dejas engañar al parecer todas se las crees a Bukeli,Gobierno de la República de Guatemala,topic,youtube_guatemala_plus_comments.csv | youtube_lab_targets_small_comments.csv,/@AbigailRodas-w2r,hace 6 días,2,0,False,,@AbigailRodas-w2r,Gobierno de la República de Guatemala,Inician los trabajos de recuperación del Puente Belice II.,Gobierno de la República de Guatemala,topic,@AbigailRodas-w2r,@abigailrodas-w2r,2.0,False,2,0,False,False,hace 6 días,<1 semana,6.0,Que fácil te dejas engañar al parecer todas se las crees a Bukeli,facil deja enganar parecer crees bukeli,facil dejas enganar parecer crees bukeli,[],[],[],[],0,0,0,0,Que fácil te dejas engañar al parecer todas se las crees a Bukeli,65,39,13,6,True,False,Inician los trabajos de recuperación del Puente Belice II.,UC-ZtFBHzgkYFh7whZkuR_Ag,Gobierno de la República de Guatemala,/@GobiernodelaRepublicadeGuatema,/@GobiernodelaRepublicadeGuatema,Entertainment,Gobierno de la República de Guatemala,topic,11670,2026-08-26T21:00:47-07:00,2026-08-27 04:00:47+00:00,[],[],Inician los trabajos de recuperación del Puente Belice II.,0,https://www.youtube.com/watch?v=6W4u8sGEnGM
6W4u8sGEnGM,UgxEsAK7q3l34wFdZ414AaABAg.A_zCnf5bSajAa0q77b9a3F,Inician los trabajos de recuperación del Puente Belice II.,Gobierno de la República de Guatemala,UC-ZtFBHzgkYFh7whZkuR_Ag,@carlosgranados9875,UCtCtts20bW6F9CSohau51Iw,"Y cual mega maravillas de guanacolandia, un estadio chino, un metro cable de 3 kilometros de distancia y un via llamada los chorros que lleva como 5 años y nunca lo terminan. Por favor investiga un poco antes de abrir la bocota. Haaa¡ y se me olvidaba  la gran deuda externa que tienen.☝️🧐🇬🇹🇬🇹🇬🇹🇬🇹",Gobierno de la República de Guatemala,topic,youtube_guatemala_plus_comments.csv | youtube_lab_targets_small_comments.csv,/@carlosgranados9875,hace 5 días, ,0,False,,@carlosgranados9875,Gobierno de la República de Guatemala,Inician los trabajos de recuperación del Puente Belice II.,Gobierno de la República de Guatemala,topic,@carlosgranados9875,@carlosgranados9875,,True,0,0,False,False,hace 5 días,<1 semana,5.0,"Y cual mega maravillas de guanacolandia, un estadio chino, un metro cable de 3 kilometros de distancia y un via llamada los chorros que lleva como 5 años y nunca lo terminan. Por favor investiga un poco antes de abrir la bocota. Haaa¡ y se me olvidaba  la gran deuda externa que tienen.☝️🧐🇬🇹🇬🇹🇬🇹🇬🇹",megar maravilla guanacolandia estadio chino metro cable kilometro distancia via llamado chorro ano terminar favor investigar abrir bocota haa olvidar deuda externo,mega maravillas guanacolandia estadio chino metro cable kilometros distancia via llamada chorros anos terminan favor investiga abrir bocota haa olvidaba deuda externa,[],[],[],"[""☝️"", ""🧐"", ""🇬🇹"", ""🇬🇹"", ""🇬🇹"", ""🇬🇹""]",0,0,0,6,"Y cual mega maravillas de guanacolandia, un estadio chino, un metro cable de 3 kilometros de distancia y un via llamada los chorros que lleva como 5 años y nunca lo terminan. Por favor investiga un poco antes de abrir la bocota. jaja¡ y se me olvidaba la gran deuda externa que tienen. emoji dedo índice hacia arriba emoji emoji cara con monóculo emoji emoji bandera guatemala emoji emoji bandera guatemala emoji emoji bandera guatemala emoji emoji bandera guatemala emoji",297,163,53,22,True,False,Inician los trabajos de recuperación del Puente Belice II.,UC-ZtFBHzgkYFh7whZkuR_Ag,Gobierno de la República de Guatemala,/@GobiernodelaRepublicadeGuatema,/@GobiernodelaRepublicadeGuatema,Entertainment,Gobierno de la República de Guatemala,topic,11670,2026-08-26T21:00:47-07:00,2026-08-27 04:00:47+00:00,[],[],Inician los trabajos de recuperación del Puente Belice II.,0,https://www.youtube.com/watch?v=6W4u8sGEnGM
6W4u8sGEnGM,UgxEsAK7q3l34wFdZ414AaABAg.A_zCnf5bSajAa0qEPC8tJc,Inician los trabajos de recuperación del Puente Belice II.,Gobierno de la República de Guatemala,UC-ZtFBHzgkYFh7whZkuR_Ag,@carlosgranados9875,UCtCtts20bW6F9CSohau51Iw,​ @Murmullodelbarrio 👍🇬🇹,Gobierno de la República de Guatemala,topic,youtube_guatemala_plus_comments.csv | youtube_lab_targets_small_comments.csv,/@carlosgranados9875,hace 5 días, ,0,False,,@carlosgranados9875,Gobierno de la República de Guatemala,Inician los trabajos de recuperación del Puente Belice II.,Gobierno de la República de Guatemala,topic,@carlosgranados9875,@carlosgranados9875,,True,0,0,False,False,hace 5 días,<1 semana,5.0,​ @Murmullodelbarrio 👍🇬🇹,,,[],"[""murmullodelbarrio""]",[],"[""👍"", ""🇬🇹""]",0,1,0,2,​ @usuario emoji pulgar hacia arriba emoji emoji bandera guatemala emoji,24,0,3,0,True,True,Inician los trabajos de recuperación del Puente Belice II.,UC-ZtFBHzgkYFh7whZkuR_Ag,Gobierno de la República de Guatemala,/@GobiernodelaRepublicadeGuatema,/@GobiernodelaRepublicadeGuatema,Entertainment,Gobierno de la República de Guatemala,topic,11670,2026-08-26T21:00:47-07:00,2026-08-27 04:00:47+00:00,[],[],Inician los trabajos de recuperación del Puente Belice II.,0,https://www.youtube.com/watch?v=6W4u8sGEnGM
6W4u8sGEnGM,UgxEsAK7q3l34wFdZ414AaABAg.A_zCnf5bSajAa41uU3Anhg,Inician los trabajos de recuperación del Puente Belice II.,Gobierno de la República de Guatemala,UC-ZtFBHzgkYFh7whZkuR_Ag,@hectormaaz5523,UCWaRixDdpgllTBf4V0jPnKQ,Por que votas por los payasos ledrones pollo roncos que han robado el pais trata de arrepentirte y no volver apoyar a sus amigos que ae estan preparando para buscar y pagar votantes,Gobierno de la República de Guatemala,topic,youtube_guatemala_plus_comments.csv | youtube_lab_targets_small_comments.csv,/@hectormaaz5523,hace 4 días, ,0,False,,@hectormaaz5523,Gobierno de la República de Guatemala,Inician los trabajos de recuperación del Puente Belice II.,Gobierno de la República de Guatemala,topic,@hectormaaz5523,@hectormaaz5523,,True,0,0,False,False,hace 4 días,<1 semana,4.0,Por que votas por los payasos ledrones pollo roncos que han robado el pais trata de arrepentirte y no volver apoyar a sus amigos que ae estan preparando para buscar y pagar votantes,vota payaso ledron pollo ronco robado arrepentirte volver apoyar amigo preparar buscar pagar votante,votas payasos ledrones pollo roncos robado arrepentirte volver apoyar amigos preparando buscar pagar votantes,[],[],[],[],0,0,0,0,Por que votas por los payasos ledrones pollo roncos que han robado el pais trata de arrepentirte y no volver apoyar a sus amigos que ae estan preparando para buscar y pagar votantes,181,100,33,14,True,False,Inician los trabajos de recuperación del Puente Belice II.,UC-ZtFBHzgkYFh7whZkuR_Ag,Gobierno de la República de Guatemala,/@GobiernodelaRepublicadeGuatema,/@GobiernodelaRepublicadeGuatema,Entertainment,Gobierno de la República de Guatemala,topic,11670,2026-08-26T21:00:47-07:00,2026-08-27 04:00:47+00:00,[],[],Inician los trabajos de recuperación del Puente Belice II.,0,https://www.youtube.com/watch?v=6W4u8sGEnGM
n8iP75gIpmw,UgxFOJmnMHqi2dpDaZd4AaABAg,Qué rico come tu diputado,Quorum,UCE4rsXcgDb6e1-a9iTbWzfg,@RolandoRaguay,UCcfdg8crmMJwEuLUsAhV7yg,"Creo que no entienden los Sres periodistas, la comida de trabajo que se hace con personas ajenas del congreso se debe de pagar con dinero del pueblo, más no como antes que en las reuniones del congreso comían gratis todos los diputados",@quorumgt/videos,channel,quorum_complete_comments.csv | youtube_guatemala_plus_comments.csv,/@RolandoRaguay,hace 2 años,1,0,False,,@RolandoRaguay,Quorum,Qué rico come tu diputado,@quorumgt/videos,channel,@RolandoRaguay,@rolandoraguay,1.0,False,1,0,False,False,hace 2 años,1 - 2 anos,730.5,"Creo que no entienden los Sres periodistas, la comida de trabajo que se hace con personas ajenas del congreso se debe de pagar con dinero del pueblo, más no como antes que en las reuniones del congreso comían gratis todos los diputados",entender periodista comida trabajo persona ajeno congreso pagar dinero pueblo reunion congreso comian gratis diputado,entienden sres periodistas comida trabajo personas ajenas congreso pagar dinero pueblo reuniones congreso comian gratis diputados,[],[],[],[],0,0,0,0,"Creo que no entienden los Sres periodistas, la comida de trabajo que se hace con personas ajenas del congreso se debe de pagar con dinero del pueblo, más no como antes que en las reuniones del congreso comían gratis todos los diputados",235,117,42,15,True,False,Qué rico come tu diputado,UCE4rsXcgDb6e1-a9iTbWzfg,Quorum,/@quorumgt,/@quorumgt,News & Politics,Quorum GT,topic,11775,2024-08-27T14:09:51-07:00,2024-08-27 21:09:51+00:00,[],[],"En @ConCriteriogt hablaron hoy sobre nuestro reportaje ""Qué rico come tu diputado"", en el que contamos los almuerzos más caros pagados con fondos públicos entre enero y abril de este año.

Entrevistaron al diputado Nery Rodas, de CABAL, quien asegura que son problemas ""mínimos"".

Si no has leído el repor podés hacerlo acá https://quorum.gt/poder/comida_diputados/",0,https://www.youtube.com/watch?v=n8iP75gIpmw
j43HgwYFKfk,UgxFzCyhju6zPSl4zwZ4AaABAg,La cooptación de Walter Mazariegos en la USAC,Quorum,UCE4rsXcgDb6e1-a9iTbWzfg,@alfredoortega9264,UC6Uj1FT5JjDSF8vudvDxPAA,Bendiciones a la licenciada periodista Vásquez que Dios proteja su camino y la guarde siempre durante su trabajo en pos de la universidad 🙏,@quorumgt/videos,channel,quorum_complete_comments.csv | youtube_guatemala_plus_comments.csv,/@alfredoortega9264,hace 1 año,1,0,False,,@alfredoortega9264,Quorum,La cooptación de Walter Mazariegos en la USAC,@quorumgt/videos,channel,@alfredoortega9264,@alfredoortega9264,1.0,False,1,0,False,False,hace 1 año,1 mes - 1 ano,365.25,Bendiciones a la licenciada periodista Vásquez que Dios proteja su camino y la guarde siempre durante su trabajo en pos de la universidad 🙏,bendicion licenciado periodista vasquez dios proteger camino guardar trabajo pos universidad,bendiciones licenciada periodista vasquez dios proteja camino guarde trabajo pos universidad,[],[],[],"[""🙏""]",0,0,0,1,Bendiciones a la licenciada periodista Vásquez que Dios proteja su camino y la guarde siempre durante su trabajo en pos de la universidad emoji manos en oración emoji,139,92,24,11,True,False,La cooptación de Walter Mazariegos en la USAC,UCE4rsXcgDb6e1-a9iTbWzfg,Quorum,/@quorumgt,/@quorumgt,News & Politics,@quorumgt,topic,10156,2024-09-26T15:00:17-07:00,2024-09-26 22:00:17+00:00,"[""USAC"", ""Walter Mazariegos"", ""Mazariegos rector"", ""Fraude USAC"", ""Elecciones USAC"", ""Toma USAC"", ""CSU USAC"", ""Quorum GT"", ""Periodismo Guatemala"", ""Luis Cordón USAC""]","[""USAC"", ""Walter Mazariegos"", ""Mazariegos rector"", ""Fraude USAC"", ""Elecciones USAC"", ""Toma USAC"", ""CSU USAC"", ""Quorum GT"", ""Periodismo Guatemala"", ""Luis Cordón USAC""]","🚨El rector de facto de la #USAC, Walter Mazariegos, tiene una alianza que le permite controlar un presupuesto millonario, quitar a sus opositores del camino y colocar a sus allegados en puestos importantes. Más de la mitad de sus cómplices en el Consejo Superior Universitario (CSU) se han prolongado en el poder y no tienen la intención de soltarlo.

👁️ Aunque las cosas podrían cambiar…

Ayudanos compartiendo, comentando y dándole like a este video.

🔍 También podés leer el reportaje completo en este link👉🏻 https://quorum.gt/poder/captura/usac/mazariegos_csu/

📲 Seguí a Quorum en todas las redes para ver más contenido interesante de #Guatemala.

⚫️ X: https://twitter.com/QuorumGT
🟣 Instagram: https://www.instagram.com/holaquorum?igsh=a2l2MHp6dXA5aGg4
🟠 TikTok:https://www.tiktok.com/@quorumgt?_t=8q3C9YsmOiT&_r=1
🔵 Facebook: https://www.facebook.com/QuorumGT?mibextid=LQQJ4d
🟢 Canal de WhatsApp: https://whatsapp.com/channel/0029Va8IZV65PO0ul2cBdD0l",10,https://www.youtube.com/watch?v=j43HgwYFKfk
n8iP75gIpmw,UgxHqBlwo8Dpvv-2P5d4AaABAg,Qué rico come tu diputado,Quorum,UCE4rsXcgDb6e1-a9iTbWzfg,@anaaguirre8985,UCj-LL25XJnjxepPKCc3NGog,"Es claro nesecitan fondos=caja chica estos recursos deben ser canalizados e implementado  material utilizado las comidas podría ser en fondo general si tuviesen invitados en una sesión extendida, tener un piso por persona. (No comprar lujos)
Esperemos ver otras facturas de diferentes bancadas.
Y apoyo toda fiscalización",@quorumgt/videos,channel,quorum_complete_comments.csv | youtube_guatemala_plus_comments.csv,/@anaaguirre8985,hace 2 años,1,0,False,,@anaaguirre8985,Quorum,Qué rico come tu diputado,@quorumgt/videos,channel,@anaaguirre8985,@anaaguirre8985,1.0,False,1,0,False,False,hace 2 años,1 - 2 anos,730.5,"Es claro nesecitan fondos=caja chica estos recursos deben ser canalizados e implementado  material utilizado las comidas podría ser en fondo general si tuviesen invitados en una sesión extendida, tener un piso por persona. (No comprar lujos)
Esperemos ver otras facturas de diferentes bancadas.
Y apoyo toda fiscalización",nesecitar fondo cajar chico recurso canalizado implementado material utilizado comida fondo general invitados sesion extendido piso persona comprar lujo esperer factura bancada apoyo fiscalizacion,nesecitan fondos caja chica recursos canalizados implementado material utilizado comidas fondo general invitados sesion extendida piso persona comprar lujos esperemos facturas bancadas apoyo fiscalizacion,[],[],[],[],0,0,0,0,"Es claro nesecitan fondos=caja chica estos recursos deben ser canalizados e implementado material utilizado las comidas podría ser en fondo general si tuviesen invitados en una sesión extendida, tener un piso por persona. (No comprar lujos) Esperemos ver otras facturas de diferentes bancadas. Y apoyo toda fiscalización",321,196,47,24,True,False,Qué rico come tu diputado,UCE4rsXcgDb6e1-a9iTbWzfg,Quorum,/@quorumgt,/@quorumgt,News & Politics,Quorum GT,topic,11775,2024-08-27T14:09:51-07:00,2024-08-27 21:09:51+00:00,[],[],"En @ConCriteriogt hablaron hoy sobre nuestro reportaje ""Qué rico come tu diputado"", en el que contamos los almuerzos más caros pagados con fondos públicos entre enero y abril de este año.

Entrevistaron al diputado Nery Rodas, de CABAL, quien asegura que son problemas ""mínimos"".

Si no has leído el repor podés hacerlo acá https://quorum.gt/poder/comida_diputados/",0,https://www.youtube.com/watch?v=n8iP75gIpmw
j43HgwYFKfk,UgxJQfg5iHA6vRWS0El4AaABAg,La cooptación de Walter Mazariegos en la USAC,Quorum,UCE4rsXcgDb6e1-a9iTbWzfg,@HectorCarranza-u4j4o,UC1DpqK6vaPEkBOMNvypsKYg,se tiene unir el pueblo y zacar a este corrupto y.criminal xq el pueblo manda no es este mafioso xq este wualter masariego esta sin visa x tramposo es aliado al.pacto de.corruptos y.fe todos los terriristas,@quorumgt/videos,channel,quorum_complete_comments.csv | youtube_guatemala_plus_comments.csv,/@HectorCarranza-u4j4o,hace 6 meses, ,0,False,,@HectorCarranza-u4j4o,Quorum,La cooptación de Walter Mazariegos en la USAC,@quorumgt/videos,channel,@HectorCarranza-u4j4o,@hectorcarranza-u4j4o,,True,0,0,False,False,hace 6 meses,1 mes - 1 ano,182.64,se tiene unir el pueblo y zacar a este corrupto y.criminal xq el pueblo manda no es este mafioso xq este wualter masariego esta sin visa x tramposo es aliado al.pacto de.corruptos y.fe todos los terriristas,unir pueblo zacar corrupto criminal pueblo mandar mafioso wualter masariego visa tramposo aliado pacto corrupto terrirista,unir pueblo zacar corrupto criminal pueblo manda mafioso wualter masariego visa tramposo aliado pacto corruptos terriristas,[],[],[],[],0,0,0,0,se tiene unir el pueblo y zacar a este corrupto y.criminal xq el pueblo manda no es este mafioso xq este wualter masariego esta sin visa x tramposo es aliado al.pacto de.corruptos y.fe todos los terriristas,206,122,36,16,True,False,La cooptación de Walter Mazariegos en la USAC,UCE4rsXcgDb6e1-a9iTbWzfg,Quorum,/@quorumgt,/@quorumgt,News & Politics,@quorumgt,topic,10156,2024-09-26T15:00:17-07:00,2024-09-26 22:00:17+00:00,"[""USAC"", ""Walter Mazariegos"", ""Mazariegos rector"", ""Fraude USAC"", ""Elecciones USAC"", ""Toma USAC"", ""CSU USAC"", ""Quorum GT"", ""Periodismo Guatemala"", ""Luis Cordón USAC""]","[""USAC"", ""Walter Mazariegos"", ""Mazariegos rector"", ""Fraude USAC"", ""Elecciones USAC"", ""Toma USAC"", ""CSU USAC"", ""Quorum GT"", ""Periodismo Guatemala"", ""Luis Cordón USAC""]","🚨El rector de facto de la #USAC, Walter Mazariegos, tiene una alianza que le permite controlar un presupuesto millonario, quitar a sus opositores del camino y colocar a sus allegados en puestos importantes. Más de la mitad de sus cómplices en el Consejo Superior Universitario (CSU) se han prolongado en el poder y no tienen la intención de soltarlo.

👁️ Aunque las cosas podrían cambiar…

Ayudanos compartiendo, comentando y dándole like a este video.

🔍 También podés leer el reportaje completo en este link👉🏻 https://quorum.gt/poder/captura/usac/mazariegos_csu/

📲 Seguí a Quorum en todas las redes para ver más contenido interesante de #Guatemala.

⚫️ X: https://twitter.com/QuorumGT
🟣 Instagram: https://www.instagram.com/holaquorum?igsh=a2l2MHp6dXA5aGg4
🟠 TikTok:https://www.tiktok.com/@quorumgt?_t=8q3C9YsmOiT&_r=1
🔵 Facebook: https://www.facebook.com/QuorumGT?mibextid=LQQJ4d
🟢 Canal de WhatsApp: https://whatsapp.com/channel/0029Va8IZV65PO0ul2cBdD0l",10,https://www.youtube.com/watch?v=j43HgwYFKfk
ndAZjHqzzT8,UgxK5IJwWigmJ56Xp7p4AaABAg,Internet: escoger el menos malo,Quorum,UCE4rsXcgDb6e1-a9iTbWzfg,@inge_vergueta,UCpsKOkt5iWTbenzeuq7dsmQ,Magistral información. Que debería ser viral y llegar a toda la población...,@quorumgt/videos,channel,quorum_complete_comments.csv | youtube_guatemala_plus_comments.csv,/@inge_vergueta,hace 2 años,1,0,False,,@inge_vergueta,Quorum,Internet: escoger el menos malo,@quorumgt/videos,channel,@inge_vergueta,@inge_vergueta,1.0,False,1,0,False,False,hace 2 años,1 - 2 anos,730.5,Magistral información. Que debería ser viral y llegar a toda la población...,magistral informacion deberio viral llegar poblacion,magistral informacion deberia viral llegar poblacion,[],[],[],[],0,0,0,0,Magistral información. Que debería ser viral y llegar a toda la población...,76,52,12,6,True,False,Internet: escoger el menos malo,UCE4rsXcgDb6e1-a9iTbWzfg,Quorum,/@quorumgt,/@quorumgt,News & Politics,@quorumgt/videos,channel,717,2024-05-16T18:15:07-07:00,2024-05-17 01:15:07+00:00,"[""economía"", ""principiantes"", ""ley de competencia"", ""duopolios"", ""guatemala"", ""tigo"", ""claro"", ""internet"", ""telefonía""]","[""economía"", ""principiantes"", ""ley de competencia"", ""duopolios"", ""guatemala"", ""tigo"", ""claro"", ""internet"", ""telefonía""]","📱Cuando vas a elegir un plan de internet o de llamadas te toca preguntarte ¿Cuál será el menos malo? o bien conformarte con la única de las dos compañías que tenga cobertura en tu zona.

💸 Hablamos de #LasMañasDelNegocio de las telecomunicaciones. Merecemos un buen servicio.",9,https://www.youtube.com/watch?v=ndAZjHqzzT8
n8iP75gIpmw,UgxKfM_nJMsGTkKkM8V4AaABAg,Qué rico come tu diputado,Quorum,UCE4rsXcgDb6e1-a9iTbWzfg,@luisgpacheco5858,UCDftMWXQoJ6nONfY7GVOVjg,"Diga hasta misa diputado hambriento, cualquier justificación es pretexto y deje de buscar protagonismo en un trabajo que no hace eficientemente, ojalá la gente sensata nunca más vuelva a dar un voto en una planilla en donde figuren tipos de esta vil calaña.",@quorumgt/videos,channel,quorum_complete_comments.csv | youtube_guatemala_plus_comments.csv,/@luisgpacheco5858,hace 2 años, ,0,False,,@luisgpacheco5858,Quorum,Qué rico come tu diputado,@quorumgt/videos,channel,@luisgpacheco5858,@luisgpacheco5858,,True,0,0,False,False,hace 2 años,1 - 2 anos,730.5,"Diga hasta misa diputado hambriento, cualquier justificación es pretexto y deje de buscar protagonismo en un trabajo que no hace eficientemente, ojalá la gente sensata nunca más vuelva a dar un voto en una planilla en donde figuren tipos de esta vil calaña.",misa diputado hambriento justificacion pretexto dejar buscar protagonismo trabajo eficientemente ojala sensato volver voto planillo figurir tipo vil calana,diga misa diputado hambriento justificacion pretexto deje buscar protagonismo trabajo eficientemente ojala sensata vuelva voto planilla figuren tipos vil calana,[],[],[],[],0,0,0,0,"Diga hasta misa diputado hambriento, cualquier justificación es pretexto y deje de buscar protagonismo en un trabajo que no hace eficientemente, ojalá la gente sensata nunca más vuelva a dar un voto en una planilla en donde figuren tipos de esta vil calaña.",257,155,43,19,True,False,Qué rico come tu diputado,UCE4rsXcgDb6e1-a9iTbWzfg,Quorum,/@quorumgt,/@quorumgt,News & Politics,Quorum GT,topic,11775,2024-08-27T14:09:51-07:00,2024-08-27 21:09:51+00:00,[],[],"En @ConCriteriogt hablaron hoy sobre nuestro reportaje ""Qué rico come tu diputado"", en el que contamos los almuerzos más caros pagados con fondos públicos entre enero y abril de este año.

Entrevistaron al diputado Nery Rodas, de CABAL, quien asegura que son problemas ""mínimos"".

Si no has leído el repor podés hacerlo acá https://quorum.gt/poder/comida_diputados/",0,https://www.youtube.com/watch?v=n8iP75gIpmw
n8iP75gIpmw,UgxLNf6Xy3xngPFLs594AaABAg,Qué rico come tu diputado,Quorum,UCE4rsXcgDb6e1-a9iTbWzfg,@beneficioelcaminovillacana8540,UCYwpX26TrCxq8TvbKGRYLXA,Sr diputado si ud sabe cuales son las condiciones del funcionamiento y sus consecuencias de ser diputado. Por qué se mete a ser diputado cual es su objetivo q le motiva  ser funcionario político. O acaso lo obligaron ?,@quorumgt/videos,channel,quorum_complete_comments.csv | youtube_guatemala_plus_comments.csv,/@beneficioelcaminovillacana8540,hace 2 años,3,0,False,,@beneficioelcaminovillacana8540,Quorum,Qué rico come tu diputado,@quorumgt/videos,channel,@beneficioelcaminovillacana8540,@beneficioelcaminovillacana8540,3.0,False,3,0,False,False,hace 2 años,1 - 2 anos,730.5,Sr diputado si ud sabe cuales son las condiciones del funcionamiento y sus consecuencias de ser diputado. Por qué se mete a ser diputado cual es su objetivo q le motiva  ser funcionario político. O acaso lo obligaron ?,diputado condicion funcionamiento consecuencia diputado meter diputado objetivo motiva funcionario politico acaso obligar,diputado condiciones funcionamiento consecuencias diputado mete diputado objetivo motiva funcionario politico acaso obligaron,[],[],[],[],0,0,0,0,Sr diputado si ud sabe cuales son las condiciones del funcionamiento y sus consecuencias de ser diputado. Por qué se mete a ser diputado cual es su objetivo q le motiva ser funcionario político. O acaso lo obligaron ?,218,121,39,13,True,False,Qué rico come tu diputado,UCE4rsXcgDb6e1-a9iTbWzfg,Quorum,/@quorumgt,/@quorumgt,News & Politics,Quorum GT,topic,11775,2024-08-27T14:09:51-07:00,2024-08-27 21:09:51+00:00,[],[],"En @ConCriteriogt hablaron hoy sobre nuestro reportaje ""Qué rico come tu diputado"", en el que contamos los almuerzos más caros pagados con fondos públicos entre enero y abril de este año.

Entrevistaron al diputado Nery Rodas, de CABAL, quien asegura que son problemas ""mínimos"".

Si no has leído el repor podés hacerlo acá https://quorum.gt/poder/comida_diputados/",0,https://www.youtube.com/watch?v=n8iP75gIpmw
n8iP75gIpmw,UgxLSZD8ZrNFmd10RKR4AaABAg,Qué rico come tu diputado,Quorum,UCE4rsXcgDb6e1-a9iTbWzfg,@gorrarota,UCUIIIPTVDVHAXqhC_5V6lPA,"Que desgraciado ese dipurrata, justificando lo injustificable... no sólo se reunen para planear sus transas si no que además pagamos la factura de esas reuniones y cuidado que menciona a Arévago con una de las transas que pretende hacer con lo de ""tecnología"" que dice es su trabajo como legislador.",@quorumgt/videos,channel,quorum_complete_comments.csv | youtube_guatemala_plus_comments.csv,/@gorrarota,hace 2 años, ,0,False,,@gorrarota,Quorum,Qué rico come tu diputado,@quorumgt/videos,channel,@gorrarota,@gorrarota,,True,0,0,False,False,hace 2 años,1 - 2 anos,730.5,"Que desgraciado ese dipurrata, justificando lo injustificable... no sólo se reunen para planear sus transas si no que además pagamos la factura de esas reuniones y cuidado que menciona a Arévago con una de las transas que pretende hacer con lo de ""tecnología"" que dice es su trabajo como legislador.",desgraciado dipurratar justificar injustificable reunir planear transa pagar factura reunion cuidado mencionar arevago transa pretender tecnologia trabajo legislador,desgraciado dipurrata justificando injustificable reunen planear transas pagamos factura reuniones cuidado menciona arevago transas pretende tecnologia trabajo legislador,[],[],[],[],0,0,0,0,"Que desgraciado ese dipurrata, justificando lo injustificable... no sólo se reunen para planear sus transas si no que además pagamos la factura de esas reuniones y cuidado que menciona a Arévago con una de las transas que pretende hacer con lo de ""tecnología"" que dice es su trabajo como legislador.",299,165,50,18,True,False,Qué rico come tu diputado,UCE4rsXcgDb6e1-a9iTbWzfg,Quorum,/@quorumgt,/@quorumgt,News & Politics,Quorum GT,topic,11775,2024-08-27T14:09:51-07:00,2024-08-27 21:09:51+00:00,[],[],"En @ConCriteriogt hablaron hoy sobre nuestro reportaje ""Qué rico come tu diputado"", en el que contamos los almuerzos más caros pagados con fondos públicos entre enero y abril de este año.

Entrevistaron al diputado Nery Rodas, de CABAL, quien asegura que son problemas ""mínimos"".

Si no has leído el repor podés hacerlo acá https://quorum.gt/poder/comida_diputados/",0,https://www.youtube.com/watch?v=n8iP75gIpmw
6W4u8sGEnGM,UgxNSGVebHMGSFI8zX94AaABAg,Inician los trabajos de recuperación del Puente Belice II.,Gobierno de la República de Guatemala,UC-ZtFBHzgkYFh7whZkuR_Ag,@josegil3813,UCzZ6dDCEsLMXbc5pCFXIprw,"tendra' una vista maravillosa , pero lo feo sera' la vista del rio aguas negras muy negativo para el turismo internacional.-",Gobierno de la República de Guatemala,topic,youtube_guatemala_plus_comments.csv | youtube_lab_targets_small_comments.csv,/@josegil3813,hace 6 días, ,0,False,,@josegil3813,Gobierno de la República de Guatemala,Inician los trabajos de recuperación del Puente Belice II.,Gobierno de la República de Guatemala,topic,@josegil3813,@josegil3813,,True,0,0,False,False,hace 6 días,<1 semana,6.0,"tendra' una vista maravillosa , pero lo feo sera' la vista del rio aguas negras muy negativo para el turismo internacional.-",vista maravillosa feo visto rio agua negro negativo turismo internacional,vista maravillosa feo vista rio aguas negras negativo turismo internacional,[],[],[],[],0,0,0,0,"tendra' una vista maravillosa , pero lo feo sera' la vista del rio aguas negras muy negativo para el turismo internacional.-",124,73,21,10,True,False,Inician los trabajos de recuperación del Puente Belice II.,UC-ZtFBHzgkYFh7whZkuR_Ag,Gobierno de la República de Guatemala,/@GobiernodelaRepublicadeGuatema,/@GobiernodelaRepublicadeGuatema,Entertainment,Gobierno de la República de Guatemala,topic,11670,2026-08-26T21:00:47-07:00,2026-08-27 04:00:47+00:00,[],[],Inician los trabajos de recuperación del Puente Belice II.,0,https://www.youtube.com/watch?v=6W4u8sGEnGM
PjmxCj-a9Hg,UgxNgFkGSE6nct4PF3V4AaABAg,Conferencia de Prensa del Gobierno de Guatemala. #LaRondaGt,Gobierno de la República de Guatemala,UC-ZtFBHzgkYFh7whZkuR_Ag,@juandeleon9060,UCNIeXbV_mEwpa412h1aqUWw,Regresa. Y. Bas de buelta. Ala carsel....,@GobiernodeGuatemala,topic,PjmxCj-a9Hg_out_comments.csv | youtube_guatemala_plus_comments.csv,/@juandeleon9060,hace 1 año, ,0,False,,@juandeleon9060,Gobierno de la República de Guatemala,Conferencia de Prensa del Gobierno de Guatemala. #LaRondaGt,@GobiernodeGuatemala,topic,@juandeleon9060,@juandeleon9060,,True,0,0,False,False,hace 1 año,1 mes - 1 ano,365.25,Regresa. Y. Bas de buelta. Ala carsel....,regresar bas buelta ala carsel,regresa bas buelta ala carsel,[],[],[],[],0,0,0,0,Regresa. Y. Bas de buelta. Ala carsel...,41,30,7,5,True,False,Conferencia de Prensa del Gobierno de Guatemala. #LaRondaGt,UC-ZtFBHzgkYFh7whZkuR_Ag,Gobierno de la República de Guatemala,/@GobiernodelaRepublicadeGuatema,/@GobiernodelaRepublicadeGuatema,Entertainment,@GobiernodeGuatemala,topic,3628,2025-08-11T20:14:15-07:00,2025-08-12 03:14:15+00:00,[],[],Conferencia de Prensa del Gobierno de Guatemala. #LaRondaGt,0,https://www.youtube.com/watch?v=PjmxCj-a9Hg
ndAZjHqzzT8,UgxOO0LIkZP1WvhR1U54AaABAg,Internet: escoger el menos malo,Quorum,UCE4rsXcgDb6e1-a9iTbWzfg,@imrcp5694,UC_6KbBY1bsYXz9fwFS0eQRg,Exelente 👌,@quorumgt/videos,channel,quorum_complete_comments.csv | youtube_guatemala_plus_comments.csv,/@imrcp5694,hace 2 años, ,0,False,,@imrcp5694,Quorum,Internet: escoger el menos malo,@quorumgt/videos,channel,@imrcp5694,@imrcp5694,,True,0,0,False,False,hace 2 años,1 - 2 anos,730.5,Exelente 👌,exelente,exelente,[],[],[],"[""👌""]",0,0,0,1,Exelente emoji señal de aprobación con la mano emoji,10,8,2,1,True,False,Internet: escoger el menos malo,UCE4rsXcgDb6e1-a9iTbWzfg,Quorum,/@quorumgt,/@quorumgt,News & Politics,@quorumgt/videos,channel,717,2024-05-16T18:15:07-07:00,2024-05-17 01:15:07+00:00,"[""economía"", ""principiantes"", ""ley de competencia"", ""duopolios"", ""guatemala"", ""tigo"", ""claro"", ""internet"", ""telefonía""]","[""economía"", ""principiantes"", ""ley de competencia"", ""duopolios"", ""guatemala"", ""tigo"", ""claro"", ""internet"", ""telefonía""]","📱Cuando vas a elegir un plan de internet o de llamadas te toca preguntarte ¿Cuál será el menos malo? o bien conformarte con la única de las dos compañías que tenga cobertura en tu zona.

💸 Hablamos de #LasMañasDelNegocio de las telecomunicaciones. Merecemos un buen servicio.",9,https://www.youtube.com/watch?v=ndAZjHqzzT8
6W4u8sGEnGM,UgxPHo503SIH-EmlR-t4AaABAg,Inician los trabajos de recuperación del Puente Belice II.,Gobierno de la República de Guatemala,UC-ZtFBHzgkYFh7whZkuR_Ag,@albertoshernandez5251,UCV3fr-YOixFKCZBbJP1-X4w,"EL PRESIDENTE BERNARDO AREVALO TIENE QUE DAR SEGUNDA BUELTA COMO PRESIDENTE PARA QUE TERMINE TODOS LOS PROYECTOS QUE LOS ANTERIORES PRESINTES LADRONES NO FINALISARON .,EL PRESIDENTE BERNARDO AREVALO TIENE QUE DAR SEGUNDA BUELTA PORQUE SE VE MUY BIÉN QUE SI ESTA HACIENDO MUCHAS COSAS BUENAS EN GUATEMALA 👍.",Gobierno de la República de Guatemala,topic,youtube_guatemala_plus_comments.csv | youtube_lab_targets_small_comments.csv,/@albertoshernandez5251,hace 6 días,2,0,False,,@albertoshernandez5251,Gobierno de la República de Guatemala,Inician los trabajos de recuperación del Puente Belice II.,Gobierno de la República de Guatemala,topic,@albertoshernandez5251,@albertoshernandez5251,2.0,False,2,0,False,False,hace 6 días,<1 semana,6.0,"EL PRESIDENTE BERNARDO AREVALO TIENE QUE DAR SEGUNDA BUELTA COMO PRESIDENTE PARA QUE TERMINE TODOS LOS PROYECTOS QUE LOS ANTERIORES PRESINTES LADRONES NO FINALISARON .,EL PRESIDENTE BERNARDO AREVALO TIENE QUE DAR SEGUNDA BUELTA PORQUE SE VE MUY BIÉN QUE SI ESTA HACIENDO MUCHAS COSAS BUENAS EN GUATEMALA 👍.",presidente bernardo arevalo buelta presidente terminar proyecto presint ladron finalisar presidente bernardo arevalo buelta guatemala,presidente bernardo arevalo buelta presidente termine proyectos anteriores presintes ladrones finalisaron presidente bernardo arevalo buelta guatemala,[],[],[],"[""👍""]",0,0,0,1,"EL PRESIDENTE BERNARDO AREVALO TIENE QUE DAR SEGUNDA BUELTA COMO PRESIDENTE PARA QUE TERMINE TODOS LOS PROYECTOS QUE LOS ANTERIORES PRESINTES LADRONES NO FINALISARON .,EL PRESIDENTE BERNARDO AREVALO TIENE QUE DAR SEGUNDA BUELTA PORQUE SE VE MUY BIÉN QUE SI ESTA HACIENDO MUCHAS COSAS BUENAS EN GUATEMALA emoji pulgar hacia arriba emoji .",306,133,48,15,True,False,Inician los trabajos de recuperación del Puente Belice II.,UC-ZtFBHzgkYFh7whZkuR_Ag,Gobierno de la República de Guatemala,/@GobiernodelaRepublicadeGuatema,/@GobiernodelaRepublicadeGuatema,Entertainment,Gobierno de la República de Guatemala,topic,11670,2026-08-26T21:00:47-07:00,2026-08-27 04:00:47+00:00,[],[],Inician los trabajos de recuperación del Puente Belice II.,0,https://www.youtube.com/watch?v=6W4u8sGEnGM
n8iP75gIpmw,UgxPRaGm9MdlK4U6VPt4AaABAg,Qué rico come tu diputado,Quorum,UCE4rsXcgDb6e1-a9iTbWzfg,@federicosaquimux1933,UCDQaQv0hr2SS_PO-CMEwVHg,"Bueno, si lo tienen más que ""merecido"" por el trabajo por la patria, hay menús más baratos. Aunque lo justifica y lo rejustifica, no es merecido con tanta desnutrición y costo de la canasta básica.

Por honestidad, se puede reintegrar.",@quorumgt/videos,channel,quorum_complete_comments.csv | youtube_guatemala_plus_comments.csv,/@federicosaquimux1933,hace 2 años (editado),1,0,False,,@federicosaquimux1933,Quorum,Qué rico come tu diputado,@quorumgt/videos,channel,@federicosaquimux1933,@federicosaquimux1933,1.0,False,1,0,False,True,hace 2 años,1 - 2 anos,730.5,"Bueno, si lo tienen más que ""merecido"" por el trabajo por la patria, hay menús más baratos. Aunque lo justifica y lo rejustifica, no es merecido con tanta desnutrición y costo de la canasta básica.

Por honestidad, se puede reintegrar.",merecido trabajo patria menu barato justifico rejustifico merecido desnutricion costo canasta basico honestidad reintegrar,merecido trabajo patria menus baratos justifica rejustifica merecido tanta desnutricion costo canasta basica honestidad reintegrar,[],[],[],[],0,0,0,0,"Bueno, si lo tienen más que ""merecido"" por el trabajo por la patria, hay menús más baratos. Aunque lo justifica y lo rejustifica, no es merecido con tanta desnutrición y costo de la canasta básica. Por honestidad, se puede reintegrar.",235,122,40,14,True,False,Qué rico come tu diputado,UCE4rsXcgDb6e1-a9iTbWzfg,Quorum,/@quorumgt,/@quorumgt,News & Politics,Quorum GT,topic,11775,2024-08-27T14:09:51-07:00,2024-08-27 21:09:51+00:00,[],[],"En @ConCriteriogt hablaron hoy sobre nuestro reportaje ""Qué rico come tu diputado"", en el que contamos los almuerzos más caros pagados con fondos públicos entre enero y abril de este año.

Entrevistaron al diputado Nery Rodas, de CABAL, quien asegura que son problemas ""mínimos"".

Si no has leído el repor podés hacerlo acá https://quorum.gt/poder/comida_diputados/",0,https://www.youtube.com/watch?v=n8iP75gIpmw
yLZS3JiEBg8,UgxQC-ejR063rkAb1VB4AaABAg,Arroz con pollo a la MONOPOLIO,Quorum,UCE4rsXcgDb6e1-a9iTbWzfg,@jabriz8152,UCefAH1MbvADWUjE9WVcB9EQ,"Y no hay manera de aprobar la ley de libre competencia, Guatepeor, aranceles, trabas a importaciones, suministros, hasta cuando",@quorumgt/videos,channel,quorum_complete_comments.csv | youtube_guatemala_plus_comments.csv,/@jabriz8152,hace 2 años (editado), ,0,False,,@jabriz8152,Quorum,Arroz con pollo a la MONOPOLIO,@quorumgt/videos,channel,@jabriz8152,@jabriz8152,,True,0,0,False,True,hace 2 años,1 - 2 anos,730.5,"Y no hay manera de aprobar la ley de libre competencia, Guatepeor, aranceles, trabas a importaciones, suministros, hasta cuando",aprobar ley libre competencia guatepeor arancel trabos importacion suministro,aprobar ley libre competencia guatepeor aranceles trabas importaciones suministros,[],[],[],[],0,0,0,0,"Y no hay manera de aprobar la ley de libre competencia, Guatepeor, aranceles, trabas a importaciones, suministros, hasta cuando",127,77,19,9,True,False,Arroz con pollo a la MONOPOLIO,UCE4rsXcgDb6e1-a9iTbWzfg,Quorum,/@quorumgt,/@quorumgt,News & Politics,@quorumgt/videos,channel,1954,2024-05-09T19:15:12-07:00,2024-05-10 02:15:12+00:00,[],[],"🔍 En Guatemala tenemos un mercado no tan “libre” que digamos. 

💸 Unas pocas empresas dominan las diferentes industrias y en algunos sectores no hay una competencia real que favorezca al consumidor.

🎥 Hoy estrenamos #LasMañasDelMercado para hablar de la industria alimenticia y la necesidad de una #LeyDeCompetencia.",0,https://www.youtube.com/watch?v=yLZS3JiEBg8
n8iP75gIpmw,UgxR0AXNH_3DGn-T1494AaABAg,Qué rico come tu diputado,Quorum,UCE4rsXcgDb6e1-a9iTbWzfg,@osmanmorales3012,UC72gBAtyb_VXQlYDcFrh6oQ,Y para que participan si por el sueldo no es sino por robar,@quorumgt/videos,channel,quorum_complete_comments.csv | youtube_guatemala_plus_comments.csv,/@osmanmorales3012,hace 2 años,15,0,False,,@osmanmorales3012,Quorum,Qué rico come tu diputado,@quorumgt/videos,channel,@osmanmorales3012,@osmanmorales3012,15.0,False,15,0,False,False,hace 2 años,1 - 2 anos,730.5,Y para que participan si por el sueldo no es sino por robar,participar sueldo robar,participan sueldo robar,[],[],[],[],0,0,0,0,Y para que participan si por el sueldo no es sino por robar,59,23,13,3,True,False,Qué rico come tu diputado,UCE4rsXcgDb6e1-a9iTbWzfg,Quorum,/@quorumgt,/@quorumgt,News & Politics,Quorum GT,topic,11775,2024-08-27T14:09:51-07:00,2024-08-27 21:09:51+00:00,[],[],"En @ConCriteriogt hablaron hoy sobre nuestro reportaje ""Qué rico come tu diputado"", en el que contamos los almuerzos más caros pagados con fondos públicos entre enero y abril de este año.

Entrevistaron al diputado Nery Rodas, de CABAL, quien asegura que son problemas ""mínimos"".

Si no has leído el repor podés hacerlo acá https://quorum.gt/poder/comida_diputados/",0,https://www.youtube.com/watch?v=n8iP75gIpmw
6W4u8sGEnGM,UgxR1eqvFSEtPNShD8x4AaABAg,Inician los trabajos de recuperación del Puente Belice II.,Gobierno de la República de Guatemala,UC-ZtFBHzgkYFh7whZkuR_Ag,@anibalg47,UCEHXl4VvvVpq-_4xC5tsbhg,SEÑORES ESTE ES UN MEGA PROYECTO. DEBEMOS TRABAJAR Y PENSAR EN EL FUTURO DE GUATEMALA.AVANCEMOS HACIA ADELANTE.  DELANTE...,Gobierno de la República de Guatemala,topic,youtube_guatemala_plus_comments.csv | youtube_lab_targets_small_comments.csv,/@anibalg47,hace 6 días,7,0,False,,@anibalg47,Gobierno de la República de Guatemala,Inician los trabajos de recuperación del Puente Belice II.,Gobierno de la República de Guatemala,topic,@anibalg47,@anibalg47,7.0,False,7,0,False,False,hace 6 días,<1 semana,6.0,SEÑORES ESTE ES UN MEGA PROYECTO. DEBEMOS TRABAJAR Y PENSAR EN EL FUTURO DE GUATEMALA.AVANCEMOS HACIA ADELANTE.  DELANTE...,senor mega proyecto deber trabajar pensar futuro guatemala avanc,senores mega proyecto debemos trabajar pensar futuro guatemala avancemos,[],[],[],[],0,0,0,0,SEÑORES ESTE ES UN MEGA PROYECTO. DEBEMOS TRABAJAR Y PENSAR EN EL FUTURO DE GUATEMALA.AVANCEMOS HACIA ADELANTE. DELANTE...,123,64,18,9,True,False,Inician los trabajos de recuperación del Puente Belice II.,UC-ZtFBHzgkYFh7whZkuR_Ag,Gobierno de la República de Guatemala,/@GobiernodelaRepublicadeGuatema,/@GobiernodelaRepublicadeGuatema,Entertainment,Gobierno de la República de Guatemala,topic,11670,2026-08-26T21:00:47-07:00,2026-08-27 04:00:47+00:00,[],[],Inician los trabajos de recuperación del Puente Belice II.,0,https://www.youtube.com/watch?v=6W4u8sGEnGM
6W4u8sGEnGM,UgxS0pN-vg0fjeNSLeJ4AaABAg,Inician los trabajos de recuperación del Puente Belice II.,Gobierno de la República de Guatemala,UC-ZtFBHzgkYFh7whZkuR_Ag,@franciscojuarez9223,UCeQk-WfEA-cJRq4EKeE7TOw,lamento arruinarles la fiesta pero dudo que esto logren materializarlo y si se logra que soporte un fuerte sismo... lo dudo... desde ya es un reto para el nivel de corrupción en el que vivimos y que se termine esta obra que si beneficiara a miles,Gobierno de la República de Guatemala,topic,youtube_guatemala_plus_comments.csv | youtube_lab_targets_small_comments.csv,/@franciscojuarez9223,hace 6 días, ,0,False,,@franciscojuarez9223,Gobierno de la República de Guatemala,Inician los trabajos de recuperación del Puente Belice II.,Gobierno de la República de Guatemala,topic,@franciscojuarez9223,@franciscojuarez9223,,True,0,0,False,False,hace 6 días,<1 semana,6.0,lamento arruinarles la fiesta pero dudo que esto logren materializarlo y si se logra que soporte un fuerte sismo... lo dudo... desde ya es un reto para el nivel de corrupción en el que vivimos y que se termine esta obra que si beneficiara a miles,lamento arruinarl fiesta dudo lograr materializar el lograr soporte fuerte sismo dudo reto nivel corrupcion vivir terminar obra beneficiar mil,lamento arruinarles fiesta dudo logren materializarlo logra soporte fuerte sismo dudo reto nivel corrupcion vivimos termine obra beneficiara miles,[],[],[],[],0,0,0,0,lamento arruinarles la fiesta pero dudo que esto logren materializarlo y si se logra que soporte un fuerte sismo... lo dudo... desde ya es un reto para el nivel de corrupción en el que vivimos y que se termine esta obra que si beneficiara a miles,246,142,46,20,True,False,Inician los trabajos de recuperación del Puente Belice II.,UC-ZtFBHzgkYFh7whZkuR_Ag,Gobierno de la República de Guatemala,/@GobiernodelaRepublicadeGuatema,/@GobiernodelaRepublicadeGuatema,Entertainment,Gobierno de la República de Guatemala,topic,11670,2026-08-26T21:00:47-07:00,2026-08-27 04:00:47+00:00,[],[],Inician los trabajos de recuperación del Puente Belice II.,0,https://www.youtube.com/watch?v=6W4u8sGEnGM
n8iP75gIpmw,UgxTjz0jSJkZW5dGnSp4AaABAg,Qué rico come tu diputado,Quorum,UCE4rsXcgDb6e1-a9iTbWzfg,@ARGELIATELON,UCkd9W714-947dEE6ZOEBATA,"Nomás se sientan en el cargo de diputados y ministros y....les crecen ""los cachetes"" hasta les brillan y la barriga. Ej. Benito (tamaletas), Sinibaldi y otros. Y nuestros niños desnutridos....les viene del aire.",@quorumgt/videos,channel,quorum_complete_comments.csv | youtube_guatemala_plus_comments.csv,/@ARGELIATELON,hace 2 años, ,0,False,,@ARGELIATELON,Quorum,Qué rico come tu diputado,@quorumgt/videos,channel,@ARGELIATELON,@argeliatelon,,True,0,0,False,False,hace 2 años,1 - 2 anos,730.5,"Nomás se sientan en el cargo de diputados y ministros y....les crecen ""los cachetes"" hasta les brillan y la barriga. Ej. Benito (tamaletas), Sinibaldi y otros. Y nuestros niños desnutridos....les viene del aire.",noma sentar cargo diputado ministro crecer cachet brillar barrer benito tamaleta sinibaldi nino desnutrido venir aire,nomas sientan cargo diputados ministros crecen cachetes brillan barriga benito tamaletas sinibaldi ninos desnutridos viene aire,[],[],[],[],0,0,0,0,"Nomás se sientan en el cargo de diputados y ministros y...les crecen ""los cachetes"" hasta les brillan y la barriga. Ej. Benito (tamaletas), Sinibaldi y otros. Y nuestros niños desnutridos...les viene del aire.",211,117,33,16,True,False,Qué rico come tu diputado,UCE4rsXcgDb6e1-a9iTbWzfg,Quorum,/@quorumgt,/@quorumgt,News & Politics,Quorum GT,topic,11775,2024-08-27T14:09:51-07:00,2024-08-27 21:09:51+00:00,[],[],"En @ConCriteriogt hablaron hoy sobre nuestro reportaje ""Qué rico come tu diputado"", en el que contamos los almuerzos más caros pagados con fondos públicos entre enero y abril de este año.

Entrevistaron al diputado Nery Rodas, de CABAL, quien asegura que son problemas ""mínimos"".

Si no has leído el repor podés hacerlo acá https://quorum.gt/poder/comida_diputados/",0,https://www.youtube.com/watch?v=n8iP75gIpmw
n8iP75gIpmw,UgxVUS-jkZU2DAjmNjR4AaABAg,Qué rico come tu diputado,Quorum,UCE4rsXcgDb6e1-a9iTbWzfg,@hectorcarranza3777,UCljDbleJul41G1TzOjOZAVA,x eso es que estan bravos todos esos sinverguenzas xq ya no pueden hacer sus cochinadas ahora con don vernardo arevalo antes asian amedia noche a escondidas del pueblo ahora seles termino todo que verguenza que el pueblo sufriendo muchos problemas y eyos gosando de buenas dietas,@quorumgt/videos,channel,quorum_complete_comments.csv | youtube_guatemala_plus_comments.csv,/@hectorcarranza3777,hace 2 años,1,0,False,,@hectorcarranza3777,Quorum,Qué rico come tu diputado,@quorumgt/videos,channel,@hectorcarranza3777,@hectorcarranza3777,1.0,False,1,0,False,False,hace 2 años,1 - 2 anos,730.5,x eso es que estan bravos todos esos sinverguenzas xq ya no pueden hacer sus cochinadas ahora con don vernardo arevalo antes asian amedia noche a escondidas del pueblo ahora seles termino todo que verguenza que el pueblo sufriendo muchos problemas y eyos gosando de buenas dietas,bravo sinverguenza cochinada don vernardo arevalo asiar amedia noche escondido pueblo sel termino verguenzar pueblo sufrir problema eyo gosar dieta,bravos sinverguenzas cochinadas don vernardo arevalo asian amedia noche escondidas pueblo seles termino verguenza pueblo sufriendo problemas eyos gosando dietas,[],[],[],[],0,0,0,0,x eso es que estan bravos todos esos sinverguenzas xq ya no pueden hacer sus cochinadas ahora con don vernardo arevalo antes asian amedia noche a escondidas del pueblo ahora seles termino todo que verguenza que el pueblo sufriendo muchos problemas y eyos gosando de buenas dietas,279,147,47,20,True,False,Qué rico come tu diputado,UCE4rsXcgDb6e1-a9iTbWzfg,Quorum,/@quorumgt,/@quorumgt,News & Politics,Quorum GT,topic,11775,2024-08-27T14:09:51-07:00,2024-08-27 21:09:51+00:00,[],[],"En @ConCriteriogt hablaron hoy sobre nuestro reportaje ""Qué rico come tu diputado"", en el que contamos los almuerzos más caros pagados con fondos públicos entre enero y abril de este año.

Entrevistaron al diputado Nery Rodas, de CABAL, quien asegura que son problemas ""mínimos"".

Si no has leído el repor podés hacerlo acá https://quorum.gt/poder/comida_diputados/",0,https://www.youtube.com/watch?v=n8iP75gIpmw
j43HgwYFKfk,UgxW0ZnTohConSPgOpp4AaABAg,La cooptación de Walter Mazariegos en la USAC,Quorum,UCE4rsXcgDb6e1-a9iTbWzfg,@karensussetteleonvargas9794,UCGGHbtfbbe0o68etrOf0qxw,Exelente,@quorumgt/videos,channel,quorum_complete_comments.csv | youtube_guatemala_plus_comments.csv,/@karensussetteleonvargas9794,hace 6 meses, ,0,False,,@karensussetteleonvargas9794,Quorum,La cooptación de Walter Mazariegos en la USAC,@quorumgt/videos,channel,@karensussetteleonvargas9794,@karensussetteleonvargas9794,,True,0,0,False,False,hace 6 meses,1 mes - 1 ano,182.64,Exelente,exelente,exelente,[],[],[],[],0,0,0,0,Exelente,8,8,1,1,True,False,La cooptación de Walter Mazariegos en la USAC,UCE4rsXcgDb6e1-a9iTbWzfg,Quorum,/@quorumgt,/@quorumgt,News & Politics,@quorumgt,topic,10156,2024-09-26T15:00:17-07:00,2024-09-26 22:00:17+00:00,"[""USAC"", ""Walter Mazariegos"", ""Mazariegos rector"", ""Fraude USAC"", ""Elecciones USAC"", ""Toma USAC"", ""CSU USAC"", ""Quorum GT"", ""Periodismo Guatemala"", ""Luis Cordón USAC""]","[""USAC"", ""Walter Mazariegos"", ""Mazariegos rector"", ""Fraude USAC"", ""Elecciones USAC"", ""Toma USAC"", ""CSU USAC"", ""Quorum GT"", ""Periodismo Guatemala"", ""Luis Cordón USAC""]","🚨El rector de facto de la #USAC, Walter Mazariegos, tiene una alianza que le permite controlar un presupuesto millonario, quitar a sus opositores del camino y colocar a sus allegados en puestos importantes. Más de la mitad de sus cómplices en el Consejo Superior Universitario (CSU) se han prolongado en el poder y no tienen la intención de soltarlo.

👁️ Aunque las cosas podrían cambiar…

Ayudanos compartiendo, comentando y dándole like a este video.

🔍 También podés leer el reportaje completo en este link👉🏻 https://quorum.gt/poder/captura/usac/mazariegos_csu/

📲 Seguí a Quorum en todas las redes para ver más contenido interesante de #Guatemala.

⚫️ X: https://twitter.com/QuorumGT
🟣 Instagram: https://www.instagram.com/holaquorum?igsh=a2l2MHp6dXA5aGg4
🟠 TikTok:https://www.tiktok.com/@quorumgt?_t=8q3C9YsmOiT&_r=1
🔵 Facebook: https://www.facebook.com/QuorumGT?mibextid=LQQJ4d
🟢 Canal de WhatsApp: https://whatsapp.com/channel/0029Va8IZV65PO0ul2cBdD0l",10,https://www.youtube.com/watch?v=j43HgwYFKfk
OkXlHx0hx-8,UgxWzoHDeFfVC7jrjzF4AaABAg,EE.UU. envía a mexicanos deportados a Guatemala antes de su regreso a México | Noticias Telemundo,Noticias Telemundo,UCRwA1NUcUnwsly35ikGhp0A,@aurahernandez5646,UCVdjCrh4tQoX3haNAZv-n5A,Dios los bendiga y disfruten su familia Dios sabe lo que hace bendiciones para todos.,guatemala noticias,topic,youtube_guatemala_comments.csv | youtube_guatemala_plus_comments.csv,/@aurahernandez5646,hace 1 día,3,1,False,,@aurahernandez5646,Noticias Telemundo,EE.UU. envía a mexicanos deportados a Guatemala antes de su regreso a México | Noticias Telemundo,guatemala noticias,topic,@aurahernandez5646,@aurahernandez5646,3.0,False,3,1,False,False,hace 1 día,<1 semana,1.0,Dios los bendiga y disfruten su familia Dios sabe lo que hace bendiciones para todos.,bendiga disfrutir familia dios bendicion,dios bendiga disfruten familia dios bendiciones,[],[],[],[],0,0,0,0,Dios los bendiga y disfruten su familia Dios sabe lo que hace bendiciones para todos.,85,40,15,5,True,False,EE.UU. envía a mexicanos deportados a Guatemala antes de su regreso a México | Noticias Telemundo,UCRwA1NUcUnwsly35ikGhp0A,Noticias Telemundo,/@noticias,/@noticias,News & Politics,guatemala noticias,topic,14200,2026-08-30T16:38:02-07:00,2026-08-30 23:38:02+00:00,"[""telemundo noticias"", ""noticias telemundo"", ""noticias telemundo de hoy"", ""noticias"", ""noticias en vivo"", ""telemundo"", ""noticias de ultima hora"", ""noticias de hoy"", ""ee uu deporta a miles de mexicanos a traves de guatemala"", ""mexico rechaza uso de guatemala como pais puente"", ""dhs acelera expulsiones de mexicanos por guatemala"", ""polemica por ruta de deportacion de ee uu a tapachula"", ""miles de deportados mexicanos quedan varados en guatemala""]","[""telemundo noticias"", ""noticias telemundo"", ""noticias telemundo de hoy"", ""noticias"", ""noticias en vivo"", ""telemundo"", ""noticias de ultima hora"", ""noticias de hoy"", ""ee uu deporta a miles de mexicanos a traves de guatemala"", ""mexico rechaza uso de guatemala como pais puente"", ""dhs acelera expulsiones de mexicanos por guatemala"", ""polemica por ruta de deportacion de ee uu a tapachula"", ""miles de deportados mexicanos quedan varados en guatemala""]","Video oficial de Noticias Telemundo. Desde abril, casi 2,300 mexicanos han sido enviados a Guatemala, según autoridades de ese país. Al llegar a Tapachula, muchos deben buscar cómo trasladarse a sus estados de origen. DHS justifica el uso de países “puente” para acelerar las expulsiones.

Descarga nuestra App:
https://telemundo.app.link/Mtq7sTKAUtb

SUSCRÍBETE: https://bit.ly/TLMDNoticiasYT

Noticias
Noticias Telemundo es un proveedor líder de noticias para los hispanos de EE.UU. Sus galardonados espacios de noticias, transmitidos desde Telemundo Center, incluyen los noticieros diarios ""Noticias Telemundo"" con Julio Vaqueiro; ""Noticias Telemundo Fin de Semana"", ""Noticias Telemundo Mediodía"" y ""Noticias Telemundo En La Noche"". El ""Equipo Digital de Noticias Telemundo"" ofrece contenido ininterrumpido para los hispanos de EE.UU. a través de sus crecientes plataformas móviles y en línea. ""Noticias Telemundo Investiga"" produce reportes investigativos y documentales en profundidad. ""Noticias Telemundo Planeta Tierra"" ofrece información relacionada con el medio ambiente y el cambio climático. Adicionalmente, ""Noticias Telemundo"" produce galardonados especiales de noticias, documentales y eventos noticiosos como debates políticos, asambleas ciudadanas y foros.

Telemundo
Es una empresa de medios de primera categoría, líder en la industria en la producción y distribución de contenido en español de alta calidad a través de múltiples plataformas para hispanos en los Estados Unidos y alrededor del mundo. La cadena ofrece producciones dramáticas originales de Telemundo Studios – el productor #1 de contenido en español de horario estelar – así como contenido alternativo, películas de cine, especiales, noticias y eventos deportivos de primer nivel, alcanzando el 94% de los televidentes hispanos en los Estados Unidos en 210 mercados a través de 17 estaciones propias y 57 afiliadas de TV abierta. Telemundo también es propietaria de WKAQ, una estación de televisión local que sirve Puerto Rico. Telemundo es parte de NBCUniversal Telemundo Enterprises, una división de NBCUniversal, una de las compañías líderes en el mundo de los medios y entretenimiento. NBCUniversal es una subsidiaria de Comcast Corporation.

SÍGUENOS EN X: https://twitter.com/telemundonews
DANOS ME GUSTA EN FACEBOOK: https://www.facebook.com/NoticiasTelemundo

#NoticiasTelemundo #Deportaciones #Frontera 

EE.UU. envía a mexicanos deportados a Guatemala antes de su regreso a México | Noticias Telemundo
https://www.youtube.com/noticias

Noticias, Telemundo, Noticias Telemundo de hoy, Telemundo Noticias, Noticias, Telemundo, Telemundo Noticias de hoy, Noticias Telemundo de hoy en vivo, Ultima hora, Noticias de hoy, Noticias de Ultima hora",13,https://www.youtube.com/watch?v=OkXlHx0hx-8
OkXlHx0hx-8,UgxWzoHDeFfVC7jrjzF4AaABAg.Aa9DdH5avRRAaB_gLYRAuw,EE.UU. envía a mexicanos deportados a Guatemala antes de su regreso a México | Noticias Telemundo,Noticias Telemundo,UCRwA1NUcUnwsly35ikGhp0A,@eugeneramirez4405,UCi2KiZq63sRq8Mfbcp-MelQ,If you're not a citizen you cannot stay!,guatemala noticias,topic,youtube_guatemala_comments.csv | youtube_guatemala_plus_comments.csv,/@eugeneramirez4405,hace 20 horas, ,0,False,,@eugeneramirez4405,Noticias Telemundo,EE.UU. envía a mexicanos deportados a Guatemala antes de su regreso a México | Noticias Telemundo,guatemala noticias,topic,@eugeneramirez4405,@eugeneramirez4405,,True,0,0,False,False,hace 20 horas,<1 semana,0.833,If you're not a citizen you cannot stay!,not citizen cannot stay,not citizen cannot stay,[],[],[],[],0,0,0,0,If you're not a citizen you cannot stay!,40,23,8,4,True,False,EE.UU. envía a mexicanos deportados a Guatemala antes de su regreso a México | Noticias Telemundo,UCRwA1NUcUnwsly35ikGhp0A,Noticias Telemundo,/@noticias,/@noticias,News & Politics,guatemala noticias,topic,14200,2026-08-30T16:38:02-07:00,2026-08-30 23:38:02+00:00,"[""telemundo noticias"", ""noticias telemundo"", ""noticias telemundo de hoy"", ""noticias"", ""noticias en vivo"", ""telemundo"", ""noticias de ultima hora"", ""noticias de hoy"", ""ee uu deporta a miles de mexicanos a traves de guatemala"", ""mexico rechaza uso de guatemala como pais puente"", ""dhs acelera expulsiones de mexicanos por guatemala"", ""polemica por ruta de deportacion de ee uu a tapachula"", ""miles de deportados mexicanos quedan varados en guatemala""]","[""telemundo noticias"", ""noticias telemundo"", ""noticias telemundo de hoy"", ""noticias"", ""noticias en vivo"", ""telemundo"", ""noticias de ultima hora"", ""noticias de hoy"", ""ee uu deporta a miles de mexicanos a traves de guatemala"", ""mexico rechaza uso de guatemala como pais puente"", ""dhs acelera expulsiones de mexicanos por guatemala"", ""polemica por ruta de deportacion de ee uu a tapachula"", ""miles de deportados mexicanos quedan varados en guatemala""]","Video oficial de Noticias Telemundo. Desde abril, casi 2,300 mexicanos han sido enviados a Guatemala, según autoridades de ese país. Al llegar a Tapachula, muchos deben buscar cómo trasladarse a sus estados de origen. DHS justifica el uso de países “puente” para acelerar las expulsiones.

Descarga nuestra App:
https://telemundo.app.link/Mtq7sTKAUtb

SUSCRÍBETE: https://bit.ly/TLMDNoticiasYT

Noticias
Noticias Telemundo es un proveedor líder de noticias para los hispanos de EE.UU. Sus galardonados espacios de noticias, transmitidos desde Telemundo Center, incluyen los noticieros diarios ""Noticias Telemundo"" con Julio Vaqueiro; ""Noticias Telemundo Fin de Semana"", ""Noticias Telemundo Mediodía"" y ""Noticias Telemundo En La Noche"". El ""Equipo Digital de Noticias Telemundo"" ofrece contenido ininterrumpido para los hispanos de EE.UU. a través de sus crecientes plataformas móviles y en línea. ""Noticias Telemundo Investiga"" produce reportes investigativos y documentales en profundidad. ""Noticias Telemundo Planeta Tierra"" ofrece información relacionada con el medio ambiente y el cambio climático. Adicionalmente, ""Noticias Telemundo"" produce galardonados especiales de noticias, documentales y eventos noticiosos como debates políticos, asambleas ciudadanas y foros.

Telemundo
Es una empresa de medios de primera categoría, líder en la industria en la producción y distribución de contenido en español de alta calidad a través de múltiples plataformas para hispanos en los Estados Unidos y alrededor del mundo. La cadena ofrece producciones dramáticas originales de Telemundo Studios – el productor #1 de contenido en español de horario estelar – así como contenido alternativo, películas de cine, especiales, noticias y eventos deportivos de primer nivel, alcanzando el 94% de los televidentes hispanos en los Estados Unidos en 210 mercados a través de 17 estaciones propias y 57 afiliadas de TV abierta. Telemundo también es propietaria de WKAQ, una estación de televisión local que sirve Puerto Rico. Telemundo es parte de NBCUniversal Telemundo Enterprises, una división de NBCUniversal, una de las compañías líderes en el mundo de los medios y entretenimiento. NBCUniversal es una subsidiaria de Comcast Corporation.

SÍGUENOS EN X: https://twitter.com/telemundonews
DANOS ME GUSTA EN FACEBOOK: https://www.facebook.com/NoticiasTelemundo

#NoticiasTelemundo #Deportaciones #Frontera 

EE.UU. envía a mexicanos deportados a Guatemala antes de su regreso a México | Noticias Telemundo
https://www.youtube.com/noticias

Noticias, Telemundo, Noticias Telemundo de hoy, Telemundo Noticias, Noticias, Telemundo, Telemundo Noticias de hoy, Noticias Telemundo de hoy en vivo, Ultima hora, Noticias de hoy, Noticias de Ultima hora",13,https://www.youtube.com/watch?v=OkXlHx0hx-8
j43HgwYFKfk,UgxXGkvxY-TdtPROWcV4AaABAg,La cooptación de Walter Mazariegos en la USAC,Quorum,UCE4rsXcgDb6e1-a9iTbWzfg,@mariocordon8873,UCZeIIQrGAedW8tCbKWmGY-A,No cabe duda que es el reflejo de la cooptacion que el pacto de corruptos a echo en todas las instituciones del pais.,@quorumgt,topic,j43HgwYFKfk_out_comments.csv | quorum_complete_comments.csv | youtube_guatemala_plus_comments.csv,/@mariocordon8873,hace 1 año,9,0,False,,@mariocordon8873,Quorum,La cooptación de Walter Mazariegos en la USAC,@quorumgt,topic,@mariocordon8873,@mariocordon8873,9.0,False,9,0,False,False,hace 1 año,1 mes - 1 ano,365.25,No cabe duda que es el reflejo de la cooptacion que el pacto de corruptos a echo en todas las instituciones del pais.,caber duda reflejo cooptacion pacto corrupto echo institucion,cabe duda reflejo cooptacion pacto corruptos echo instituciones,[],[],[],[],0,0,0,0,No cabe duda que es el reflejo de la cooptacion que el pacto de corruptos a echo en todas las instituciones del pais.,117,61,23,8,True,False,La cooptación de Walter Mazariegos en la USAC,UCE4rsXcgDb6e1-a9iTbWzfg,Quorum,/@quorumgt,/@quorumgt,News & Politics,@quorumgt,topic,10156,2024-09-26T15:00:17-07:00,2024-09-26 22:00:17+00:00,"[""USAC"", ""Walter Mazariegos"", ""Mazariegos rector"", ""Fraude USAC"", ""Elecciones USAC"", ""Toma USAC"", ""CSU USAC"", ""Quorum GT"", ""Periodismo Guatemala"", ""Luis Cordón USAC""]","[""USAC"", ""Walter Mazariegos"", ""Mazariegos rector"", ""Fraude USAC"", ""Elecciones USAC"", ""Toma USAC"", ""CSU USAC"", ""Quorum GT"", ""Periodismo Guatemala"", ""Luis Cordón USAC""]","🚨El rector de facto de la #USAC, Walter Mazariegos, tiene una alianza que le permite controlar un presupuesto millonario, quitar a sus opositores del camino y colocar a sus allegados en puestos importantes. Más de la mitad de sus cómplices en el Consejo Superior Universitario (CSU) se han prolongado en el poder y no tienen la intención de soltarlo.

👁️ Aunque las cosas podrían cambiar…

Ayudanos compartiendo, comentando y dándole like a este video.

🔍 También podés leer el reportaje completo en este link👉🏻 https://quorum.gt/poder/captura/usac/mazariegos_csu/

📲 Seguí a Quorum en todas las redes para ver más contenido interesante de #Guatemala.

⚫️ X: https://twitter.com/QuorumGT
🟣 Instagram: https://www.instagram.com/holaquorum?igsh=a2l2MHp6dXA5aGg4
🟠 TikTok:https://www.tiktok.com/@quorumgt?_t=8q3C9YsmOiT&_r=1
🔵 Facebook: https://www.facebook.com/QuorumGT?mibextid=LQQJ4d
🟢 Canal de WhatsApp: https://whatsapp.com/channel/0029Va8IZV65PO0ul2cBdD0l",10,https://www.youtube.com/watch?v=j43HgwYFKfk
ndAZjHqzzT8,UgxXy9CurqMBEjFnVwF4AaABAg,Internet: escoger el menos malo,Quorum,UCE4rsXcgDb6e1-a9iTbWzfg,@hashojea7348,UCvcu1kR8xMYy_I1Ty-2mV2Q,"Excelente video, me acabo de suscribir al canal y ahora a ver los demás videos.",@quorumgt/videos,channel,quorum_complete_comments.csv | youtube_guatemala_plus_comments.csv,/@hashojea7348,hace 2 años, ,0,False,,@hashojea7348,Quorum,Internet: escoger el menos malo,@quorumgt/videos,channel,@hashojea7348,@hashojea7348,,True,0,0,False,False,hace 2 años,1 - 2 anos,730.5,"Excelente video, me acabo de suscribir al canal y ahora a ver los demás videos.",excelente video acabar suscribir canal video,excelente video acabo suscribir canal videos,[],[],[],[],0,0,0,0,"Excelente video, me acabo de suscribir al canal y ahora a ver los demás videos.",79,44,15,6,True,False,Internet: escoger el menos malo,UCE4rsXcgDb6e1-a9iTbWzfg,Quorum,/@quorumgt,/@quorumgt,News & Politics,@quorumgt/videos,channel,717,2024-05-16T18:15:07-07:00,2024-05-17 01:15:07+00:00,"[""economía"", ""principiantes"", ""ley de competencia"", ""duopolios"", ""guatemala"", ""tigo"", ""claro"", ""internet"", ""telefonía""]","[""economía"", ""principiantes"", ""ley de competencia"", ""duopolios"", ""guatemala"", ""tigo"", ""claro"", ""internet"", ""telefonía""]","📱Cuando vas a elegir un plan de internet o de llamadas te toca preguntarte ¿Cuál será el menos malo? o bien conformarte con la única de las dos compañías que tenga cobertura en tu zona.

💸 Hablamos de #LasMañasDelNegocio de las telecomunicaciones. Merecemos un buen servicio.",9,https://www.youtube.com/watch?v=ndAZjHqzzT8
n8iP75gIpmw,UgxZFzh6jzOX7Avhk1h4AaABAg,Qué rico come tu diputado,Quorum,UCE4rsXcgDb6e1-a9iTbWzfg,@allanmunoz7410,UCFUuDARXdmmIrLppEqf-rFg,"Es con criterio, no le podemos exigir mucho.",@quorumgt/videos,channel,quorum_complete_comments.csv | youtube_guatemala_plus_comments.csv,/@allanmunoz7410,hace 2 años, ,0,False,,@allanmunoz7410,Quorum,Qué rico come tu diputado,@quorumgt/videos,channel,@allanmunoz7410,@allanmunoz7410,,True,0,0,False,False,hace 2 años,1 - 2 anos,730.5,"Es con criterio, no le podemos exigir mucho.",criterio exigir,criterio exigir,[],[],[],[],0,0,0,0,"Es con criterio, no le podemos exigir mucho.",44,15,8,2,True,False,Qué rico come tu diputado,UCE4rsXcgDb6e1-a9iTbWzfg,Quorum,/@quorumgt,/@quorumgt,News & Politics,Quorum GT,topic,11775,2024-08-27T14:09:51-07:00,2024-08-27 21:09:51+00:00,[],[],"En @ConCriteriogt hablaron hoy sobre nuestro reportaje ""Qué rico come tu diputado"", en el que contamos los almuerzos más caros pagados con fondos públicos entre enero y abril de este año.

Entrevistaron al diputado Nery Rodas, de CABAL, quien asegura que son problemas ""mínimos"".

Si no has leído el repor podés hacerlo acá https://quorum.gt/poder/comida_diputados/",0,https://www.youtube.com/watch?v=n8iP75gIpmw
yLZS3JiEBg8,Ugx_gjcVH5SlIKBNTGh4AaABAg,Arroz con pollo a la MONOPOLIO,Quorum,UCE4rsXcgDb6e1-a9iTbWzfg,@alhvi,UCCUmP4PlbwgikVFpYwbtRTg,"Excelente trabajo. Sigan haciendo más vídeos así, explicando con lenguaje sencillo. Quisiera apoyarles más, pero les dejo mi like, comentario y comparto.",@quorumgt/videos,channel,quorum_complete_comments.csv | youtube_guatemala_plus_comments.csv,/@alhvi,hace 2 años,3,0,False,,@alhvi,Quorum,Arroz con pollo a la MONOPOLIO,@quorumgt/videos,channel,@alhvi,@alhvi,3.0,False,3,0,False,False,hace 2 años,1 - 2 anos,730.5,"Excelente trabajo. Sigan haciendo más vídeos así, explicando con lenguaje sencillo. Quisiera apoyarles más, pero les dejo mi like, comentario y comparto.",excelente trabajo seguir video explicar lenguaje sencillo querer apoyarl like comentario comparto,excelente trabajo sigan videos explicando lenguaje sencillo quisiera apoyarles like comentario comparto,[],[],[],[],0,0,0,0,"Excelente trabajo. Sigan haciendo más vídeos así, explicando con lenguaje sencillo. Quisiera apoyarles más, pero les dejo mi like, comentario y comparto.",153,97,22,12,True,False,Arroz con pollo a la MONOPOLIO,UCE4rsXcgDb6e1-a9iTbWzfg,Quorum,/@quorumgt,/@quorumgt,News & Politics,@quorumgt/videos,channel,1954,2024-05-09T19:15:12-07:00,2024-05-10 02:15:12+00:00,[],[],"🔍 En Guatemala tenemos un mercado no tan “libre” que digamos. 

💸 Unas pocas empresas dominan las diferentes industrias y en algunos sectores no hay una competencia real que favorezca al consumidor.

🎥 Hoy estrenamos #LasMañasDelMercado para hablar de la industria alimenticia y la necesidad de una #LeyDeCompetencia.",0,https://www.youtube.com/watch?v=yLZS3JiEBg8
06mFNPU0aB8,Ugxb-sknzjBr3wecCw94AaABAg,Capturan a presuntos delincuentes disfrazados de mujer señalados de cometer asalto,Noti7,UCVpSRoZgngfSL03Nlbjtq9A,@MariaSantos-c8y3h,UCfXykdbSU97rj987LDUGfvg,Por q no dan la cara,guatemala noticias,topic,youtube_guatemala_comments.csv | youtube_guatemala_plus_comments.csv,/@MariaSantos-c8y3h,hace 2 semanas,1,0,False,,@MariaSantos-c8y3h,Noti7,Capturan a presuntos delincuentes disfrazados de mujer señalados de cometer asalto,guatemala noticias,topic,@MariaSantos-c8y3h,@mariasantos-c8y3h,1.0,False,1,0,False,False,hace 2 semanas,1 sem - 1 mes,14.0,Por q no dan la cara,cara,cara,[],[],[],[],0,0,0,0,Por q no dan la cara,20,4,6,1,True,False,Capturan a presuntos delincuentes disfrazados de mujer señalados de cometer asalto,UCVpSRoZgngfSL03Nlbjtq9A,Noti7,/@Noti7Guatemala,/@Noti7Guatemala,News & Politics,guatemala noticias,topic,6692,2026-08-13T22:00:12-07:00,2026-08-14 05:00:12+00:00,"[""Actualidad"", ""Asaltantes disfrazados"", ""Capturados Escuintla"", ""Guatemala"", ""Noti7"", ""Noticias"", ""PNC"", ""Televisiete"", ""información"", ""noticias"", ""capturas""]","[""Actualidad"", ""Asaltantes disfrazados"", ""Capturados Escuintla"", ""Guatemala"", ""Noti7"", ""Noticias"", ""PNC"", ""Televisiete"", ""información"", ""noticias"", ""capturas""]",La rápida acción policial frustró el plan de los sujetos que usaron minifaldas para huir.,11,https://www.youtube.com/watch?v=06mFNPU0aB8
j43HgwYFKfk,Ugxb1xcC9SSJ_5vSArF4AaABAg,La cooptación de Walter Mazariegos en la USAC,Quorum,UCE4rsXcgDb6e1-a9iTbWzfg,@davidlima1348,UC4Avya4kmR4Q0FrfFdBozSQ,"Urge estudiantes y catedráticos con lucha social,en recuperar la autonomía universitaria,es urgente fiscalizar los bienes de quienes estuvieron apoyando a este rector,revisar viajesitos a muchos estudiantes que se vendieron urge una A.E.U. que ame la sancarlos y nuestro bendito país,urgente fiscalizarlos",@quorumgt,topic,j43HgwYFKfk_out_comments.csv | quorum_complete_comments.csv | youtube_guatemala_plus_comments.csv,/@davidlima1348,hace 1 año,11,0,False,,@davidlima1348,Quorum,La cooptación de Walter Mazariegos en la USAC,@quorumgt,topic,@davidlima1348,@davidlima1348,11.0,False,11,0,False,False,hace 1 año,1 mes - 1 ano,365.25,"Urge estudiantes y catedráticos con lucha social,en recuperar la autonomía universitaria,es urgente fiscalizar los bienes de quienes estuvieron apoyando a este rector,revisar viajesitos a muchos estudiantes que se vendieron urge una A.E.U. que ame la sancarlos y nuestro bendito país,urgente fiscalizarlos",urge estudiante catedratico lucha social recuperar autonomia universitario urgente fiscalizar apoyar rector revisar viajesito estudiant vendar urge ame sancar el bendito urgente fiscalizar el,urge estudiantes catedraticos lucha social recuperar autonomia universitaria urgente fiscalizar bienes apoyando rector revisar viajesitos estudiantes vendieron urge ame sancarlos bendito urgente fiscalizarlos,[],[],[],[],0,0,0,0,"Urge estudiantes y catedráticos con lucha social,en recuperar la autonomía universitaria,es urgente fiscalizar los bienes de quienes estuvieron apoyando a este rector,revisar viajesitos a muchos estudiantes que se vendieron urge una A.E.U. que ame la sancarlos y nuestro bendito país,urgente fiscalizarlos",305,191,41,24,True,False,La cooptación de Walter Mazariegos en la USAC,UCE4rsXcgDb6e1-a9iTbWzfg,Quorum,/@quorumgt,/@quorumgt,News & Politics,@quorumgt,topic,10156,2024-09-26T15:00:17-07:00,2024-09-26 22:00:17+00:00,"[""USAC"", ""Walter Mazariegos"", ""Mazariegos rector"", ""Fraude USAC"", ""Elecciones USAC"", ""Toma USAC"", ""CSU USAC"", ""Quorum GT"", ""Periodismo Guatemala"", ""Luis Cordón USAC""]","[""USAC"", ""Walter Mazariegos"", ""Mazariegos rector"", ""Fraude USAC"", ""Elecciones USAC"", ""Toma USAC"", ""CSU USAC"", ""Quorum GT"", ""Periodismo Guatemala"", ""Luis Cordón USAC""]","🚨El rector de facto de la #USAC, Walter Mazariegos, tiene una alianza que le permite controlar un presupuesto millonario, quitar a sus opositores del camino y colocar a sus allegados en puestos importantes. Más de la mitad de sus cómplices en el Consejo Superior Universitario (CSU) se han prolongado en el poder y no tienen la intención de soltarlo.

👁️ Aunque las cosas podrían cambiar…

Ayudanos compartiendo, comentando y dándole like a este video.

🔍 También podés leer el reportaje completo en este link👉🏻 https://quorum.gt/poder/captura/usac/mazariegos_csu/

📲 Seguí a Quorum en todas las redes para ver más contenido interesante de #Guatemala.

⚫️ X: https://twitter.com/QuorumGT
🟣 Instagram: https://www.instagram.com/holaquorum?igsh=a2l2MHp6dXA5aGg4
🟠 TikTok:https://www.tiktok.com/@quorumgt?_t=8q3C9YsmOiT&_r=1
🔵 Facebook: https://www.facebook.com/QuorumGT?mibextid=LQQJ4d
🟢 Canal de WhatsApp: https://whatsapp.com/channel/0029Va8IZV65PO0ul2cBdD0l",10,https://www.youtube.com/watch?v=j43HgwYFKfk
n8iP75gIpmw,Ugxbz7-04jLwadBMK_p4AaABAg,Qué rico come tu diputado,Quorum,UCE4rsXcgDb6e1-a9iTbWzfg,@carlosaguilar-kz7ml,UChep9kVb5gQmpodEEl10Xlg,2000 quetzales todo una quincena se hartaron en un solo dia. Que joyitas estas que no piensan en el pueblo.,@quorumgt/videos,channel,quorum_complete_comments.csv | youtube_guatemala_plus_comments.csv,/@carlosaguilar-kz7ml,hace 2 años, ,0,False,,@carlosaguilar-kz7ml,Quorum,Qué rico come tu diputado,@quorumgt/videos,channel,@carlosaguilar-kz7ml,@carlosaguilar-kz7ml,,True,0,0,False,False,hace 2 años,1 - 2 anos,730.5,2000 quetzales todo una quincena se hartaron en un solo dia. Que joyitas estas que no piensan en el pueblo.,quetzal quincenar hartar joyita pensar pueblo,quetzales quincena hartaron joyitas piensan pueblo,[],[],[],[],0,0,0,0,2000 quetzales todo una quincena se hartaron en un solo dia. Que joyitas estas que no piensan en el pueblo.,107,45,20,6,True,False,Qué rico come tu diputado,UCE4rsXcgDb6e1-a9iTbWzfg,Quorum,/@quorumgt,/@quorumgt,News & Politics,Quorum GT,topic,11775,2024-08-27T14:09:51-07:00,2024-08-27 21:09:51+00:00,[],[],"En @ConCriteriogt hablaron hoy sobre nuestro reportaje ""Qué rico come tu diputado"", en el que contamos los almuerzos más caros pagados con fondos públicos entre enero y abril de este año.

Entrevistaron al diputado Nery Rodas, de CABAL, quien asegura que son problemas ""mínimos"".

Si no has leído el repor podés hacerlo acá https://quorum.gt/poder/comida_diputados/",0,https://www.youtube.com/watch?v=n8iP75gIpmw
6W4u8sGEnGM,UgxcBa2IQb3I0JZcFax4AaABAg,Inician los trabajos de recuperación del Puente Belice II.,Gobierno de la República de Guatemala,UC-ZtFBHzgkYFh7whZkuR_Ag,@AlejandroPérez-b6r,UCtsxPYw8VUsH_FfnKg-0lmw,Lo del nombre es lo de menos ojala que si lo terminen esta vez,Gobierno de la República de Guatemala,topic,youtube_guatemala_plus_comments.csv | youtube_lab_targets_small_comments.csv,/@AlejandroP%C3%A9rez-b6r,hace 6 días,2,0,False,,@AlejandroPérez-b6r,Gobierno de la República de Guatemala,Inician los trabajos de recuperación del Puente Belice II.,Gobierno de la República de Guatemala,topic,@AlejandroPérez-b6r,@alejandroperez-b6r,2.0,False,2,0,False,False,hace 6 días,<1 semana,6.0,Lo del nombre es lo de menos ojala que si lo terminen esta vez,nombre ojala terminir,nombre ojala terminen,[],[],[],[],0,0,0,0,Lo del nombre es lo de menos ojala que si lo terminen esta vez,62,21,14,3,True,False,Inician los trabajos de recuperación del Puente Belice II.,UC-ZtFBHzgkYFh7whZkuR_Ag,Gobierno de la República de Guatemala,/@GobiernodelaRepublicadeGuatema,/@GobiernodelaRepublicadeGuatema,Entertainment,Gobierno de la República de Guatemala,topic,11670,2026-08-26T21:00:47-07:00,2026-08-27 04:00:47+00:00,[],[],Inician los trabajos de recuperación del Puente Belice II.,0,https://www.youtube.com/watch?v=6W4u8sGEnGM
n8iP75gIpmw,UgxcGV8-rD83ACvM0954AaABAg,Qué rico come tu diputado,Quorum,UCE4rsXcgDb6e1-a9iTbWzfg,@ronyarana8849,UCRlCV9zSn7avAWh-9_XFWqQ,"No es un buen salario 25,000.00 quetzales dice entonces q puedo hacer yo con 3,000.00 tristes quetzales",@quorumgt/videos,channel,quorum_complete_comments.csv | youtube_guatemala_plus_comments.csv,/@ronyarana8849,hace 2 años,1,0,False,,@ronyarana8849,Quorum,Qué rico come tu diputado,@quorumgt/videos,channel,@ronyarana8849,@ronyarana8849,1.0,False,1,0,False,False,hace 2 años,1 - 2 anos,730.5,"No es un buen salario 25,000.00 quetzales dice entonces q puedo hacer yo con 3,000.00 tristes quetzales",salario quetzales triste quetzal,salario quetzales tristes quetzales,[],[],[],[],0,0,0,0,"No es un buen salario 25,000.00 quetzales dice entonces q puedo hacer yo con 3,000.00 tristes quetzales",103,32,17,4,True,False,Qué rico come tu diputado,UCE4rsXcgDb6e1-a9iTbWzfg,Quorum,/@quorumgt,/@quorumgt,News & Politics,Quorum GT,topic,11775,2024-08-27T14:09:51-07:00,2024-08-27 21:09:51+00:00,[],[],"En @ConCriteriogt hablaron hoy sobre nuestro reportaje ""Qué rico come tu diputado"", en el que contamos los almuerzos más caros pagados con fondos públicos entre enero y abril de este año.

Entrevistaron al diputado Nery Rodas, de CABAL, quien asegura que son problemas ""mínimos"".

Si no has leído el repor podés hacerlo acá https://quorum.gt/poder/comida_diputados/",0,https://www.youtube.com/watch?v=n8iP75gIpmw
n8iP75gIpmw,UgxctiUZJriWwsE0a6J4AaABAg,Qué rico come tu diputado,Quorum,UCE4rsXcgDb6e1-a9iTbWzfg,@yeniferaguirre4498,UCut6b9S98nv84cVX89PmKzA,Échale un cuento completo este diputado y toda la bola de inservibles que fueron a comerse dinero del pueblo hasta sanguijuelas Oiga bien Dice que Cómo en el erario público y el gobierno como empresa donde una empresa produce dinero ellos gastan dinero desde una empresa no le da un bocado de comida a nadie si no produce ellos no producen ellos son los gastan,@quorumgt/videos,channel,quorum_complete_comments.csv | youtube_guatemala_plus_comments.csv,/@yeniferaguirre4498,hace 2 años, ,0,False,,@yeniferaguirre4498,Quorum,Qué rico come tu diputado,@quorumgt/videos,channel,@yeniferaguirre4498,@yeniferaguirre4498,,True,0,0,False,False,hace 2 años,1 - 2 anos,730.5,Échale un cuento completo este diputado y toda la bola de inservibles que fueron a comerse dinero del pueblo hasta sanguijuelas Oiga bien Dice que Cómo en el erario público y el gobierno como empresa donde una empresa produce dinero ellos gastan dinero desde una empresa no le da un bocado de comida a nadie si no produce ellos no producen ellos son los gastan,echalar cuento completo diputado bolo inservible comer el dinero pueblo sanguijuela oiga erario publico gobierno empresa empres producir dinero gastar dinero empresa bocado comida producir producir gastar,echale cuento completo diputado bola inservibles comerse dinero pueblo sanguijuelas oiga erario publico gobierno empresa empresa produce dinero gastan dinero empresa bocado comida produce producen gastan,[],[],[],[],0,0,0,0,Échale un cuento completo este diputado y toda la bola de inservibles que fueron a comerse dinero del pueblo hasta sanguijuelas Oiga bien Dice que Cómo en el erario público y el gobierno como empresa donde una empresa produce dinero ellos gastan dinero desde una empresa no le da un bocado de comida a nadie si no produce ellos no producen ellos son los gastan,360,204,65,27,True,False,Qué rico come tu diputado,UCE4rsXcgDb6e1-a9iTbWzfg,Quorum,/@quorumgt,/@quorumgt,News & Politics,Quorum GT,topic,11775,2024-08-27T14:09:51-07:00,2024-08-27 21:09:51+00:00,[],[],"En @ConCriteriogt hablaron hoy sobre nuestro reportaje ""Qué rico come tu diputado"", en el que contamos los almuerzos más caros pagados con fondos públicos entre enero y abril de este año.

Entrevistaron al diputado Nery Rodas, de CABAL, quien asegura que son problemas ""mínimos"".

Si no has leído el repor podés hacerlo acá https://quorum.gt/poder/comida_diputados/",0,https://www.youtube.com/watch?v=n8iP75gIpmw
6W4u8sGEnGM,Ugxd8fn-MEnc3SKPtid4AaABAg,Inician los trabajos de recuperación del Puente Belice II.,Gobierno de la República de Guatemala,UC-ZtFBHzgkYFh7whZkuR_Ag,@lara11roberto,UCfo_yUPzy1f1POwwZxhZ06Q,"Otto Pérez Leal dejó tirado un paso a desnivel en Molino Las Flores y Neto Bran ni se ha molestado en retomar. 
Hay diferencias de políticos. Arévalo, el tiempo le dará la razón.
La paciencia es una virtud.",Gobierno de la República de Guatemala,topic,youtube_guatemala_plus_comments.csv | youtube_lab_targets_small_comments.csv,/@lara11roberto,hace 6 días,1,0,False,,@lara11roberto,Gobierno de la República de Guatemala,Inician los trabajos de recuperación del Puente Belice II.,Gobierno de la República de Guatemala,topic,@lara11roberto,@lara11roberto,1.0,False,1,0,False,False,hace 6 días,<1 semana,6.0,"Otto Pérez Leal dejó tirado un paso a desnivel en Molino Las Flores y Neto Bran ni se ha molestado en retomar. 
Hay diferencias de políticos. Arévalo, el tiempo le dará la razón.
La paciencia es una virtud.",otto perez leal tirado paso desnivel molino flores neto bran molestado retomar diferencia politico arevalo tiempo razon paciencia virtud,otto perez leal tirado paso desnivel molino flores neto bran molestado retomar diferencias politicos arevalo tiempo dara razon paciencia virtud,[],[],[],[],0,0,0,0,"Otto Pérez Leal dejó tirado un paso a desnivel en Molino Las Flores y Neto Bran ni se ha molestado en retomar. Hay diferencias de políticos. Arévalo, el tiempo le dará la razón. La paciencia es una virtud.",206,136,38,19,True,False,Inician los trabajos de recuperación del Puente Belice II.,UC-ZtFBHzgkYFh7whZkuR_Ag,Gobierno de la República de Guatemala,/@GobiernodelaRepublicadeGuatema,/@GobiernodelaRepublicadeGuatema,Entertainment,Gobierno de la República de Guatemala,topic,11670,2026-08-26T21:00:47-07:00,2026-08-27 04:00:47+00:00,[],[],Inician los trabajos de recuperación del Puente Belice II.,0,https://www.youtube.com/watch?v=6W4u8sGEnGM
6W4u8sGEnGM,UgxdfjiT5_VBaeADj7h4AaABAg,Inician los trabajos de recuperación del Puente Belice II.,Gobierno de la República de Guatemala,UC-ZtFBHzgkYFh7whZkuR_Ag,@albertoshernandez5251,UCV3fr-YOixFKCZBbJP1-X4w,TODO EL APOYO PARA EL PRESIDENTE BERNARDO AREVALO 👏🎉👏🎉👏🎉👏,Gobierno de la República de Guatemala,topic,youtube_guatemala_plus_comments.csv | youtube_lab_targets_small_comments.csv,/@albertoshernandez5251,hace 6 días,4,0,False,,@albertoshernandez5251,Gobierno de la República de Guatemala,Inician los trabajos de recuperación del Puente Belice II.,Gobierno de la República de Guatemala,topic,@albertoshernandez5251,@albertoshernandez5251,4.0,False,4,0,False,False,hace 6 días,<1 semana,6.0,TODO EL APOYO PARA EL PRESIDENTE BERNARDO AREVALO 👏🎉👏🎉👏🎉👏,apoyo presidente bernardo arevalo,apoyo presidente bernardo arevalo,[],[],[],"[""👏"", ""🎉"", ""👏"", ""🎉"", ""👏"", ""🎉"", ""👏""]",0,0,0,7,TODO EL APOYO PARA EL PRESIDENTE BERNARDO AREVALO emoji manos aplaudiendo emoji emoji cañón de confeti emoji emoji manos aplaudiendo emoji emoji cañón de confeti emoji emoji manos aplaudiendo emoji emoji cañón de confeti emoji emoji manos aplaudiendo emoji,57,33,9,4,True,False,Inician los trabajos de recuperación del Puente Belice II.,UC-ZtFBHzgkYFh7whZkuR_Ag,Gobierno de la República de Guatemala,/@GobiernodelaRepublicadeGuatema,/@GobiernodelaRepublicadeGuatema,Entertainment,Gobierno de la República de Guatemala,topic,11670,2026-08-26T21:00:47-07:00,2026-08-27 04:00:47+00:00,[],[],Inician los trabajos de recuperación del Puente Belice II.,0,https://www.youtube.com/watch?v=6W4u8sGEnGM
n8iP75gIpmw,Ugxe0MXeW4ziwUMTfF54AaABAg,Qué rico come tu diputado,Quorum,UCE4rsXcgDb6e1-a9iTbWzfg,@edwingeovanymarroquinmarro6684,UCTylKrsqkrBKIqubMu_5N0Q,Jejejejejkee porque nosotros vivos con el minimo jejeje,@quorumgt/videos,channel,quorum_complete_comments.csv | youtube_guatemala_plus_comments.csv,/@edwingeovanymarroquinmarro6684,hace 2 años,1,0,False,,@edwingeovanymarroquinmarro6684,Quorum,Qué rico come tu diputado,@quorumgt/videos,channel,@edwingeovanymarroquinmarro6684,@edwingeovanymarroquinmarro6684,1.0,False,1,0,False,False,hace 2 años,1 - 2 anos,730.5,Jejejejejkee porque nosotros vivos con el minimo jejeje,jejejejejkee vivo minimo jejeje,jejejejejkee vivos minimo jejeje,[],[],[],[],0,0,0,0,Jejejejejkee porque nosotros vivos con el minimo jejeje,55,31,8,4,True,False,Qué rico come tu diputado,UCE4rsXcgDb6e1-a9iTbWzfg,Quorum,/@quorumgt,/@quorumgt,News & Politics,Quorum GT,topic,11775,2024-08-27T14:09:51-07:00,2024-08-27 21:09:51+00:00,[],[],"En @ConCriteriogt hablaron hoy sobre nuestro reportaje ""Qué rico come tu diputado"", en el que contamos los almuerzos más caros pagados con fondos públicos entre enero y abril de este año.

Entrevistaron al diputado Nery Rodas, de CABAL, quien asegura que son problemas ""mínimos"".

Si no has leído el repor podés hacerlo acá https://quorum.gt/poder/comida_diputados/",0,https://www.youtube.com/watch?v=n8iP75gIpmw
j43HgwYFKfk,UgxeJQgzDc124jVv7Fx4AaABAg,La cooptación de Walter Mazariegos en la USAC,Quorum,UCE4rsXcgDb6e1-a9iTbWzfg,@leonelsantizo5281,UC5hvEnRUzI4Kfvwnyi4QxqQ,Más claro imposible! Usac sigan en su lucha! Mientras comparto su video para que más personas se informen,@quorumgt,topic,j43HgwYFKfk_out_comments.csv | quorum_complete_comments.csv | youtube_guatemala_plus_comments.csv,/@leonelsantizo5281,hace 1 año,2,0,False,,@leonelsantizo5281,Quorum,La cooptación de Walter Mazariegos en la USAC,@quorumgt,topic,@leonelsantizo5281,@leonelsantizo5281,2.0,False,2,0,False,False,hace 1 año,1 mes - 1 ano,365.25,Más claro imposible! Usac sigan en su lucha! Mientras comparto su video para que más personas se informen,imposible usac seguir lucha comparto video persona informar,imposible usac sigan lucha comparto video personas informen,[],[],[],[],0,0,0,0,Más claro imposible! Usac sigan en su lucha! Mientras comparto su video para que más personas se informen,105,59,18,8,True,False,La cooptación de Walter Mazariegos en la USAC,UCE4rsXcgDb6e1-a9iTbWzfg,Quorum,/@quorumgt,/@quorumgt,News & Politics,@quorumgt,topic,10156,2024-09-26T15:00:17-07:00,2024-09-26 22:00:17+00:00,"[""USAC"", ""Walter Mazariegos"", ""Mazariegos rector"", ""Fraude USAC"", ""Elecciones USAC"", ""Toma USAC"", ""CSU USAC"", ""Quorum GT"", ""Periodismo Guatemala"", ""Luis Cordón USAC""]","[""USAC"", ""Walter Mazariegos"", ""Mazariegos rector"", ""Fraude USAC"", ""Elecciones USAC"", ""Toma USAC"", ""CSU USAC"", ""Quorum GT"", ""Periodismo Guatemala"", ""Luis Cordón USAC""]","🚨El rector de facto de la #USAC, Walter Mazariegos, tiene una alianza que le permite controlar un presupuesto millonario, quitar a sus opositores del camino y colocar a sus allegados en puestos importantes. Más de la mitad de sus cómplices en el Consejo Superior Universitario (CSU) se han prolongado en el poder y no tienen la intención de soltarlo.

👁️ Aunque las cosas podrían cambiar…

Ayudanos compartiendo, comentando y dándole like a este video.

🔍 También podés leer el reportaje completo en este link👉🏻 https://quorum.gt/poder/captura/usac/mazariegos_csu/

📲 Seguí a Quorum en todas las redes para ver más contenido interesante de #Guatemala.

⚫️ X: https://twitter.com/QuorumGT
🟣 Instagram: https://www.instagram.com/holaquorum?igsh=a2l2MHp6dXA5aGg4
🟠 TikTok:https://www.tiktok.com/@quorumgt?_t=8q3C9YsmOiT&_r=1
🔵 Facebook: https://www.facebook.com/QuorumGT?mibextid=LQQJ4d
🟢 Canal de WhatsApp: https://whatsapp.com/channel/0029Va8IZV65PO0ul2cBdD0l",10,https://www.youtube.com/watch?v=j43HgwYFKfk
WIUZtitfLRw,Ugxf6gnAtXKqV1Q_zRd4AaABAg,Caminar en una ciudad hecha para carros,Quorum,UCE4rsXcgDb6e1-a9iTbWzfg,@blogarteplus,UCVhif9eV0f8plICen2DnpKA,"Excelente reportaje. Les comparto algo que escribí en mi blog sobre mi experiencia siendo peatón en la cabecera departamental de Jutiapa, acá en Guatemala. 
https://mrmannoticias.blogspot.com/2018/04/el-indomito-peaton-de-jutiapa.html",@quorumgt/videos,channel,quorum_complete_comments.csv | youtube_guatemala_plus_comments.csv,/@blogarteplus,hace 1 año, ,0,False,,@blogarteplus,Quorum,Caminar en una ciudad hecha para carros,@quorumgt/videos,channel,@blogarteplus,@blogarteplus,,True,0,0,False,False,hace 1 año,1 mes - 1 ano,365.25,"Excelente reportaje. Les comparto algo que escribí en mi blog sobre mi experiencia siendo peatón en la cabecera departamental de Jutiapa, acá en Guatemala. 
https://mrmannoticias.blogspot.com/2018/04/el-indomito-peaton-de-jutiapa.html",excelente reportaje comparto escribi blog experiencia peaton cabecerar departamental jutiapa aca guatemala,excelente reportaje comparto escribi blog experiencia peaton cabecera departamental jutiapa aca guatemala,[],[],"[""https://mrmannoticias.blogspot.com/2018/04/el-indomito-peaton-de-jutiapa.html""]",[],0,0,1,0,"Excelente reportaje. Les comparto algo que escribí en mi blog sobre mi experiencia siendo peatón en la cabecera departamental de Jutiapa, acá en Guatemala. url",234,106,25,12,True,False,Caminar en una ciudad hecha para carros,UCE4rsXcgDb6e1-a9iTbWzfg,Quorum,/@quorumgt,/@quorumgt,News & Politics,@quorumgt/videos,channel,422,2024-11-20T17:15:06-08:00,2024-11-21 01:15:06+00:00,[],[],"🚗 Caminar por la #CiudaddeGuatemala es un reto de sobrevivencia. ¿Por qué? Porque la infraestructura prioriza a los #carros antes que a las personas.

🫱 Seguí en nuestras redes #ElAtasco, nuestra cobertura sobre #movilidad. Si aún no lo has hecho, entrale al test para ver qué tan caminable es tu barrio: https://ds8l19rhon2.typeform.com/elatasco

↗️ Identifiquemos y hablemos sobre los problemas para empezar a buscar soluciones.",0,https://www.youtube.com/watch?v=WIUZtitfLRw
n8iP75gIpmw,UgxfUxJfY_pjvu9318Z4AaABAg,Qué rico come tu diputado,Quorum,UCE4rsXcgDb6e1-a9iTbWzfg,@JoseSimilox-p6e,UC1vr9aaMI2crB0NvwFHUeoQ,Ese diputado es mañoso y abusivo como todos solo de artar no hacen nada bueno por el pueblo ladrones el pueblo le paga de Ai tiene que pagar su almuerzo,@quorumgt/videos,channel,quorum_complete_comments.csv | youtube_guatemala_plus_comments.csv,/@JoseSimilox-p6e,hace 1 año, ,0,False,,@JoseSimilox-p6e,Quorum,Qué rico come tu diputado,@quorumgt/videos,channel,@JoseSimilox-p6e,@josesimilox-p6e,,True,0,0,False,False,hace 1 año,1 mes - 1 ano,365.25,Ese diputado es mañoso y abusivo como todos solo de artar no hacen nada bueno por el pueblo ladrones el pueblo le paga de Ai tiene que pagar su almuerzo,diputado manoso abusivo artar pueblo ladrones pueblo pagar pagar almuerzo,diputado manoso abusivo artar pueblo ladrones pueblo paga pagar almuerzo,[],[],[],[],0,0,0,0,Ese diputado es mañoso y abusivo como todos solo de artar no hacen nada bueno por el pueblo ladrones el pueblo le paga de Ai tiene que pagar su almuerzo,152,73,30,10,True,False,Qué rico come tu diputado,UCE4rsXcgDb6e1-a9iTbWzfg,Quorum,/@quorumgt,/@quorumgt,News & Politics,Quorum GT,topic,11775,2024-08-27T14:09:51-07:00,2024-08-27 21:09:51+00:00,[],[],"En @ConCriteriogt hablaron hoy sobre nuestro reportaje ""Qué rico come tu diputado"", en el que contamos los almuerzos más caros pagados con fondos públicos entre enero y abril de este año.

Entrevistaron al diputado Nery Rodas, de CABAL, quien asegura que son problemas ""mínimos"".

Si no has leído el repor podés hacerlo acá https://quorum.gt/poder/comida_diputados/",0,https://www.youtube.com/watch?v=n8iP75gIpmw
n8iP75gIpmw,UgxfnbtuhVQuDILnXj14AaABAg,Qué rico come tu diputado,Quorum,UCE4rsXcgDb6e1-a9iTbWzfg,@ArielRodas-g5y,UCEgEQmRbtL5fwr9_DqAC--g,Que no justifique. Trabajo es trabajo y tiene que haser algo,@quorumgt/videos,channel,quorum_complete_comments.csv | youtube_guatemala_plus_comments.csv,/@ArielRodas-g5y,hace 2 años,2,0,False,,@ArielRodas-g5y,Quorum,Qué rico come tu diputado,@quorumgt/videos,channel,@ArielRodas-g5y,@arielrodas-g5y,2.0,False,2,0,False,False,hace 2 años,1 - 2 anos,730.5,Que no justifique. Trabajo es trabajo y tiene que haser algo,justifique trabajar trabajo haser,justifique trabajo trabajo haser,[],[],[],[],0,0,0,0,Que no justifique. Trabajo es trabajo y tiene que haser algo,60,33,11,4,True,False,Qué rico come tu diputado,UCE4rsXcgDb6e1-a9iTbWzfg,Quorum,/@quorumgt,/@quorumgt,News & Politics,Quorum GT,topic,11775,2024-08-27T14:09:51-07:00,2024-08-27 21:09:51+00:00,[],[],"En @ConCriteriogt hablaron hoy sobre nuestro reportaje ""Qué rico come tu diputado"", en el que contamos los almuerzos más caros pagados con fondos públicos entre enero y abril de este año.

Entrevistaron al diputado Nery Rodas, de CABAL, quien asegura que son problemas ""mínimos"".

Si no has leído el repor podés hacerlo acá https://quorum.gt/poder/comida_diputados/",0,https://www.youtube.com/watch?v=n8iP75gIpmw
lj983NWyAQY,Ugxgxziq7k4s9WwmauB4AaABAg,Plan 2032 Ciudad de Guatemala,Municipalidad de Guatemala,UCXa6LVjBzUtmcM3cwbd9e2w,@jeanmorales1677,UCIUhbSCy3-SGRe5UtqM4fzQ,Es problema es el exceso de vehículos y eso nadie lo podrá resolver sin contar la falta de educación vial que genera bastante tráfico ya q todos quieren pasar al mismo tiempo. Pero son buenos proyectos.,Municipalidad de Guatemala,topic,lj983NWyAQY_out_comments.csv | youtube_guatemala_plus_comments.csv,/@jeanmorales1677,hace 4 años,1,0,False,,@jeanmorales1677,Municipalidad de Guatemala,Plan 2032 Ciudad de Guatemala,Municipalidad de Guatemala,topic,@jeanmorales1677,@jeanmorales1677,1.0,False,1,0,False,False,hace 4 años,>2 anos,1461.0,Es problema es el exceso de vehículos y eso nadie lo podrá resolver sin contar la falta de educación vial que genera bastante tráfico ya q todos quieren pasar al mismo tiempo. Pero son buenos proyectos.,problema exceso vehicu el resolver contar falta educacion vial generar trafico querer pasar tiempo proyecto,problema exceso vehiculos resolver contar falta educacion vial genera trafico quieren pasar tiempo proyectos,[],[],[],[],0,0,0,0,Es problema es el exceso de vehículos y eso nadie lo podrá resolver sin contar la falta de educación vial que genera bastante tráfico ya q todos quieren pasar al mismo tiempo. Pero son buenos proyectos.,202,107,36,15,True,False,Plan 2032 Ciudad de Guatemala,UCXa6LVjBzUtmcM3cwbd9e2w,Municipalidad de Guatemala,/@MunicipalidaddeGuatemala-1551,/@MunicipalidaddeGuatemala-1551,News & Politics,Municipalidad de Guatemala,topic,304089,2019-02-28T18:31:10-08:00,2019-03-01 02:31:10+00:00,"[""Ricardo"", ""Quiñónez"", ""Administración"", ""Alcalde"", ""Alcaldía"", ""Alcaldías"", ""Municipalidad"", ""Municipal"", ""Muni"", ""Cumple"", ""Equipo"", ""Transparencia"", ""Servicios"", ""Servir"", ""Servidor"", ""Público"", ""Pasión"", ""Todos"", ""Somos"", ""La"", ""Ciudad"", ""Del"", ""Futuro"", ""Para"", ""Vivir"", ""Polos"", ""desarrollo"", ""pasos a desnivel"", ""movilidad urbana"", ""aerometro"", ""Transmetro"", ""metroriel"", ""Plan 2032"", ""transporte público"", ""reciclaje"", ""movilidad""]","[""Ricardo"", ""Quiñónez"", ""Administración"", ""Alcalde"", ""Alcaldía"", ""Alcaldías"", ""Municipalidad"", ""Municipal"", ""Muni"", ""Cumple"", ""Equipo"", ""Transparencia"", ""Servicios"", ""Servir"", ""Servidor"", ""Público"", ""Pasión"", ""Todos"", ""Somos"", ""La"", ""Ciudad"", ""Del"", ""Futuro"", ""Para"", ""Vivir"", ""Polos"", ""desarrollo"", ""pasos a desnivel"", ""movilidad urbana"", ""aerometro"", ""Transmetro"", ""metroriel"", ""Plan 2032"", ""transporte público"", ""reciclaje"", ""movilidad""]",La Municipalidad de Guatemala trabaja en el plan 2032 con proyectos para solventar los actuales y futuros desafíos de la Ciudad.,36,https://www.youtube.com/watch?v=lj983NWyAQY
OkXlHx0hx-8,UgxiEgXuexKPtHEwAQJ4AaABAg,EE.UU. envía a mexicanos deportados a Guatemala antes de su regreso a México | Noticias Telemundo,Noticias Telemundo,UCRwA1NUcUnwsly35ikGhp0A,@jesusguzman2321,UCozFYHN0e_-vlQbX3wQGOug,Esa son la noticia de univision y Telemundo  no dan otra positiva al gobierno  ya lo estamos desenmascarando  su manipulación,guatemala noticias,topic,youtube_guatemala_comments.csv | youtube_guatemala_plus_comments.csv,/@jesusguzman2321,hace 1 día,5,2,False,,@jesusguzman2321,Noticias Telemundo,EE.UU. envía a mexicanos deportados a Guatemala antes de su regreso a México | Noticias Telemundo,guatemala noticias,topic,@jesusguzman2321,@jesusguzman2321,5.0,False,5,2,False,False,hace 1 día,<1 semana,1.0,Esa son la noticia de univision y Telemundo  no dan otra positiva al gobierno  ya lo estamos desenmascarando  su manipulación,noticia univision telemundo positivo gobierno desenmascarar manipulacion,noticia univision telemundo positiva gobierno desenmascarando manipulacion,[],[],[],[],0,0,0,0,Esa son la noticia de univision y Telemundo no dan otra positiva al gobierno ya lo estamos desenmascarando su manipulación,125,72,20,7,True,False,EE.UU. envía a mexicanos deportados a Guatemala antes de su regreso a México | Noticias Telemundo,UCRwA1NUcUnwsly35ikGhp0A,Noticias Telemundo,/@noticias,/@noticias,News & Politics,guatemala noticias,topic,14200,2026-08-30T16:38:02-07:00,2026-08-30 23:38:02+00:00,"[""telemundo noticias"", ""noticias telemundo"", ""noticias telemundo de hoy"", ""noticias"", ""noticias en vivo"", ""telemundo"", ""noticias de ultima hora"", ""noticias de hoy"", ""ee uu deporta a miles de mexicanos a traves de guatemala"", ""mexico rechaza uso de guatemala como pais puente"", ""dhs acelera expulsiones de mexicanos por guatemala"", ""polemica por ruta de deportacion de ee uu a tapachula"", ""miles de deportados mexicanos quedan varados en guatemala""]","[""telemundo noticias"", ""noticias telemundo"", ""noticias telemundo de hoy"", ""noticias"", ""noticias en vivo"", ""telemundo"", ""noticias de ultima hora"", ""noticias de hoy"", ""ee uu deporta a miles de mexicanos a traves de guatemala"", ""mexico rechaza uso de guatemala como pais puente"", ""dhs acelera expulsiones de mexicanos por guatemala"", ""polemica por ruta de deportacion de ee uu a tapachula"", ""miles de deportados mexicanos quedan varados en guatemala""]","Video oficial de Noticias Telemundo. Desde abril, casi 2,300 mexicanos han sido enviados a Guatemala, según autoridades de ese país. Al llegar a Tapachula, muchos deben buscar cómo trasladarse a sus estados de origen. DHS justifica el uso de países “puente” para acelerar las expulsiones.

Descarga nuestra App:
https://telemundo.app.link/Mtq7sTKAUtb

SUSCRÍBETE: https://bit.ly/TLMDNoticiasYT

Noticias
Noticias Telemundo es un proveedor líder de noticias para los hispanos de EE.UU. Sus galardonados espacios de noticias, transmitidos desde Telemundo Center, incluyen los noticieros diarios ""Noticias Telemundo"" con Julio Vaqueiro; ""Noticias Telemundo Fin de Semana"", ""Noticias Telemundo Mediodía"" y ""Noticias Telemundo En La Noche"". El ""Equipo Digital de Noticias Telemundo"" ofrece contenido ininterrumpido para los hispanos de EE.UU. a través de sus crecientes plataformas móviles y en línea. ""Noticias Telemundo Investiga"" produce reportes investigativos y documentales en profundidad. ""Noticias Telemundo Planeta Tierra"" ofrece información relacionada con el medio ambiente y el cambio climático. Adicionalmente, ""Noticias Telemundo"" produce galardonados especiales de noticias, documentales y eventos noticiosos como debates políticos, asambleas ciudadanas y foros.

Telemundo
Es una empresa de medios de primera categoría, líder en la industria en la producción y distribución de contenido en español de alta calidad a través de múltiples plataformas para hispanos en los Estados Unidos y alrededor del mundo. La cadena ofrece producciones dramáticas originales de Telemundo Studios – el productor #1 de contenido en español de horario estelar – así como contenido alternativo, películas de cine, especiales, noticias y eventos deportivos de primer nivel, alcanzando el 94% de los televidentes hispanos en los Estados Unidos en 210 mercados a través de 17 estaciones propias y 57 afiliadas de TV abierta. Telemundo también es propietaria de WKAQ, una estación de televisión local que sirve Puerto Rico. Telemundo es parte de NBCUniversal Telemundo Enterprises, una división de NBCUniversal, una de las compañías líderes en el mundo de los medios y entretenimiento. NBCUniversal es una subsidiaria de Comcast Corporation.

SÍGUENOS EN X: https://twitter.com/telemundonews
DANOS ME GUSTA EN FACEBOOK: https://www.facebook.com/NoticiasTelemundo

#NoticiasTelemundo #Deportaciones #Frontera 

EE.UU. envía a mexicanos deportados a Guatemala antes de su regreso a México | Noticias Telemundo
https://www.youtube.com/noticias

Noticias, Telemundo, Noticias Telemundo de hoy, Telemundo Noticias, Noticias, Telemundo, Telemundo Noticias de hoy, Noticias Telemundo de hoy en vivo, Ultima hora, Noticias de hoy, Noticias de Ultima hora",13,https://www.youtube.com/watch?v=OkXlHx0hx-8
OkXlHx0hx-8,UgxiEgXuexKPtHEwAQJ4AaABAg.Aa9HLCNywwKAa9OgyseDes,EE.UU. envía a mexicanos deportados a Guatemala antes de su regreso a México | Noticias Telemundo,Noticias Telemundo,UCRwA1NUcUnwsly35ikGhp0A,@Ripped-Yoda,UCQMMuADgqWUOcJpLwHOzC-g,Bajo el crimen y la oferta de casas crecio en Texas…..lastima por tamto ilegal,guatemala noticias,topic,youtube_guatemala_comments.csv | youtube_guatemala_plus_comments.csv,/@Ripped-Yoda,hace 1 día, ,0,False,,@Ripped-Yoda,Noticias Telemundo,EE.UU. envía a mexicanos deportados a Guatemala antes de su regreso a México | Noticias Telemundo,guatemala noticias,topic,@Ripped-Yoda,@ripped-yoda,,True,0,0,False,False,hace 1 día,<1 semana,1.0,Bajo el crimen y la oferta de casas crecio en Texas…..lastima por tamto ilegal,crimar oferta casa crecio texas lastima tamto ilegal,crimen oferta casas crecio texas lastima tamto ilegal,[],[],[],[],0,0,0,0,Bajo el crimen y la oferta de casas crecio en Texas…..lastima por tamto ilegal,78,52,14,8,True,False,EE.UU. envía a mexicanos deportados a Guatemala antes de su regreso a México | Noticias Telemundo,UCRwA1NUcUnwsly35ikGhp0A,Noticias Telemundo,/@noticias,/@noticias,News & Politics,guatemala noticias,topic,14200,2026-08-30T16:38:02-07:00,2026-08-30 23:38:02+00:00,"[""telemundo noticias"", ""noticias telemundo"", ""noticias telemundo de hoy"", ""noticias"", ""noticias en vivo"", ""telemundo"", ""noticias de ultima hora"", ""noticias de hoy"", ""ee uu deporta a miles de mexicanos a traves de guatemala"", ""mexico rechaza uso de guatemala como pais puente"", ""dhs acelera expulsiones de mexicanos por guatemala"", ""polemica por ruta de deportacion de ee uu a tapachula"", ""miles de deportados mexicanos quedan varados en guatemala""]","[""telemundo noticias"", ""noticias telemundo"", ""noticias telemundo de hoy"", ""noticias"", ""noticias en vivo"", ""telemundo"", ""noticias de ultima hora"", ""noticias de hoy"", ""ee uu deporta a miles de mexicanos a traves de guatemala"", ""mexico rechaza uso de guatemala como pais puente"", ""dhs acelera expulsiones de mexicanos por guatemala"", ""polemica por ruta de deportacion de ee uu a tapachula"", ""miles de deportados mexicanos quedan varados en guatemala""]","Video oficial de Noticias Telemundo. Desde abril, casi 2,300 mexicanos han sido enviados a Guatemala, según autoridades de ese país. Al llegar a Tapachula, muchos deben buscar cómo trasladarse a sus estados de origen. DHS justifica el uso de países “puente” para acelerar las expulsiones.

Descarga nuestra App:
https://telemundo.app.link/Mtq7sTKAUtb

SUSCRÍBETE: https://bit.ly/TLMDNoticiasYT

Noticias
Noticias Telemundo es un proveedor líder de noticias para los hispanos de EE.UU. Sus galardonados espacios de noticias, transmitidos desde Telemundo Center, incluyen los noticieros diarios ""Noticias Telemundo"" con Julio Vaqueiro; ""Noticias Telemundo Fin de Semana"", ""Noticias Telemundo Mediodía"" y ""Noticias Telemundo En La Noche"". El ""Equipo Digital de Noticias Telemundo"" ofrece contenido ininterrumpido para los hispanos de EE.UU. a través de sus crecientes plataformas móviles y en línea. ""Noticias Telemundo Investiga"" produce reportes investigativos y documentales en profundidad. ""Noticias Telemundo Planeta Tierra"" ofrece información relacionada con el medio ambiente y el cambio climático. Adicionalmente, ""Noticias Telemundo"" produce galardonados especiales de noticias, documentales y eventos noticiosos como debates políticos, asambleas ciudadanas y foros.

Telemundo
Es una empresa de medios de primera categoría, líder en la industria en la producción y distribución de contenido en español de alta calidad a través de múltiples plataformas para hispanos en los Estados Unidos y alrededor del mundo. La cadena ofrece producciones dramáticas originales de Telemundo Studios – el productor #1 de contenido en español de horario estelar – así como contenido alternativo, películas de cine, especiales, noticias y eventos deportivos de primer nivel, alcanzando el 94% de los televidentes hispanos en los Estados Unidos en 210 mercados a través de 17 estaciones propias y 57 afiliadas de TV abierta. Telemundo también es propietaria de WKAQ, una estación de televisión local que sirve Puerto Rico. Telemundo es parte de NBCUniversal Telemundo Enterprises, una división de NBCUniversal, una de las compañías líderes en el mundo de los medios y entretenimiento. NBCUniversal es una subsidiaria de Comcast Corporation.

SÍGUENOS EN X: https://twitter.com/telemundonews
DANOS ME GUSTA EN FACEBOOK: https://www.facebook.com/NoticiasTelemundo

#NoticiasTelemundo #Deportaciones #Frontera 

EE.UU. envía a mexicanos deportados a Guatemala antes de su regreso a México | Noticias Telemundo
https://www.youtube.com/noticias

Noticias, Telemundo, Noticias Telemundo de hoy, Telemundo Noticias, Noticias, Telemundo, Telemundo Noticias de hoy, Noticias Telemundo de hoy en vivo, Ultima hora, Noticias de hoy, Noticias de Ultima hora",13,https://www.youtube.com/watch?v=OkXlHx0hx-8
OkXlHx0hx-8,UgxiEgXuexKPtHEwAQJ4AaABAg.Aa9HLCNywwKAa9ZeEQh7n7,EE.UU. envía a mexicanos deportados a Guatemala antes de su regreso a México | Noticias Telemundo,Noticias Telemundo,UCRwA1NUcUnwsly35ikGhp0A,@mariaalexander427,UC-QOpE7GOxlXcHZ8b7HbQKA,💯Correcto.  Unicoyote y Telementiras ya jartan con la misma novela y teatro todos los dias.,guatemala noticias,topic,youtube_guatemala_comments.csv | youtube_guatemala_plus_comments.csv,/@mariaalexander427,hace 1 día, ,0,False,,@mariaalexander427,Noticias Telemundo,EE.UU. envía a mexicanos deportados a Guatemala antes de su regreso a México | Noticias Telemundo,guatemala noticias,topic,@mariaalexander427,@mariaalexander427,,True,0,0,False,False,hace 1 día,<1 semana,1.0,💯Correcto.  Unicoyote y Telementiras ya jartan con la misma novela y teatro todos los dias.,correcto unicoyote telementira jartar novela teatro,correcto unicoyote telementiras jartan novela teatro,[],[],[],"[""💯""]",0,0,0,1,emoji cien puntos emoji Correcto. Unicoyote y Telementiras ya jartan con la misma novela y teatro todos los dias.,91,51,15,6,True,False,EE.UU. envía a mexicanos deportados a Guatemala antes de su regreso a México | Noticias Telemundo,UCRwA1NUcUnwsly35ikGhp0A,Noticias Telemundo,/@noticias,/@noticias,News & Politics,guatemala noticias,topic,14200,2026-08-30T16:38:02-07:00,2026-08-30 23:38:02+00:00,"[""telemundo noticias"", ""noticias telemundo"", ""noticias telemundo de hoy"", ""noticias"", ""noticias en vivo"", ""telemundo"", ""noticias de ultima hora"", ""noticias de hoy"", ""ee uu deporta a miles de mexicanos a traves de guatemala"", ""mexico rechaza uso de guatemala como pais puente"", ""dhs acelera expulsiones de mexicanos por guatemala"", ""polemica por ruta de deportacion de ee uu a tapachula"", ""miles de deportados mexicanos quedan varados en guatemala""]","[""telemundo noticias"", ""noticias telemundo"", ""noticias telemundo de hoy"", ""noticias"", ""noticias en vivo"", ""telemundo"", ""noticias de ultima hora"", ""noticias de hoy"", ""ee uu deporta a miles de mexicanos a traves de guatemala"", ""mexico rechaza uso de guatemala como pais puente"", ""dhs acelera expulsiones de mexicanos por guatemala"", ""polemica por ruta de deportacion de ee uu a tapachula"", ""miles de deportados mexicanos quedan varados en guatemala""]","Video oficial de Noticias Telemundo. Desde abril, casi 2,300 mexicanos han sido enviados a Guatemala, según autoridades de ese país. Al llegar a Tapachula, muchos deben buscar cómo trasladarse a sus estados de origen. DHS justifica el uso de países “puente” para acelerar las expulsiones.

Descarga nuestra App:
https://telemundo.app.link/Mtq7sTKAUtb

SUSCRÍBETE: https://bit.ly/TLMDNoticiasYT

Noticias
Noticias Telemundo es un proveedor líder de noticias para los hispanos de EE.UU. Sus galardonados espacios de noticias, transmitidos desde Telemundo Center, incluyen los noticieros diarios ""Noticias Telemundo"" con Julio Vaqueiro; ""Noticias Telemundo Fin de Semana"", ""Noticias Telemundo Mediodía"" y ""Noticias Telemundo En La Noche"". El ""Equipo Digital de Noticias Telemundo"" ofrece contenido ininterrumpido para los hispanos de EE.UU. a través de sus crecientes plataformas móviles y en línea. ""Noticias Telemundo Investiga"" produce reportes investigativos y documentales en profundidad. ""Noticias Telemundo Planeta Tierra"" ofrece información relacionada con el medio ambiente y el cambio climático. Adicionalmente, ""Noticias Telemundo"" produce galardonados especiales de noticias, documentales y eventos noticiosos como debates políticos, asambleas ciudadanas y foros.

Telemundo
Es una empresa de medios de primera categoría, líder en la industria en la producción y distribución de contenido en español de alta calidad a través de múltiples plataformas para hispanos en los Estados Unidos y alrededor del mundo. La cadena ofrece producciones dramáticas originales de Telemundo Studios – el productor #1 de contenido en español de horario estelar – así como contenido alternativo, películas de cine, especiales, noticias y eventos deportivos de primer nivel, alcanzando el 94% de los televidentes hispanos en los Estados Unidos en 210 mercados a través de 17 estaciones propias y 57 afiliadas de TV abierta. Telemundo también es propietaria de WKAQ, una estación de televisión local que sirve Puerto Rico. Telemundo es parte de NBCUniversal Telemundo Enterprises, una división de NBCUniversal, una de las compañías líderes en el mundo de los medios y entretenimiento. NBCUniversal es una subsidiaria de Comcast Corporation.

SÍGUENOS EN X: https://twitter.com/telemundonews
DANOS ME GUSTA EN FACEBOOK: https://www.facebook.com/NoticiasTelemundo

#NoticiasTelemundo #Deportaciones #Frontera 

EE.UU. envía a mexicanos deportados a Guatemala antes de su regreso a México | Noticias Telemundo
https://www.youtube.com/noticias

Noticias, Telemundo, Noticias Telemundo de hoy, Telemundo Noticias, Noticias, Telemundo, Telemundo Noticias de hoy, Noticias Telemundo de hoy en vivo, Ultima hora, Noticias de hoy, Noticias de Ultima hora",13,https://www.youtube.com/watch?v=OkXlHx0hx-8
lj983NWyAQY,Ugxj76_NAyOnh_vsgMV4AaABAg,Plan 2032 Ciudad de Guatemala,Municipalidad de Guatemala,UCXa6LVjBzUtmcM3cwbd9e2w,@sabinamarinaguerra3248,UC0RpuMwkDKJYqgKHtsJRuWQ,Se ve moderna Y bella la ciudad de Guatemala .......Saludos desde Ecuador,Municipalidad de Guatemala,topic,lj983NWyAQY_out_comments.csv | youtube_guatemala_plus_comments.csv,/@sabinamarinaguerra3248,hace 7 años,113,1,False,,@sabinamarinaguerra3248,Municipalidad de Guatemala,Plan 2032 Ciudad de Guatemala,Municipalidad de Guatemala,topic,@sabinamarinaguerra3248,@sabinamarinaguerra3248,113.0,False,113,1,False,False,hace 7 años,>2 anos,2556.75,Se ve moderna Y bella la ciudad de Guatemala .......Saludos desde Ecuador,moderno bello ciudad guatemala saludos ecuador,moderna bella ciudad guatemala saludos ecuador,[],[],[],[],0,0,0,0,Se ve moderna Y bella la ciudad de Guatemala ...Saludos desde Ecuador,73,46,12,6,True,False,Plan 2032 Ciudad de Guatemala,UCXa6LVjBzUtmcM3cwbd9e2w,Municipalidad de Guatemala,/@MunicipalidaddeGuatemala-1551,/@MunicipalidaddeGuatemala-1551,News & Politics,Municipalidad de Guatemala,topic,304089,2019-02-28T18:31:10-08:00,2019-03-01 02:31:10+00:00,"[""Ricardo"", ""Quiñónez"", ""Administración"", ""Alcalde"", ""Alcaldía"", ""Alcaldías"", ""Municipalidad"", ""Municipal"", ""Muni"", ""Cumple"", ""Equipo"", ""Transparencia"", ""Servicios"", ""Servir"", ""Servidor"", ""Público"", ""Pasión"", ""Todos"", ""Somos"", ""La"", ""Ciudad"", ""Del"", ""Futuro"", ""Para"", ""Vivir"", ""Polos"", ""desarrollo"", ""pasos a desnivel"", ""movilidad urbana"", ""aerometro"", ""Transmetro"", ""metroriel"", ""Plan 2032"", ""transporte público"", ""reciclaje"", ""movilidad""]","[""Ricardo"", ""Quiñónez"", ""Administración"", ""Alcalde"", ""Alcaldía"", ""Alcaldías"", ""Municipalidad"", ""Municipal"", ""Muni"", ""Cumple"", ""Equipo"", ""Transparencia"", ""Servicios"", ""Servir"", ""Servidor"", ""Público"", ""Pasión"", ""Todos"", ""Somos"", ""La"", ""Ciudad"", ""Del"", ""Futuro"", ""Para"", ""Vivir"", ""Polos"", ""desarrollo"", ""pasos a desnivel"", ""movilidad urbana"", ""aerometro"", ""Transmetro"", ""metroriel"", ""Plan 2032"", ""transporte público"", ""reciclaje"", ""movilidad""]",La Municipalidad de Guatemala trabaja en el plan 2032 con proyectos para solventar los actuales y futuros desafíos de la Ciudad.,36,https://www.youtube.com/watch?v=lj983NWyAQY
6W4u8sGEnGM,UgxkcFai5KbeHyhGbnF4AaABAg,Inician los trabajos de recuperación del Puente Belice II.,Gobierno de la República de Guatemala,UC-ZtFBHzgkYFh7whZkuR_Ag,@JorgeMunoz-gd9et,UC-HeUTT6_g-VoiWds2a4H-w,Señor presidente enfoque se en combatir la delincuencia y usted será recordado como el mejor presidente de Guatemala,Gobierno de la República de Guatemala,topic,youtube_guatemala_plus_comments.csv | youtube_lab_targets_small_comments.csv,/@JorgeMunoz-gd9et,hace 6 días, ,0,False,,@JorgeMunoz-gd9et,Gobierno de la República de Guatemala,Inician los trabajos de recuperación del Puente Belice II.,Gobierno de la República de Guatemala,topic,@JorgeMunoz-gd9et,@jorgemunoz-gd9et,,True,0,0,False,False,hace 6 días,<1 semana,6.0,Señor presidente enfoque se en combatir la delincuencia y usted será recordado como el mejor presidente de Guatemala,senor presidente enfocar combatir delincuencia recordado presidente guatemala,senor presidente enfoque combatir delincuencia recordado presidente guatemala,[],[],[],[],0,0,0,0,Señor presidente enfoque se en combatir la delincuencia y usted será recordado como el mejor presidente de Guatemala,116,77,18,8,True,False,Inician los trabajos de recuperación del Puente Belice II.,UC-ZtFBHzgkYFh7whZkuR_Ag,Gobierno de la República de Guatemala,/@GobiernodelaRepublicadeGuatema,/@GobiernodelaRepublicadeGuatema,Entertainment,Gobierno de la República de Guatemala,topic,11670,2026-08-26T21:00:47-07:00,2026-08-27 04:00:47+00:00,[],[],Inician los trabajos de recuperación del Puente Belice II.,0,https://www.youtube.com/watch?v=6W4u8sGEnGM
n8iP75gIpmw,Ugxl5bLZ1llR9fV0V0l4AaABAg,Qué rico come tu diputado,Quorum,UCE4rsXcgDb6e1-a9iTbWzfg,@alfonsomorales2653,UC2Y_EHWQKevubk4vOEBBFxw,"Demos Like y comentemos en este tipo de contenido, asi mas gente se entera de estos tranzas 
Risa dá que pida que hanlen de lo que ""hace bien""..... Es su trabajo pedazo de M",@quorumgt/videos,channel,quorum_complete_comments.csv | youtube_guatemala_plus_comments.csv,/@alfonsomorales2653,hace 2 años,1,0,False,,@alfonsomorales2653,Quorum,Qué rico come tu diputado,@quorumgt/videos,channel,@alfonsomorales2653,@alfonsomorales2653,1.0,False,1,0,False,False,hace 2 años,1 - 2 anos,730.5,"Demos Like y comentemos en este tipo de contenido, asi mas gente se entera de estos tranzas 
Risa dá que pida que hanlen de lo que ""hace bien""..... Es su trabajo pedazo de M",demo like comentemo tipo contenido enterar tranzas risa pedir hanlen trabajo pedazo,demos like comentemos tipo contenido entera tranzas risa pida hanlen trabajo pedazo,[],[],[],[],0,0,0,0,"Demos Like y comentemos en este tipo de contenido, asi mas gente se entera de estos tranzas Risa dá que pida que hanlen de lo que ""hace bien""... Es su trabajo pedazo de M",173,83,34,12,True,False,Qué rico come tu diputado,UCE4rsXcgDb6e1-a9iTbWzfg,Quorum,/@quorumgt,/@quorumgt,News & Politics,Quorum GT,topic,11775,2024-08-27T14:09:51-07:00,2024-08-27 21:09:51+00:00,[],[],"En @ConCriteriogt hablaron hoy sobre nuestro reportaje ""Qué rico come tu diputado"", en el que contamos los almuerzos más caros pagados con fondos públicos entre enero y abril de este año.

Entrevistaron al diputado Nery Rodas, de CABAL, quien asegura que son problemas ""mínimos"".

Si no has leído el repor podés hacerlo acá https://quorum.gt/poder/comida_diputados/",0,https://www.youtube.com/watch?v=n8iP75gIpmw
j43HgwYFKfk,UgxoLjEjkngSVGZvO1N4AaABAg,La cooptación de Walter Mazariegos en la USAC,Quorum,UCE4rsXcgDb6e1-a9iTbWzfg,@inge_vergueta,UCpsKOkt5iWTbenzeuq7dsmQ,👏👏👏👏👏👏,@quorumgt,topic,j43HgwYFKfk_out_comments.csv | quorum_complete_comments.csv | youtube_guatemala_plus_comments.csv,/@inge_vergueta,hace 1 año,2,0,False,,@inge_vergueta,Quorum,La cooptación de Walter Mazariegos en la USAC,@quorumgt,topic,@inge_vergueta,@inge_vergueta,2.0,False,2,0,False,False,hace 1 año,1 mes - 1 ano,365.25,👏👏👏👏👏👏,,,[],[],[],"[""👏"", ""👏"", ""👏"", ""👏"", ""👏"", ""👏""]",0,0,0,6,emoji manos aplaudiendo emoji emoji manos aplaudiendo emoji emoji manos aplaudiendo emoji,6,0,1,0,True,True,La cooptación de Walter Mazariegos en la USAC,UCE4rsXcgDb6e1-a9iTbWzfg,Quorum,/@quorumgt,/@quorumgt,News & Politics,@quorumgt,topic,10156,2024-09-26T15:00:17-07:00,2024-09-26 22:00:17+00:00,"[""USAC"", ""Walter Mazariegos"", ""Mazariegos rector"", ""Fraude USAC"", ""Elecciones USAC"", ""Toma USAC"", ""CSU USAC"", ""Quorum GT"", ""Periodismo Guatemala"", ""Luis Cordón USAC""]","[""USAC"", ""Walter Mazariegos"", ""Mazariegos rector"", ""Fraude USAC"", ""Elecciones USAC"", ""Toma USAC"", ""CSU USAC"", ""Quorum GT"", ""Periodismo Guatemala"", ""Luis Cordón USAC""]","🚨El rector de facto de la #USAC, Walter Mazariegos, tiene una alianza que le permite controlar un presupuesto millonario, quitar a sus opositores del camino y colocar a sus allegados en puestos importantes. Más de la mitad de sus cómplices en el Consejo Superior Universitario (CSU) se han prolongado en el poder y no tienen la intención de soltarlo.

👁️ Aunque las cosas podrían cambiar…

Ayudanos compartiendo, comentando y dándole like a este video.

🔍 También podés leer el reportaje completo en este link👉🏻 https://quorum.gt/poder/captura/usac/mazariegos_csu/

📲 Seguí a Quorum en todas las redes para ver más contenido interesante de #Guatemala.

⚫️ X: https://twitter.com/QuorumGT
🟣 Instagram: https://www.instagram.com/holaquorum?igsh=a2l2MHp6dXA5aGg4
🟠 TikTok:https://www.tiktok.com/@quorumgt?_t=8q3C9YsmOiT&_r=1
🔵 Facebook: https://www.facebook.com/QuorumGT?mibextid=LQQJ4d
🟢 Canal de WhatsApp: https://whatsapp.com/channel/0029Va8IZV65PO0ul2cBdD0l",10,https://www.youtube.com/watch?v=j43HgwYFKfk
n8iP75gIpmw,Ugxoc10_rBva4f6IW2N4AaABAg,Qué rico come tu diputado,Quorum,UCE4rsXcgDb6e1-a9iTbWzfg,@TeresaLucero-b5o,UCwW2OFy95P7ZBkOPxWkpvYg,Que devuelvan el pisto ...,@quorumgt/videos,channel,quorum_complete_comments.csv | youtube_guatemala_plus_comments.csv,/@TeresaLucero-b5o,hace 2 años,1,0,False,,@TeresaLucero-b5o,Quorum,Qué rico come tu diputado,@quorumgt/videos,channel,@TeresaLucero-b5o,@teresalucero-b5o,1.0,False,1,0,False,False,hace 2 años,1 - 2 anos,730.5,Que devuelvan el pisto ...,devuelvan pisto,devuelvan pisto,[],[],[],[],0,0,0,0,Que devuelvan el pisto ...,26,15,5,2,True,False,Qué rico come tu diputado,UCE4rsXcgDb6e1-a9iTbWzfg,Quorum,/@quorumgt,/@quorumgt,News & Politics,Quorum GT,topic,11775,2024-08-27T14:09:51-07:00,2024-08-27 21:09:51+00:00,[],[],"En @ConCriteriogt hablaron hoy sobre nuestro reportaje ""Qué rico come tu diputado"", en el que contamos los almuerzos más caros pagados con fondos públicos entre enero y abril de este año.

Entrevistaron al diputado Nery Rodas, de CABAL, quien asegura que son problemas ""mínimos"".

Si no has leído el repor podés hacerlo acá https://quorum.gt/poder/comida_diputados/",0,https://www.youtube.com/watch?v=n8iP75gIpmw
yLZS3JiEBg8,UgxovP0Yh3_qrKdrKrp4AaABAg,Arroz con pollo a la MONOPOLIO,Quorum,UCE4rsXcgDb6e1-a9iTbWzfg,@marioramirez299,UCwEe1RKlEv1UpNWmWYfSh4w,"Primera contradicción ¿Cómo le van a poner un conjunto de reglas a un ""libre mercado"". Al hacer la ley ya no será un libre mercado.

El problema no es la falta de ley. El problema es el sistema capitalista. No hay que darle tanta vuelta",@quorumgt/videos,channel,quorum_complete_comments.csv | youtube_guatemala_plus_comments.csv,/@marioramirez299,hace 2 años, ,0,False,,@marioramirez299,Quorum,Arroz con pollo a la MONOPOLIO,@quorumgt/videos,channel,@marioramirez299,@marioramirez299,,True,0,0,False,False,hace 2 años,1 - 2 anos,730.5,"Primera contradicción ¿Cómo le van a poner un conjunto de reglas a un ""libre mercado"". Al hacer la ley ya no será un libre mercado.

El problema no es la falta de ley. El problema es el sistema capitalista. No hay que darle tanta vuelta",contradiccion conjunto regla libre mercado ley libre mercado problema faltar ley problema sistema capitalista dar el vuelta,contradiccion conjunto reglas libre mercado ley libre mercado problema falta ley problema sistema capitalista darle tanta vuelta,[],[],[],[],0,0,0,0,"Primera contradicción ¿Cómo le van a poner un conjunto de reglas a un ""libre mercado"". Al hacer la ley ya no será un libre mercado. El problema no es la falta de ley. El problema es el sistema capitalista. No hay que darle tanta vuelta",236,123,45,17,True,False,Arroz con pollo a la MONOPOLIO,UCE4rsXcgDb6e1-a9iTbWzfg,Quorum,/@quorumgt,/@quorumgt,News & Politics,@quorumgt/videos,channel,1954,2024-05-09T19:15:12-07:00,2024-05-10 02:15:12+00:00,[],[],"🔍 En Guatemala tenemos un mercado no tan “libre” que digamos. 

💸 Unas pocas empresas dominan las diferentes industrias y en algunos sectores no hay una competencia real que favorezca al consumidor.

🎥 Hoy estrenamos #LasMañasDelMercado para hablar de la industria alimenticia y la necesidad de una #LeyDeCompetencia.",0,https://www.youtube.com/watch?v=yLZS3JiEBg8
n8iP75gIpmw,UgxpFKbiejsVGSNIcTh4AaABAg,Qué rico come tu diputado,Quorum,UCE4rsXcgDb6e1-a9iTbWzfg,@nestormendez6216,UCQtICyzWmhC5woCtbNgaSmg,Esa bancada Cabal y otros siguen en la terquedad de gastar en comida. A nadie le deben pagar su comida. A nadie. NADIE.,@quorumgt/videos,channel,quorum_complete_comments.csv | youtube_guatemala_plus_comments.csv,/@nestormendez6216,hace 2 años, ,0,False,,@nestormendez6216,Quorum,Qué rico come tu diputado,@quorumgt/videos,channel,@nestormendez6216,@nestormendez6216,,True,0,0,False,False,hace 2 años,1 - 2 anos,730.5,Esa bancada Cabal y otros siguen en la terquedad de gastar en comida. A nadie le deben pagar su comida. A nadie. NADIE.,bancado cabal seguir terquedad gastar comida pagar comida,bancada cabal siguen terquedad gastar comida pagar comida,[],[],[],[],0,0,0,0,Esa bancada Cabal y otros siguen en la terquedad de gastar en comida. A nadie le deben pagar su comida. A nadie. NADIE.,119,57,23,8,True,False,Qué rico come tu diputado,UCE4rsXcgDb6e1-a9iTbWzfg,Quorum,/@quorumgt,/@quorumgt,News & Politics,Quorum GT,topic,11775,2024-08-27T14:09:51-07:00,2024-08-27 21:09:51+00:00,[],[],"En @ConCriteriogt hablaron hoy sobre nuestro reportaje ""Qué rico come tu diputado"", en el que contamos los almuerzos más caros pagados con fondos públicos entre enero y abril de este año.

Entrevistaron al diputado Nery Rodas, de CABAL, quien asegura que son problemas ""mínimos"".

Si no has leído el repor podés hacerlo acá https://quorum.gt/poder/comida_diputados/",0,https://www.youtube.com/watch?v=n8iP75gIpmw
n8iP75gIpmw,UgxqEChOyWebtVaqy-V4AaABAg,Qué rico come tu diputado,Quorum,UCE4rsXcgDb6e1-a9iTbWzfg,@cuabatzjj5924,UCDlr1VadSucIZgZ171pRBjQ,Soy yo vi Cua Batz,@quorumgt/videos,channel,quorum_complete_comments.csv | youtube_guatemala_plus_comments.csv,/@cuabatzjj5924,hace 2 años, ,0,False,,@cuabatzjj5924,Quorum,Qué rico come tu diputado,@quorumgt/videos,channel,@cuabatzjj5924,@cuabatzjj5924,,True,0,0,False,False,hace 2 años,1 - 2 anos,730.5,Soy yo vi Cua Batz,cua batz,cua batz,[],[],[],[],0,0,0,0,Soy yo vi Cua Batz,18,8,5,2,True,False,Qué rico come tu diputado,UCE4rsXcgDb6e1-a9iTbWzfg,Quorum,/@quorumgt,/@quorumgt,News & Politics,Quorum GT,topic,11775,2024-08-27T14:09:51-07:00,2024-08-27 21:09:51+00:00,[],[],"En @ConCriteriogt hablaron hoy sobre nuestro reportaje ""Qué rico come tu diputado"", en el que contamos los almuerzos más caros pagados con fondos públicos entre enero y abril de este año.

Entrevistaron al diputado Nery Rodas, de CABAL, quien asegura que son problemas ""mínimos"".

Si no has leído el repor podés hacerlo acá https://quorum.gt/poder/comida_diputados/",0,https://www.youtube.com/watch?v=n8iP75gIpmw
n8iP75gIpmw,UgxqSfWMWvqMX8tiC5x4AaABAg,Qué rico come tu diputado,Quorum,UCE4rsXcgDb6e1-a9iTbWzfg,@fredymendez1786,UCHhHUjaMAZ8SiXdCUCj9DkQ,"me imagino que en los horarios que deberian de estar trabajando estan durmiendo por eso aparecen , dicen que trabajando pero es es solamente haciendo carnitas asadas y cerveciando.",@quorumgt/videos,channel,quorum_complete_comments.csv | youtube_guatemala_plus_comments.csv,/@fredymendez1786,hace 2 años,2,0,False,,@fredymendez1786,Quorum,Qué rico come tu diputado,@quorumgt/videos,channel,@fredymendez1786,@fredymendez1786,2.0,False,2,0,False,False,hace 2 años,1 - 2 anos,730.5,"me imagino que en los horarios que deberian de estar trabajando estan durmiendo por eso aparecen , dicen que trabajando pero es es solamente haciendo carnitas asadas y cerveciando.",imagino horario deberiar trabajar dormir aparecer trabajar carnita asada cerveciar,imagino horarios deberian trabajando durmiendo aparecen trabajando carnitas asadas cerveciando,[],[],[],[],0,0,0,0,"me imagino que en los horarios que deberian de estar trabajando estan durmiendo por eso aparecen , dicen que trabajando pero es es solamente haciendo carnitas asadas y cerveciando.",180,82,29,10,True,False,Qué rico come tu diputado,UCE4rsXcgDb6e1-a9iTbWzfg,Quorum,/@quorumgt,/@quorumgt,News & Politics,Quorum GT,topic,11775,2024-08-27T14:09:51-07:00,2024-08-27 21:09:51+00:00,[],[],"En @ConCriteriogt hablaron hoy sobre nuestro reportaje ""Qué rico come tu diputado"", en el que contamos los almuerzos más caros pagados con fondos públicos entre enero y abril de este año.

Entrevistaron al diputado Nery Rodas, de CABAL, quien asegura que son problemas ""mínimos"".

Si no has leído el repor podés hacerlo acá https://quorum.gt/poder/comida_diputados/",0,https://www.youtube.com/watch?v=n8iP75gIpmw
lj983NWyAQY,UgxrZBO3MtEqcgXAIEN4AaABAg,Plan 2032 Ciudad de Guatemala,Municipalidad de Guatemala,UCXa6LVjBzUtmcM3cwbd9e2w,@elenaluarca9377,UCxKR3RA8T-kxMgq_2WWhRcQ,"Que bueno que Guatemala sea una cuidad bonita y ojalá todos los proyectos sean realidad. Se los deseo con todo corazón de una salvadoreña que gusta mucho de la cuidad de Guatemala , donde me crie y viví por mucho tiempo y la considero mi segundo país, viva Guatemala y viva todo Centroamérica.",Municipalidad de Guatemala,topic,lj983NWyAQY_out_comments.csv | youtube_guatemala_plus_comments.csv,/@elenaluarca9377,hace 7 años,329,5,False,,@elenaluarca9377,Municipalidad de Guatemala,Plan 2032 Ciudad de Guatemala,Municipalidad de Guatemala,topic,@elenaluarca9377,@elenaluarca9377,329.0,False,329,5,False,False,hace 7 años,>2 anos,2556.75,"Que bueno que Guatemala sea una cuidad bonita y ojalá todos los proyectos sean realidad. Se los deseo con todo corazón de una salvadoreña que gusta mucho de la cuidad de Guatemala , donde me crie y viví por mucho tiempo y la considero mi segundo país, viva Guatemala y viva todo Centroamérica.",guatemala cuidad bonito ojala proyecto realidad desear corazon salvadorena gusto cuidad guatemala crie vivi tiempo vivo guatemala vivo centroamerico,guatemala cuidad bonita ojala proyectos realidad deseo corazon salvadorena gusta cuidad guatemala crie vivi tiempo viva guatemala viva centroamerica,[],[],[],[],0,0,0,0,"Que bueno que Guatemala sea una cuidad bonita y ojalá todos los proyectos sean realidad. Se los deseo con todo corazón de una salvadoreña que gusta mucho de la cuidad de Guatemala , donde me crie y viví por mucho tiempo y la considero mi segundo país, viva Guatemala y viva todo Centroamérica.",293,148,53,19,True,False,Plan 2032 Ciudad de Guatemala,UCXa6LVjBzUtmcM3cwbd9e2w,Municipalidad de Guatemala,/@MunicipalidaddeGuatemala-1551,/@MunicipalidaddeGuatemala-1551,News & Politics,Municipalidad de Guatemala,topic,304089,2019-02-28T18:31:10-08:00,2019-03-01 02:31:10+00:00,"[""Ricardo"", ""Quiñónez"", ""Administración"", ""Alcalde"", ""Alcaldía"", ""Alcaldías"", ""Municipalidad"", ""Municipal"", ""Muni"", ""Cumple"", ""Equipo"", ""Transparencia"", ""Servicios"", ""Servir"", ""Servidor"", ""Público"", ""Pasión"", ""Todos"", ""Somos"", ""La"", ""Ciudad"", ""Del"", ""Futuro"", ""Para"", ""Vivir"", ""Polos"", ""desarrollo"", ""pasos a desnivel"", ""movilidad urbana"", ""aerometro"", ""Transmetro"", ""metroriel"", ""Plan 2032"", ""transporte público"", ""reciclaje"", ""movilidad""]","[""Ricardo"", ""Quiñónez"", ""Administración"", ""Alcalde"", ""Alcaldía"", ""Alcaldías"", ""Municipalidad"", ""Municipal"", ""Muni"", ""Cumple"", ""Equipo"", ""Transparencia"", ""Servicios"", ""Servir"", ""Servidor"", ""Público"", ""Pasión"", ""Todos"", ""Somos"", ""La"", ""Ciudad"", ""Del"", ""Futuro"", ""Para"", ""Vivir"", ""Polos"", ""desarrollo"", ""pasos a desnivel"", ""movilidad urbana"", ""aerometro"", ""Transmetro"", ""metroriel"", ""Plan 2032"", ""transporte público"", ""reciclaje"", ""movilidad""]",La Municipalidad de Guatemala trabaja en el plan 2032 con proyectos para solventar los actuales y futuros desafíos de la Ciudad.,36,https://www.youtube.com/watch?v=lj983NWyAQY
3Nfp9h5avBI,UgxswojCyw1a0RuHVEp4AaABAg,"Noticiero en Directo 1 pm, 28 de Agosto de 2026",Noticiero Guatevisión 13 Hrs.,UCdSVqHGHzyMTXSafUHY-e-w,@alfonsowilian9157,UCJxJC56BSAX-ArD0NAb9qnQ,La persona encargada del ecosistema que ayude a este problema.,guatemala noticias,topic,youtube_guatemala_comments.csv | youtube_guatemala_plus_comments.csv,/@alfonsowilian9157,hace 22 horas, ,0,False,,@alfonsowilian9157,Noticiero Guatevisión 13 Hrs.,"Noticiero en Directo 1 pm, 28 de Agosto de 2026",guatemala noticias,topic,@alfonsowilian9157,@alfonsowilian9157,,True,0,0,False,False,hace 22 horas,<1 semana,0.917,La persona encargada del ecosistema que ayude a este problema.,persona encargado ecosistema ayude problema,persona encargada ecosistema ayude problema,[],[],[],[],0,0,0,0,La persona encargada del ecosistema que ayude a este problema.,62,43,10,5,True,False,"Noticiero en Directo 1 pm, 28 de Agosto de 2026",UCdSVqHGHzyMTXSafUHY-e-w,Noticiero Guatevisión 13 Hrs.,/@GuatevisionNoticiero,/@GuatevisionNoticiero,News & Politics,guatemala noticias,topic,573,2026-08-31T10:41:20-07:00,2026-08-31 17:41:20+00:00,"[""guatevision"", ""noticiero guatevision"", ""emisión en directo"", ""emisión en directo noticiero guatevision"", ""Guatemala"", ""clima"", ""marisol padilla""]","[""guatevision"", ""noticiero guatevision"", ""emisión en directo"", ""emisión en directo noticiero guatevision"", ""Guatemala"", ""clima"", ""marisol padilla""]","#NoticiasGuatemala #SismosJutiapa #TSE #Seguridad #AaronHerrera

🔔 Suscríbete al canal y activa la campanita para recibir las noticias más importantes de Guatemala.",7,https://www.youtube.com/watch?v=3Nfp9h5avBI
lj983NWyAQY,UgxuO_1lX_-jTQfAzZx4AaABAg,Plan 2032 Ciudad de Guatemala,Municipalidad de Guatemala,UCXa6LVjBzUtmcM3cwbd9e2w,@rolandojuchuna484,UCqilIa8r7iek5sGYg_q6ofA,Sería  muy bueno construir el tren a nivel departamentales hacia la ciudad de Guatemala,Municipalidad de Guatemala,topic,lj983NWyAQY_out_comments.csv | youtube_guatemala_plus_comments.csv,/@rolandojuchuna484,hace 7 años,52,1,False,,@rolandojuchuna484,Municipalidad de Guatemala,Plan 2032 Ciudad de Guatemala,Municipalidad de Guatemala,topic,@rolandojuchuna484,@rolandojuchuna484,52.0,False,52,1,False,False,hace 7 años,>2 anos,2556.75,Sería  muy bueno construir el tren a nivel departamentales hacia la ciudad de Guatemala,construir trar nivel departamental ciudad guatemala,construir tren nivel departamentales ciudad guatemala,[],[],[],[],0,0,0,0,Sería muy bueno construir el tren a nivel departamentales hacia la ciudad de Guatemala,87,51,14,6,True,False,Plan 2032 Ciudad de Guatemala,UCXa6LVjBzUtmcM3cwbd9e2w,Municipalidad de Guatemala,/@MunicipalidaddeGuatemala-1551,/@MunicipalidaddeGuatemala-1551,News & Politics,Municipalidad de Guatemala,topic,304089,2019-02-28T18:31:10-08:00,2019-03-01 02:31:10+00:00,"[""Ricardo"", ""Quiñónez"", ""Administración"", ""Alcalde"", ""Alcaldía"", ""Alcaldías"", ""Municipalidad"", ""Municipal"", ""Muni"", ""Cumple"", ""Equipo"", ""Transparencia"", ""Servicios"", ""Servir"", ""Servidor"", ""Público"", ""Pasión"", ""Todos"", ""Somos"", ""La"", ""Ciudad"", ""Del"", ""Futuro"", ""Para"", ""Vivir"", ""Polos"", ""desarrollo"", ""pasos a desnivel"", ""movilidad urbana"", ""aerometro"", ""Transmetro"", ""metroriel"", ""Plan 2032"", ""transporte público"", ""reciclaje"", ""movilidad""]","[""Ricardo"", ""Quiñónez"", ""Administración"", ""Alcalde"", ""Alcaldía"", ""Alcaldías"", ""Municipalidad"", ""Municipal"", ""Muni"", ""Cumple"", ""Equipo"", ""Transparencia"", ""Servicios"", ""Servir"", ""Servidor"", ""Público"", ""Pasión"", ""Todos"", ""Somos"", ""La"", ""Ciudad"", ""Del"", ""Futuro"", ""Para"", ""Vivir"", ""Polos"", ""desarrollo"", ""pasos a desnivel"", ""movilidad urbana"", ""aerometro"", ""Transmetro"", ""metroriel"", ""Plan 2032"", ""transporte público"", ""reciclaje"", ""movilidad""]",La Municipalidad de Guatemala trabaja en el plan 2032 con proyectos para solventar los actuales y futuros desafíos de la Ciudad.,36,https://www.youtube.com/watch?v=lj983NWyAQY
3Nfp9h5avBI,UgxudaO35O8XcM9Wu4t4AaABAg,"Noticiero en Directo 1 pm, 28 de Agosto de 2026",Noticiero Guatevisión 13 Hrs.,UCdSVqHGHzyMTXSafUHY-e-w,@MiguelJordan-n3g,UCyor0Mmm0ivLX2jIdyGp84Q,Q  recuerdos esta dejando semiya se pierden armas del estado la delincuencia no reduse,guatemala noticias,topic,youtube_guatemala_comments.csv | youtube_guatemala_plus_comments.csv,/@MiguelJordan-n3g,hace 23 horas, ,0,False,,@MiguelJordan-n3g,Noticiero Guatevisión 13 Hrs.,"Noticiero en Directo 1 pm, 28 de Agosto de 2026",guatemala noticias,topic,@MiguelJordan-n3g,@migueljordan-n3g,,True,0,0,False,False,hace 23 horas,<1 semana,0.958,Q  recuerdos esta dejando semiya se pierden armas del estado la delincuencia no reduse,recuerdo dejar semiya perder arma delincuencia reduse,recuerdos dejando semiya pierden armas delincuencia reduse,[],[],[],[],0,0,0,0,Q recuerdos esta dejando semiya se pierden armas del estado la delincuencia no reduse,86,53,14,7,True,False,"Noticiero en Directo 1 pm, 28 de Agosto de 2026",UCdSVqHGHzyMTXSafUHY-e-w,Noticiero Guatevisión 13 Hrs.,/@GuatevisionNoticiero,/@GuatevisionNoticiero,News & Politics,guatemala noticias,topic,573,2026-08-31T10:41:20-07:00,2026-08-31 17:41:20+00:00,"[""guatevision"", ""noticiero guatevision"", ""emisión en directo"", ""emisión en directo noticiero guatevision"", ""Guatemala"", ""clima"", ""marisol padilla""]","[""guatevision"", ""noticiero guatevision"", ""emisión en directo"", ""emisión en directo noticiero guatevision"", ""Guatemala"", ""clima"", ""marisol padilla""]","#NoticiasGuatemala #SismosJutiapa #TSE #Seguridad #AaronHerrera

🔔 Suscríbete al canal y activa la campanita para recibir las noticias más importantes de Guatemala.",7,https://www.youtube.com/watch?v=3Nfp9h5avBI
j43HgwYFKfk,UgxvgdNqovIhqUZDxUx4AaABAg,La cooptación de Walter Mazariegos en la USAC,Quorum,UCE4rsXcgDb6e1-a9iTbWzfg,@carloslam5333,UCpe5jW3MIqkgTJ-PgkzvM6Q,Y los estudiantes de la usac que han echo?,@quorumgt/videos,channel,quorum_complete_comments.csv | youtube_guatemala_plus_comments.csv,/@carloslam5333,hace 1 año,1,0,False,,@carloslam5333,Quorum,La cooptación de Walter Mazariegos en la USAC,@quorumgt/videos,channel,@carloslam5333,@carloslam5333,1.0,False,1,0,False,False,hace 1 año,1 mes - 1 ano,365.25,Y los estudiantes de la usac que han echo?,estudiante usac echo,estudiantes usac echo,[],[],[],[],0,0,0,0,Y los estudiantes de la usac que han echo?,42,20,9,3,True,False,La cooptación de Walter Mazariegos en la USAC,UCE4rsXcgDb6e1-a9iTbWzfg,Quorum,/@quorumgt,/@quorumgt,News & Politics,@quorumgt,topic,10156,2024-09-26T15:00:17-07:00,2024-09-26 22:00:17+00:00,"[""USAC"", ""Walter Mazariegos"", ""Mazariegos rector"", ""Fraude USAC"", ""Elecciones USAC"", ""Toma USAC"", ""CSU USAC"", ""Quorum GT"", ""Periodismo Guatemala"", ""Luis Cordón USAC""]","[""USAC"", ""Walter Mazariegos"", ""Mazariegos rector"", ""Fraude USAC"", ""Elecciones USAC"", ""Toma USAC"", ""CSU USAC"", ""Quorum GT"", ""Periodismo Guatemala"", ""Luis Cordón USAC""]","🚨El rector de facto de la #USAC, Walter Mazariegos, tiene una alianza que le permite controlar un presupuesto millonario, quitar a sus opositores del camino y colocar a sus allegados en puestos importantes. Más de la mitad de sus cómplices en el Consejo Superior Universitario (CSU) se han prolongado en el poder y no tienen la intención de soltarlo.

👁️ Aunque las cosas podrían cambiar…

Ayudanos compartiendo, comentando y dándole like a este video.

🔍 También podés leer el reportaje completo en este link👉🏻 https://quorum.gt/poder/captura/usac/mazariegos_csu/

📲 Seguí a Quorum en todas las redes para ver más contenido interesante de #Guatemala.

⚫️ X: https://twitter.com/QuorumGT
🟣 Instagram: https://www.instagram.com/holaquorum?igsh=a2l2MHp6dXA5aGg4
🟠 TikTok:https://www.tiktok.com/@quorumgt?_t=8q3C9YsmOiT&_r=1
🔵 Facebook: https://www.facebook.com/QuorumGT?mibextid=LQQJ4d
🟢 Canal de WhatsApp: https://whatsapp.com/channel/0029Va8IZV65PO0ul2cBdD0l",10,https://www.youtube.com/watch?v=j43HgwYFKfk
n8iP75gIpmw,UgxvmbFNm6tYRX6yfLN4AaABAg,Qué rico come tu diputado,Quorum,UCE4rsXcgDb6e1-a9iTbWzfg,@eusebiovasquez4385,UCz3gu01bmjNv0DpRq-K3XYg,Pero que trabajo ase este delincuente si sólo robar,@quorumgt/videos,channel,quorum_complete_comments.csv | youtube_guatemala_plus_comments.csv,/@eusebiovasquez4385,hace 2 años,1,0,False,,@eusebiovasquez4385,Quorum,Qué rico come tu diputado,@quorumgt/videos,channel,@eusebiovasquez4385,@eusebiovasquez4385,1.0,False,1,0,False,False,hace 2 años,1 - 2 anos,730.5,Pero que trabajo ase este delincuente si sólo robar,trabajo ase delincuente robar,trabajo ase delincuente robar,[],[],[],[],0,0,0,0,Pero que trabajo ase este delincuente si sólo robar,51,29,9,4,True,False,Qué rico come tu diputado,UCE4rsXcgDb6e1-a9iTbWzfg,Quorum,/@quorumgt,/@quorumgt,News & Politics,Quorum GT,topic,11775,2024-08-27T14:09:51-07:00,2024-08-27 21:09:51+00:00,[],[],"En @ConCriteriogt hablaron hoy sobre nuestro reportaje ""Qué rico come tu diputado"", en el que contamos los almuerzos más caros pagados con fondos públicos entre enero y abril de este año.

Entrevistaron al diputado Nery Rodas, de CABAL, quien asegura que son problemas ""mínimos"".

Si no has leído el repor podés hacerlo acá https://quorum.gt/poder/comida_diputados/",0,https://www.youtube.com/watch?v=n8iP75gIpmw
j43HgwYFKfk,Ugxvt0tvqY4UlDS2hoh4AaABAg,La cooptación de Walter Mazariegos en la USAC,Quorum,UCE4rsXcgDb6e1-a9iTbWzfg,@jorgeaguilar-bq3uj,UCuXmOjxC-htcprLgeVXz6Tg,"FUERA MAZARIEGOS DE LA USAC, TÍTERE DEL PACTO DE CORRUPTOS!!!
Guatemala necesita que CICIG vuelva y reinicie la lucha anti corrupción, el pacto de corruptos encabezado por la fundación contra el terrorismo ya tiene cooptadas todas las instituciones de justicia, especialmente el MP. 👍⚖️",@quorumgt/videos,channel,quorum_complete_comments.csv | youtube_guatemala_plus_comments.csv,/@jorgeaguilar-bq3uj,hace 1 año,1,0,False,,@jorgeaguilar-bq3uj,Quorum,La cooptación de Walter Mazariegos en la USAC,@quorumgt/videos,channel,@jorgeaguilar-bq3uj,@jorgeaguilar-bq3uj,1.0,False,1,0,False,False,hace 1 año,1 mes - 1 ano,365.25,"FUERA MAZARIEGOS DE LA USAC, TÍTERE DEL PACTO DE CORRUPTOS!!!
Guatemala necesita que CICIG vuelva y reinicie la lucha anti corrupción, el pacto de corruptos encabezado por la fundación contra el terrorismo ya tiene cooptadas todas las instituciones de justicia, especialmente el MP. 👍⚖️",mazariego usac titerir pacto corrupto guatemala necesitar cicig volver reinicie lucha anti corrupcion pacto corrupto encabezado fundacion terrorismo cooptada institucion justicia especialmente,mazariegos usac titere pacto corruptos guatemala necesita cicig vuelva reinicie lucha anti corrupcion pacto corruptos encabezado fundacion terrorismo cooptadas instituciones justicia especialmente,[],[],[],"[""👍"", ""⚖️""]",0,0,0,2,"FUERA MAZARIEGOS DE LA USAC, TÍTERE DEL PACTO DE CORRUPTOS!!! Guatemala necesita que CICIG vuelva y reinicie la lucha anti corrupción, el pacto de corruptos encabezado por la fundación contra el terrorismo ya tiene cooptadas todas las instituciones de justicia, especialmente el MP. emoji pulgar hacia arriba emoji emoji balanza emoji",286,192,44,22,True,False,La cooptación de Walter Mazariegos en la USAC,UCE4rsXcgDb6e1-a9iTbWzfg,Quorum,/@quorumgt,/@quorumgt,News & Politics,@quorumgt,topic,10156,2024-09-26T15:00:17-07:00,2024-09-26 22:00:17+00:00,"[""USAC"", ""Walter Mazariegos"", ""Mazariegos rector"", ""Fraude USAC"", ""Elecciones USAC"", ""Toma USAC"", ""CSU USAC"", ""Quorum GT"", ""Periodismo Guatemala"", ""Luis Cordón USAC""]","[""USAC"", ""Walter Mazariegos"", ""Mazariegos rector"", ""Fraude USAC"", ""Elecciones USAC"", ""Toma USAC"", ""CSU USAC"", ""Quorum GT"", ""Periodismo Guatemala"", ""Luis Cordón USAC""]","🚨El rector de facto de la #USAC, Walter Mazariegos, tiene una alianza que le permite controlar un presupuesto millonario, quitar a sus opositores del camino y colocar a sus allegados en puestos importantes. Más de la mitad de sus cómplices en el Consejo Superior Universitario (CSU) se han prolongado en el poder y no tienen la intención de soltarlo.

👁️ Aunque las cosas podrían cambiar…

Ayudanos compartiendo, comentando y dándole like a este video.

🔍 También podés leer el reportaje completo en este link👉🏻 https://quorum.gt/poder/captura/usac/mazariegos_csu/

📲 Seguí a Quorum en todas las redes para ver más contenido interesante de #Guatemala.

⚫️ X: https://twitter.com/QuorumGT
🟣 Instagram: https://www.instagram.com/holaquorum?igsh=a2l2MHp6dXA5aGg4
🟠 TikTok:https://www.tiktok.com/@quorumgt?_t=8q3C9YsmOiT&_r=1
🔵 Facebook: https://www.facebook.com/QuorumGT?mibextid=LQQJ4d
🟢 Canal de WhatsApp: https://whatsapp.com/channel/0029Va8IZV65PO0ul2cBdD0l",10,https://www.youtube.com/watch?v=j43HgwYFKfk
PjmxCj-a9Hg,UgxvxNmPMdRuRDptJQN4AaABAg,Conferencia de Prensa del Gobierno de Guatemala. #LaRondaGt,Gobierno de la República de Guatemala,UC-ZtFBHzgkYFh7whZkuR_Ag,@juandeleon9060,UCNIeXbV_mEwpa412h1aqUWw,Porque. No salen. Acombatir LA seguridad. En las calles. Acombatir LA corruption. Policiacas...,@GobiernodeGuatemala,topic,PjmxCj-a9Hg_out_comments.csv | youtube_guatemala_plus_comments.csv,/@juandeleon9060,hace 1 año,2,0,False,,@juandeleon9060,Gobierno de la República de Guatemala,Conferencia de Prensa del Gobierno de Guatemala. #LaRondaGt,@GobiernodeGuatemala,topic,@juandeleon9060,@juandeleon9060,2.0,False,2,0,False,False,hace 1 año,1 mes - 1 ano,365.25,Porque. No salen. Acombatir LA seguridad. En las calles. Acombatir LA corruption. Policiacas...,salir acombatir seguridad calle acombatir corruption policiaco,salen acombatir seguridad calles acombatir corruption policiacas,[],[],[],[],0,0,0,0,Porque. No salen. Acombatir LA seguridad. En las calles. Acombatir LA corruption. Policiacas...,95,62,13,7,True,False,Conferencia de Prensa del Gobierno de Guatemala. #LaRondaGt,UC-ZtFBHzgkYFh7whZkuR_Ag,Gobierno de la República de Guatemala,/@GobiernodelaRepublicadeGuatema,/@GobiernodelaRepublicadeGuatema,Entertainment,@GobiernodeGuatemala,topic,3628,2025-08-11T20:14:15-07:00,2025-08-12 03:14:15+00:00,[],[],Conferencia de Prensa del Gobierno de Guatemala. #LaRondaGt,0,https://www.youtube.com/watch?v=PjmxCj-a9Hg
n8iP75gIpmw,Ugxw_1trnd8loD3302V4AaABAg,Qué rico come tu diputado,Quorum,UCE4rsXcgDb6e1-a9iTbWzfg,@dantesarti4351,UCySYJU5kUh7X8gVt9la2ISA,"Porque no hacen sus reuniones de ''trabajo'' en el comedor de doña Chonita, como dijo giammattei, almuerzos de Q25.00 y pagados con sus sueldos.",@quorumgt/videos,channel,quorum_complete_comments.csv | youtube_guatemala_plus_comments.csv,/@dantesarti4351,hace 1 año, ,0,False,,@dantesarti4351,Quorum,Qué rico come tu diputado,@quorumgt/videos,channel,@dantesarti4351,@dantesarti4351,,True,0,0,False,False,hace 1 año,1 mes - 1 ano,365.25,"Porque no hacen sus reuniones de ''trabajo'' en el comedor de doña Chonita, como dijo giammattei, almuerzos de Q25.00 y pagados con sus sueldos.",reunion trabajo comedor donar chonita giammattei almuerzo q25 pagado sueldo,reuniones trabajo comedor dona chonita giammattei almuerzos q25 pagados sueldos,[],[],[],[],0,0,0,0,"Porque no hacen sus reuniones de ''trabajo'' en el comedor de doña Chonita, como dijo giammattei, almuerzos de Q25.00 y pagados con sus sueldos.",144,75,24,10,True,False,Qué rico come tu diputado,UCE4rsXcgDb6e1-a9iTbWzfg,Quorum,/@quorumgt,/@quorumgt,News & Politics,Quorum GT,topic,11775,2024-08-27T14:09:51-07:00,2024-08-27 21:09:51+00:00,[],[],"En @ConCriteriogt hablaron hoy sobre nuestro reportaje ""Qué rico come tu diputado"", en el que contamos los almuerzos más caros pagados con fondos públicos entre enero y abril de este año.

Entrevistaron al diputado Nery Rodas, de CABAL, quien asegura que son problemas ""mínimos"".

Si no has leído el repor podés hacerlo acá https://quorum.gt/poder/comida_diputados/",0,https://www.youtube.com/watch?v=n8iP75gIpmw
n8iP75gIpmw,UgxxNu7QTJHuAgFaEYN4AaABAg,Qué rico come tu diputado,Quorum,UCE4rsXcgDb6e1-a9iTbWzfg,@virgiliogarcia3039,UCHTGCgY2l-DQJIvlA_cpa_Q,El pueblo ya estaba trankilo ya que segun decian les habian quitado el almuerzo a esos ladronasos pero me estoy dando cuenta que no el pueblo les estamos pagando un sueldo jugoso y todabia pagando sus comidas que desgracia que hase ese presidente del congreso y el del pais bernardo arebalo engañadores al pueblo que pasa Nery Ramos,@quorumgt/videos,channel,quorum_complete_comments.csv | youtube_guatemala_plus_comments.csv,/@virgiliogarcia3039,hace 2 años, ,0,False,,@virgiliogarcia3039,Quorum,Qué rico come tu diputado,@quorumgt/videos,channel,@virgiliogarcia3039,@virgiliogarcia3039,,True,0,0,False,False,hace 2 años,1 - 2 anos,730.5,El pueblo ya estaba trankilo ya que segun decian les habian quitado el almuerzo a esos ladronasos pero me estoy dando cuenta que no el pueblo les estamos pagando un sueldo jugoso y todabia pagando sus comidas que desgracia que hase ese presidente del congreso y el del pais bernardo arebalo engañadores al pueblo que pasa Nery Ramos,pueblo trankilo deciar quitado almuerzo ladronaso pueblo pagar sueldo jugoso todabio pagar comida desgracia har presidente congreso bernardo arebalo enganadores pueblo pasar nery rir,pueblo trankilo decian quitado almuerzo ladronasos dando pueblo pagando sueldo jugoso todabia pagando comidas desgracia hase presidente congreso bernardo arebalo enganadores pueblo pasa nery ramos,[],[],[],[],0,0,0,0,El pueblo ya estaba trankilo ya que segun decian les habian quitado el almuerzo a esos ladronasos pero me estoy dando cuenta que no el pueblo les estamos pagando un sueldo jugoso y todabia pagando sus comidas que desgracia que hase ese presidente del congreso y el del pais bernardo arebalo engañadores al pueblo que pasa Nery Ramos,332,182,58,24,True,False,Qué rico come tu diputado,UCE4rsXcgDb6e1-a9iTbWzfg,Quorum,/@quorumgt,/@quorumgt,News & Politics,Quorum GT,topic,11775,2024-08-27T14:09:51-07:00,2024-08-27 21:09:51+00:00,[],[],"En @ConCriteriogt hablaron hoy sobre nuestro reportaje ""Qué rico come tu diputado"", en el que contamos los almuerzos más caros pagados con fondos públicos entre enero y abril de este año.

Entrevistaron al diputado Nery Rodas, de CABAL, quien asegura que son problemas ""mínimos"".

Si no has leído el repor podés hacerlo acá https://quorum.gt/poder/comida_diputados/",0,https://www.youtube.com/watch?v=n8iP75gIpmw
OkXlHx0hx-8,UgxxdDS3FUc53KWN3KF4AaABAg,EE.UU. envía a mexicanos deportados a Guatemala antes de su regreso a México | Noticias Telemundo,Noticias Telemundo,UCRwA1NUcUnwsly35ikGhp0A,@BelkisRodriguezRamirez,UCPNXmbOBVeC4HS-xemvcPtQ,"Si alguien viene a mi casa sin invitación yo no lo dejo entrar y si entra a la fuerza se busca un problema,eso pasa con los inmigrantes que entraron ilegalmente.",guatemala noticias,topic,youtube_guatemala_comments.csv | youtube_guatemala_plus_comments.csv,/@BelkisRodriguezRamirez,hace 1 día,2,3,False,,@BelkisRodriguezRamirez,Noticias Telemundo,EE.UU. envía a mexicanos deportados a Guatemala antes de su regreso a México | Noticias Telemundo,guatemala noticias,topic,@BelkisRodriguezRamirez,@belkisrodriguezramirez,2.0,False,2,3,False,False,hace 1 día,<1 semana,1.0,"Si alguien viene a mi casa sin invitación yo no lo dejo entrar y si entra a la fuerza se busca un problema,eso pasa con los inmigrantes que entraron ilegalmente.",alguien venir casa invitacion entrar entrar fuerza buscar problema pasar inmigrante entrar ilegalmente,alguien viene casa invitacion entrar entra fuerza busca problema pasa inmigrantes entraron ilegalmente,[],[],[],[],0,0,0,0,"Si alguien viene a mi casa sin invitación yo no lo dejo entrar y si entra a la fuerza se busca un problema,eso pasa con los inmigrantes que entraron ilegalmente.",161,102,30,13,True,False,EE.UU. envía a mexicanos deportados a Guatemala antes de su regreso a México | Noticias Telemundo,UCRwA1NUcUnwsly35ikGhp0A,Noticias Telemundo,/@noticias,/@noticias,News & Politics,guatemala noticias,topic,14200,2026-08-30T16:38:02-07:00,2026-08-30 23:38:02+00:00,"[""telemundo noticias"", ""noticias telemundo"", ""noticias telemundo de hoy"", ""noticias"", ""noticias en vivo"", ""telemundo"", ""noticias de ultima hora"", ""noticias de hoy"", ""ee uu deporta a miles de mexicanos a traves de guatemala"", ""mexico rechaza uso de guatemala como pais puente"", ""dhs acelera expulsiones de mexicanos por guatemala"", ""polemica por ruta de deportacion de ee uu a tapachula"", ""miles de deportados mexicanos quedan varados en guatemala""]","[""telemundo noticias"", ""noticias telemundo"", ""noticias telemundo de hoy"", ""noticias"", ""noticias en vivo"", ""telemundo"", ""noticias de ultima hora"", ""noticias de hoy"", ""ee uu deporta a miles de mexicanos a traves de guatemala"", ""mexico rechaza uso de guatemala como pais puente"", ""dhs acelera expulsiones de mexicanos por guatemala"", ""polemica por ruta de deportacion de ee uu a tapachula"", ""miles de deportados mexicanos quedan varados en guatemala""]","Video oficial de Noticias Telemundo. Desde abril, casi 2,300 mexicanos han sido enviados a Guatemala, según autoridades de ese país. Al llegar a Tapachula, muchos deben buscar cómo trasladarse a sus estados de origen. DHS justifica el uso de países “puente” para acelerar las expulsiones.

Descarga nuestra App:
https://telemundo.app.link/Mtq7sTKAUtb

SUSCRÍBETE: https://bit.ly/TLMDNoticiasYT

Noticias
Noticias Telemundo es un proveedor líder de noticias para los hispanos de EE.UU. Sus galardonados espacios de noticias, transmitidos desde Telemundo Center, incluyen los noticieros diarios ""Noticias Telemundo"" con Julio Vaqueiro; ""Noticias Telemundo Fin de Semana"", ""Noticias Telemundo Mediodía"" y ""Noticias Telemundo En La Noche"". El ""Equipo Digital de Noticias Telemundo"" ofrece contenido ininterrumpido para los hispanos de EE.UU. a través de sus crecientes plataformas móviles y en línea. ""Noticias Telemundo Investiga"" produce reportes investigativos y documentales en profundidad. ""Noticias Telemundo Planeta Tierra"" ofrece información relacionada con el medio ambiente y el cambio climático. Adicionalmente, ""Noticias Telemundo"" produce galardonados especiales de noticias, documentales y eventos noticiosos como debates políticos, asambleas ciudadanas y foros.

Telemundo
Es una empresa de medios de primera categoría, líder en la industria en la producción y distribución de contenido en español de alta calidad a través de múltiples plataformas para hispanos en los Estados Unidos y alrededor del mundo. La cadena ofrece producciones dramáticas originales de Telemundo Studios – el productor #1 de contenido en español de horario estelar – así como contenido alternativo, películas de cine, especiales, noticias y eventos deportivos de primer nivel, alcanzando el 94% de los televidentes hispanos en los Estados Unidos en 210 mercados a través de 17 estaciones propias y 57 afiliadas de TV abierta. Telemundo también es propietaria de WKAQ, una estación de televisión local que sirve Puerto Rico. Telemundo es parte de NBCUniversal Telemundo Enterprises, una división de NBCUniversal, una de las compañías líderes en el mundo de los medios y entretenimiento. NBCUniversal es una subsidiaria de Comcast Corporation.

SÍGUENOS EN X: https://twitter.com/telemundonews
DANOS ME GUSTA EN FACEBOOK: https://www.facebook.com/NoticiasTelemundo

#NoticiasTelemundo #Deportaciones #Frontera 

EE.UU. envía a mexicanos deportados a Guatemala antes de su regreso a México | Noticias Telemundo
https://www.youtube.com/noticias

Noticias, Telemundo, Noticias Telemundo de hoy, Telemundo Noticias, Noticias, Telemundo, Telemundo Noticias de hoy, Noticias Telemundo de hoy en vivo, Ultima hora, Noticias de hoy, Noticias de Ultima hora",13,https://www.youtube.com/watch?v=OkXlHx0hx-8
n8iP75gIpmw,Ugxy4k7pO6jFtwyDyFp4AaABAg,Qué rico come tu diputado,Quorum,UCE4rsXcgDb6e1-a9iTbWzfg,@mdelcid01,UCtUR3_CAiE7fCoZHM6cMfyQ,Rodas se le olvida que reciven un jugoso salario por el trabajo que hacen.,@quorumgt/videos,channel,quorum_complete_comments.csv | youtube_guatemala_plus_comments.csv,/@mdelcid01,hace 2 años,10,0,False,,@mdelcid01,Quorum,Qué rico come tu diputado,@quorumgt/videos,channel,@mdelcid01,@mdelcid01,10.0,False,10,0,False,False,hace 2 años,1 - 2 anos,730.5,Rodas se le olvida que reciven un jugoso salario por el trabajo que hacen.,roda olvidar reciven jugoso salario trabajo,rodas olvida reciven jugoso salario trabajo,[],[],[],[],0,0,0,0,Rodas se le olvida que reciven un jugoso salario por el trabajo que hacen.,74,43,14,6,True,False,Qué rico come tu diputado,UCE4rsXcgDb6e1-a9iTbWzfg,Quorum,/@quorumgt,/@quorumgt,News & Politics,Quorum GT,topic,11775,2024-08-27T14:09:51-07:00,2024-08-27 21:09:51+00:00,[],[],"En @ConCriteriogt hablaron hoy sobre nuestro reportaje ""Qué rico come tu diputado"", en el que contamos los almuerzos más caros pagados con fondos públicos entre enero y abril de este año.

Entrevistaron al diputado Nery Rodas, de CABAL, quien asegura que son problemas ""mínimos"".

Si no has leído el repor podés hacerlo acá https://quorum.gt/poder/comida_diputados/",0,https://www.youtube.com/watch?v=n8iP75gIpmw
WIUZtitfLRw,Ugxz9vnSvQJNt4YNbYV4AaABAg,Caminar en una ciudad hecha para carros,Quorum,UCE4rsXcgDb6e1-a9iTbWzfg,@juliogutierrez492,UCGj2v6Gl5bN8NSrzJMXS-CA,El respeto paso peatonal no existe en ningún lado y las personas tienen que esquivar a los carros por qué no respetan y las motos se pasan en rojo se lo pasan llevando a uno,@quorumgt/videos,channel,quorum_complete_comments.csv | youtube_guatemala_plus_comments.csv,/@juliogutierrez492,hace 1 año, ,0,False,,@juliogutierrez492,Quorum,Caminar en una ciudad hecha para carros,@quorumgt/videos,channel,@juliogutierrez492,@juliogutierrez492,,True,0,0,False,False,hace 1 año,1 mes - 1 ano,365.25,El respeto paso peatonal no existe en ningún lado y las personas tienen que esquivar a los carros por qué no respetan y las motos se pasan en rojo se lo pasan llevando a uno,respetar paso peatonal persona esquivar carro respetar moto pasar rojo pasar,respeto paso peatonal personas esquivar carros respetan motos pasan rojo pasan llevando,[],[],[],[],0,0,0,0,El respeto paso peatonal no existe en ningún lado y las personas tienen que esquivar a los carros por qué no respetan y las motos se pasan en rojo se lo pasan llevando a uno,173,76,35,11,True,False,Caminar en una ciudad hecha para carros,UCE4rsXcgDb6e1-a9iTbWzfg,Quorum,/@quorumgt,/@quorumgt,News & Politics,@quorumgt/videos,channel,422,2024-11-20T17:15:06-08:00,2024-11-21 01:15:06+00:00,[],[],"🚗 Caminar por la #CiudaddeGuatemala es un reto de sobrevivencia. ¿Por qué? Porque la infraestructura prioriza a los #carros antes que a las personas.

🫱 Seguí en nuestras redes #ElAtasco, nuestra cobertura sobre #movilidad. Si aún no lo has hecho, entrale al test para ver qué tan caminable es tu barrio: https://ds8l19rhon2.typeform.com/elatasco

↗️ Identifiquemos y hablemos sobre los problemas para empezar a buscar soluciones.",0,https://www.youtube.com/watch?v=WIUZtitfLRw
yLZS3JiEBg8,UgxzETIqBajjXFTGd_R4AaABAg,Arroz con pollo a la MONOPOLIO,Quorum,UCE4rsXcgDb6e1-a9iTbWzfg,@Alejandro00710,UCbrtvygfRT6QXqWDNrOf-cA,"Y solo con esta información nos damos con la realidad del CACIF y sus intereses, estamos jodidos si no hacemos algo.",@quorumgt/videos,channel,quorum_complete_comments.csv | youtube_guatemala_plus_comments.csv,/@Alejandro00710,hace 2 años, ,0,False,,@Alejandro00710,Quorum,Arroz con pollo a la MONOPOLIO,@quorumgt/videos,channel,@Alejandro00710,@alejandro00710,,True,0,0,False,False,hace 2 años,1 - 2 anos,730.5,"Y solo con esta información nos damos con la realidad del CACIF y sus intereses, estamos jodidos si no hacemos algo.",informacion realidad cacif interes jodido,informacion damos realidad cacif intereses jodidos,[],[],[],[],0,0,0,0,"Y solo con esta información nos damos con la realidad del CACIF y sus intereses, estamos jodidos si no hacemos algo.",116,41,21,5,True,False,Arroz con pollo a la MONOPOLIO,UCE4rsXcgDb6e1-a9iTbWzfg,Quorum,/@quorumgt,/@quorumgt,News & Politics,@quorumgt/videos,channel,1954,2024-05-09T19:15:12-07:00,2024-05-10 02:15:12+00:00,[],[],"🔍 En Guatemala tenemos un mercado no tan “libre” que digamos. 

💸 Unas pocas empresas dominan las diferentes industrias y en algunos sectores no hay una competencia real que favorezca al consumidor.

🎥 Hoy estrenamos #LasMañasDelMercado para hablar de la industria alimenticia y la necesidad de una #LeyDeCompetencia.",0,https://www.youtube.com/watch?v=yLZS3JiEBg8
n8iP75gIpmw,UgxzN9_I9vkDCdX_8dN4AaABAg,Qué rico come tu diputado,Quorum,UCE4rsXcgDb6e1-a9iTbWzfg,@AndresMedina-v1s,UCOh6DaZC_x9HASnlRylEMfw,Si se reformarla ley de partidos políticos esos infelices jamás en la historia pondrian un pie En el congreso y muy probablemente terminarían en la carcel,@quorumgt/videos,channel,quorum_complete_comments.csv | youtube_guatemala_plus_comments.csv,/@AndresMedina-v1s,hace 2 años, ,0,False,,@AndresMedina-v1s,Quorum,Qué rico come tu diputado,@quorumgt/videos,channel,@AndresMedina-v1s,@andresmedina-v1s,,True,0,0,False,False,hace 2 años,1 - 2 anos,730.5,Si se reformarla ley de partidos políticos esos infelices jamás en la historia pondrian un pie En el congreso y muy probablemente terminarían en la carcel,reformar el ley partido politico infeliz jama historia pondriar pie congreso probablemente terminariar carcel,reformarla ley partidos politicos infelices jamas historia pondrian pie congreso probablemente terminarian carcel,[],[],[],[],0,0,0,0,Si se reformarla ley de partidos políticos esos infelices jamás en la historia pondrian un pie En el congreso y muy probablemente terminarían en la carcel,154,109,26,14,True,False,Qué rico come tu diputado,UCE4rsXcgDb6e1-a9iTbWzfg,Quorum,/@quorumgt,/@quorumgt,News & Politics,Quorum GT,topic,11775,2024-08-27T14:09:51-07:00,2024-08-27 21:09:51+00:00,[],[],"En @ConCriteriogt hablaron hoy sobre nuestro reportaje ""Qué rico come tu diputado"", en el que contamos los almuerzos más caros pagados con fondos públicos entre enero y abril de este año.

Entrevistaron al diputado Nery Rodas, de CABAL, quien asegura que son problemas ""mínimos"".

Si no has leído el repor podés hacerlo acá https://quorum.gt/poder/comida_diputados/",0,https://www.youtube.com/watch?v=n8iP75gIpmw
n8iP75gIpmw,Ugy0LbKWrqUFhWPRoKN4AaABAg,Qué rico come tu diputado,Quorum,UCE4rsXcgDb6e1-a9iTbWzfg,@elmorodriguez6978,UCL1MT278vSaQ83ZDkVWn1gw,"Que estos diputados no se rían y burlen del pueblo desnutrido y muriéndose de hambre. Llegará el momento y no será muy tarde para nosotros que los pusimos los tengamos que sacar de su caja de oro y cuando el pueblo se levante y los saque de su chiquero van a arrepentirse de lo mal de sus acciones. Así será para los miembros de la CC,MP,CONGRESO,CSJ,OJ y otros que han apañado las burlas al pueblo. 48 cantones también vendrán a salvar al pueblo. Estamos artos de tanta corrupción.",@quorumgt/videos,channel,quorum_complete_comments.csv | youtube_guatemala_plus_comments.csv,/@elmorodriguez6978,hace 2 años,20,0,False,,@elmorodriguez6978,Quorum,Qué rico come tu diputado,@quorumgt/videos,channel,@elmorodriguez6978,@elmorodriguez6978,20.0,False,20,0,False,False,hace 2 años,1 - 2 anos,730.5,"Que estos diputados no se rían y burlen del pueblo desnutrido y muriéndose de hambre. Llegará el momento y no será muy tarde para nosotros que los pusimos los tengamos que sacar de su caja de oro y cuando el pueblo se levante y los saque de su chiquero van a arrepentirse de lo mal de sus acciones. Así será para los miembros de la CC,MP,CONGRESO,CSJ,OJ y otros que han apañado las burlas al pueblo. 48 cantones también vendrán a salvar al pueblo. Estamos artos de tanta corrupción.",diputado riar burlar pueblo desnutrido morir el hambre llegar momento pusimos sacar caja oro pueblo levante saque chiquero arrepentir el accion miembro congreso csj apanado burla pueblo canton vendrar salvar pueblo arto corrupcion,diputados rian burlen pueblo desnutrido muriendose hambre llegara momento pusimos sacar caja oro pueblo levante saque chiquero arrepentirse acciones miembros congreso csj apanado burlas pueblo cantones vendran salvar pueblo artos tanta corrupcion,[],[],[],[],0,0,0,0,"Que estos diputados no se rían y burlen del pueblo desnutrido y muriéndose de hambre. Llegará el momento y no será muy tarde para nosotros que los pusimos los tengamos que sacar de su caja de oro y cuando el pueblo se levante y los saque de su chiquero van a arrepentirse de lo mal de sus acciones. Así será para los miembros de la CC,MP,CONGRESO,CSJ,OJ y otros que han apañado las burlas al pueblo. 48 cantones también vendrán a salvar al pueblo. Estamos artos de tanta corrupción.",482,230,88,33,True,False,Qué rico come tu diputado,UCE4rsXcgDb6e1-a9iTbWzfg,Quorum,/@quorumgt,/@quorumgt,News & Politics,Quorum GT,topic,11775,2024-08-27T14:09:51-07:00,2024-08-27 21:09:51+00:00,[],[],"En @ConCriteriogt hablaron hoy sobre nuestro reportaje ""Qué rico come tu diputado"", en el que contamos los almuerzos más caros pagados con fondos públicos entre enero y abril de este año.

Entrevistaron al diputado Nery Rodas, de CABAL, quien asegura que son problemas ""mínimos"".

Si no has leído el repor podés hacerlo acá https://quorum.gt/poder/comida_diputados/",0,https://www.youtube.com/watch?v=n8iP75gIpmw
n8iP75gIpmw,Ugy0LbKWrqUFhWPRoKN4AaABAg.A7epXgDRFjZA7f-Z-rKQOV,Qué rico come tu diputado,Quorum,UCE4rsXcgDb6e1-a9iTbWzfg,@luisparedes-pw6qt,UC8G5cJONY8L9voMyBW8Eoug,Ni en su casa habían comido esas viandas. Son unos sinverguenzas,@quorumgt/videos,channel,quorum_complete_comments.csv | youtube_guatemala_plus_comments.csv,/@luisparedes-pw6qt,hace 2 años, ,0,False,,@luisparedes-pw6qt,Quorum,Qué rico come tu diputado,@quorumgt/videos,channel,@luisparedes-pw6qt,@luisparedes-pw6qt,,True,0,0,False,False,hace 2 años,1 - 2 anos,730.5,Ni en su casa habían comido esas viandas. Son unos sinverguenzas,casar comido vianda sinverguenza,casa comido viandas sinverguenzas,[],[],[],[],0,0,0,0,Ni en su casa habían comido esas viandas. Son unos sinverguenzas,64,32,11,4,True,False,Qué rico come tu diputado,UCE4rsXcgDb6e1-a9iTbWzfg,Quorum,/@quorumgt,/@quorumgt,News & Politics,Quorum GT,topic,11775,2024-08-27T14:09:51-07:00,2024-08-27 21:09:51+00:00,[],[],"En @ConCriteriogt hablaron hoy sobre nuestro reportaje ""Qué rico come tu diputado"", en el que contamos los almuerzos más caros pagados con fondos públicos entre enero y abril de este año.

Entrevistaron al diputado Nery Rodas, de CABAL, quien asegura que son problemas ""mínimos"".

Si no has leído el repor podés hacerlo acá https://quorum.gt/poder/comida_diputados/",0,https://www.youtube.com/watch?v=n8iP75gIpmw
n8iP75gIpmw,Ugy0dVAcWghuyCdAVS54AaABAg,Qué rico come tu diputado,Quorum,UCE4rsXcgDb6e1-a9iTbWzfg,@LuisCastillo-oz4df,UC7VUuJr9cGh845CmTvf7TlQ,Está bien que se Arten asta ya no y los más pobres  muriendo de hambre pero si dices comes fuera de la hora es tu problema para que la  huesiaste pues,@quorumgt/videos,channel,quorum_complete_comments.csv | youtube_guatemala_plus_comments.csv,/@LuisCastillo-oz4df,hace 2 años,1,0,False,,@LuisCastillo-oz4df,Quorum,Qué rico come tu diputado,@quorumgt/videos,channel,@LuisCastillo-oz4df,@luiscastillo-oz4df,1.0,False,1,0,False,False,hace 2 años,1 - 2 anos,730.5,Está bien que se Arten asta ya no y los más pobres  muriendo de hambre pero si dices comes fuera de la hora es tu problema para que la  huesiaste pues,artir asta pobre morir hambre diz comes hora problema huesiastar,arten asta pobres muriendo hambre dices comes hora problema huesiaste,[],[],[],[],0,0,0,0,Está bien que se Arten asta ya no y los más pobres muriendo de hambre pero si dices comes fuera de la hora es tu problema para que la huesiaste pues,150,64,31,10,True,False,Qué rico come tu diputado,UCE4rsXcgDb6e1-a9iTbWzfg,Quorum,/@quorumgt,/@quorumgt,News & Politics,Quorum GT,topic,11775,2024-08-27T14:09:51-07:00,2024-08-27 21:09:51+00:00,[],[],"En @ConCriteriogt hablaron hoy sobre nuestro reportaje ""Qué rico come tu diputado"", en el que contamos los almuerzos más caros pagados con fondos públicos entre enero y abril de este año.

Entrevistaron al diputado Nery Rodas, de CABAL, quien asegura que son problemas ""mínimos"".

Si no has leído el repor podés hacerlo acá https://quorum.gt/poder/comida_diputados/",0,https://www.youtube.com/watch?v=n8iP75gIpmw
n8iP75gIpmw,Ugy1neHHTJYO0umhgLt4AaABAg,Qué rico come tu diputado,Quorum,UCE4rsXcgDb6e1-a9iTbWzfg,@diegoalejandrolopezmendez205,UCFhxtoeARHPnXXPcDrOU3Xg,"Yo trabajé en joya negra 
Sandra jovel también llega mucho 
Y el profe Luis Fernando tena",@quorumgt/videos,channel,quorum_complete_comments.csv | youtube_guatemala_plus_comments.csv,/@diegoalejandrolopezmendez205,hace 2 años,2,0,False,,@diegoalejandrolopezmendez205,Quorum,Qué rico come tu diputado,@quorumgt/videos,channel,@diegoalejandrolopezmendez205,@diegoalejandrolopezmendez205,2.0,False,2,0,False,False,hace 2 años,1 - 2 anos,730.5,"Yo trabajé en joya negra 
Sandra jovel también llega mucho 
Y el profe Luis Fernando tena",trabaje joyo negro sandra jovel llegar profe luis fernando tena,trabaje joya negra sandra jovel llega profe luis fernando tena,[],[],[],[],0,0,0,0,Yo trabajé en joya negra Sandra jovel también llega mucho Y el profe Luis Fernando tena,89,63,16,10,True,False,Qué rico come tu diputado,UCE4rsXcgDb6e1-a9iTbWzfg,Quorum,/@quorumgt,/@quorumgt,News & Politics,Quorum GT,topic,11775,2024-08-27T14:09:51-07:00,2024-08-27 21:09:51+00:00,[],[],"En @ConCriteriogt hablaron hoy sobre nuestro reportaje ""Qué rico come tu diputado"", en el que contamos los almuerzos más caros pagados con fondos públicos entre enero y abril de este año.

Entrevistaron al diputado Nery Rodas, de CABAL, quien asegura que son problemas ""mínimos"".

Si no has leído el repor podés hacerlo acá https://quorum.gt/poder/comida_diputados/",0,https://www.youtube.com/watch?v=n8iP75gIpmw
n8iP75gIpmw,Ugy2FaeBadbmVJj7F714AaABAg,Qué rico come tu diputado,Quorum,UCE4rsXcgDb6e1-a9iTbWzfg,@carlossoto3252,UCAlzM_N6xBlMYmM8EBzX86Q,"😂Que disculpe el diputado Rodas. Cuando uno decide trabajar o ser trabajador del Estado y ser un funcionario de ese nivel no hay horarios. Si no le gusta y no está contento que renuncié. Los diputados son unos abusivos y son mediocres. Tantos asesores, para que? Lo que dice éste diputado es estúpido. Su trabajo  debe ser para el pueblo. Y comparto la investigación respecto a esto. Estos diputados cómo corderitos asistieron a la orden de la Fiscal del MP.",@quorumgt/videos,channel,quorum_complete_comments.csv | youtube_guatemala_plus_comments.csv,/@carlossoto3252,hace 2 años,3,0,False,,@carlossoto3252,Quorum,Qué rico come tu diputado,@quorumgt/videos,channel,@carlossoto3252,@carlossoto3252,3.0,False,3,0,False,False,hace 2 años,1 - 2 anos,730.5,"😂Que disculpe el diputado Rodas. Cuando uno decide trabajar o ser trabajador del Estado y ser un funcionario de ese nivel no hay horarios. Si no le gusta y no está contento que renuncié. Los diputados son unos abusivos y son mediocres. Tantos asesores, para que? Lo que dice éste diputado es estúpido. Su trabajo  debe ser para el pueblo. Y comparto la investigación respecto a esto. Estos diputados cómo corderitos asistieron a la orden de la Fiscal del MP.",disculpar diputado roda decidir trabajar trabajador funcionario nivel horario gustar contento renunciar diputado abusivo mediocre asesor diputado estupido trabajar pueblo comparto investigacion diputado corderito asistir orden fiscal,disculpe diputado rodas decide trabajar trabajador funcionario nivel horarios gusta contento renuncie diputados abusivos mediocres tantos asesores diputado estupido trabajo pueblo comparto investigacion diputados corderitos asistieron orden fiscal,[],[],[],"[""😂""]",0,0,0,1,"emoji cara llorando de risa emoji Que disculpe el diputado Rodas. Cuando uno decide trabajar o ser trabajador del Estado y ser un funcionario de ese nivel no hay horarios. Si no le gusta y no está contento que renuncié. Los diputados son unos abusivos y son mediocres. Tantos asesores, para que? Lo que dice éste diputado es estúpido. Su trabajo debe ser para el pueblo. Y comparto la investigación respecto a esto. Estos diputados cómo corderitos asistieron a la orden de la Fiscal del MP.",458,233,80,27,True,False,Qué rico come tu diputado,UCE4rsXcgDb6e1-a9iTbWzfg,Quorum,/@quorumgt,/@quorumgt,News & Politics,Quorum GT,topic,11775,2024-08-27T14:09:51-07:00,2024-08-27 21:09:51+00:00,[],[],"En @ConCriteriogt hablaron hoy sobre nuestro reportaje ""Qué rico come tu diputado"", en el que contamos los almuerzos más caros pagados con fondos públicos entre enero y abril de este año.

Entrevistaron al diputado Nery Rodas, de CABAL, quien asegura que son problemas ""mínimos"".

Si no has leído el repor podés hacerlo acá https://quorum.gt/poder/comida_diputados/",0,https://www.youtube.com/watch?v=n8iP75gIpmw
j43HgwYFKfk,Ugy4JA9MR8l_gkTNgWh4AaABAg,La cooptación de Walter Mazariegos en la USAC,Quorum,UCE4rsXcgDb6e1-a9iTbWzfg,@AndresLemus-k2d,UClqA491Xa5fQcXcJJa-vTWw,"Ya saquen A Ese corrupto 
Y Es un montón de políticos corruptos que 
Andan allí en todas las instituciones 
Montón de corruptos",@quorumgt,topic,j43HgwYFKfk_out_comments.csv | quorum_complete_comments.csv | youtube_guatemala_plus_comments.csv,/@AndresLemus-k2d,hace 4 meses, ,0,False,,@AndresLemus-k2d,Quorum,La cooptación de Walter Mazariegos en la USAC,@quorumgt,topic,@AndresLemus-k2d,@andreslemus-k2d,,True,0,0,False,False,hace 4 meses,1 mes - 1 ano,121.76,"Ya saquen A Ese corrupto 
Y Es un montón de políticos corruptos que 
Andan allí en todas las instituciones 
Montón de corruptos",saquen corrupto monton politico corrupto andar institucion monton corrupto,saquen corrupto monton politicos corruptos andan instituciones monton corruptos,[],[],[],[],0,0,0,0,Ya saquen A Ese corrupto Y Es un montón de políticos corruptos que Andan allí en todas las instituciones Montón de corruptos,127,74,22,9,True,False,La cooptación de Walter Mazariegos en la USAC,UCE4rsXcgDb6e1-a9iTbWzfg,Quorum,/@quorumgt,/@quorumgt,News & Politics,@quorumgt,topic,10156,2024-09-26T15:00:17-07:00,2024-09-26 22:00:17+00:00,"[""USAC"", ""Walter Mazariegos"", ""Mazariegos rector"", ""Fraude USAC"", ""Elecciones USAC"", ""Toma USAC"", ""CSU USAC"", ""Quorum GT"", ""Periodismo Guatemala"", ""Luis Cordón USAC""]","[""USAC"", ""Walter Mazariegos"", ""Mazariegos rector"", ""Fraude USAC"", ""Elecciones USAC"", ""Toma USAC"", ""CSU USAC"", ""Quorum GT"", ""Periodismo Guatemala"", ""Luis Cordón USAC""]","🚨El rector de facto de la #USAC, Walter Mazariegos, tiene una alianza que le permite controlar un presupuesto millonario, quitar a sus opositores del camino y colocar a sus allegados en puestos importantes. Más de la mitad de sus cómplices en el Consejo Superior Universitario (CSU) se han prolongado en el poder y no tienen la intención de soltarlo.

👁️ Aunque las cosas podrían cambiar…

Ayudanos compartiendo, comentando y dándole like a este video.

🔍 También podés leer el reportaje completo en este link👉🏻 https://quorum.gt/poder/captura/usac/mazariegos_csu/

📲 Seguí a Quorum en todas las redes para ver más contenido interesante de #Guatemala.

⚫️ X: https://twitter.com/QuorumGT
🟣 Instagram: https://www.instagram.com/holaquorum?igsh=a2l2MHp6dXA5aGg4
🟠 TikTok:https://www.tiktok.com/@quorumgt?_t=8q3C9YsmOiT&_r=1
🔵 Facebook: https://www.facebook.com/QuorumGT?mibextid=LQQJ4d
🟢 Canal de WhatsApp: https://whatsapp.com/channel/0029Va8IZV65PO0ul2cBdD0l",10,https://www.youtube.com/watch?v=j43HgwYFKfk
n8iP75gIpmw,Ugy4ex02KEXL5UFGjw14AaABAg,Qué rico come tu diputado,Quorum,UCE4rsXcgDb6e1-a9iTbWzfg,@virgiliogarcia3039,UCHTGCgY2l-DQJIvlA_cpa_Q,Que trabajo hasen esos corruptos,@quorumgt/videos,channel,quorum_complete_comments.csv | youtube_guatemala_plus_comments.csv,/@virgiliogarcia3039,hace 2 años,13,0,False,,@virgiliogarcia3039,Quorum,Qué rico come tu diputado,@quorumgt/videos,channel,@virgiliogarcia3039,@virgiliogarcia3039,13.0,False,13,0,False,False,hace 2 años,1 - 2 anos,730.5,Que trabajo hasen esos corruptos,trabajo har corrupto,trabajo hasen corruptos,[],[],[],[],0,0,0,0,Que trabajo hasen esos corruptos,32,20,5,3,True,False,Qué rico come tu diputado,UCE4rsXcgDb6e1-a9iTbWzfg,Quorum,/@quorumgt,/@quorumgt,News & Politics,Quorum GT,topic,11775,2024-08-27T14:09:51-07:00,2024-08-27 21:09:51+00:00,[],[],"En @ConCriteriogt hablaron hoy sobre nuestro reportaje ""Qué rico come tu diputado"", en el que contamos los almuerzos más caros pagados con fondos públicos entre enero y abril de este año.

Entrevistaron al diputado Nery Rodas, de CABAL, quien asegura que son problemas ""mínimos"".

Si no has leído el repor podés hacerlo acá https://quorum.gt/poder/comida_diputados/",0,https://www.youtube.com/watch?v=n8iP75gIpmw
n8iP75gIpmw,Ugy4utoHlyokVSeSi5h4AaABAg,Qué rico come tu diputado,Quorum,UCE4rsXcgDb6e1-a9iTbWzfg,@marioajset4283,UC3XTwHxygNCgjndsg-UiCQA,los niños guatemaltecos con Desnutrición crónica serán sus verdugos.,@quorumgt/videos,channel,quorum_complete_comments.csv | youtube_guatemala_plus_comments.csv,/@marioajset4283,hace 2 años, ,0,False,,@marioajset4283,Quorum,Qué rico come tu diputado,@quorumgt/videos,channel,@marioajset4283,@marioajset4283,,True,0,0,False,False,hace 2 años,1 - 2 anos,730.5,los niños guatemaltecos con Desnutrición crónica serán sus verdugos.,nino guatemalteco desnutricion cronico verdugo,ninos guatemaltecos desnutricion cronica verdugos,[],[],[],[],0,0,0,0,los niños guatemaltecos con Desnutrición crónica serán sus verdugos.,68,46,9,5,True,False,Qué rico come tu diputado,UCE4rsXcgDb6e1-a9iTbWzfg,Quorum,/@quorumgt,/@quorumgt,News & Politics,Quorum GT,topic,11775,2024-08-27T14:09:51-07:00,2024-08-27 21:09:51+00:00,[],[],"En @ConCriteriogt hablaron hoy sobre nuestro reportaje ""Qué rico come tu diputado"", en el que contamos los almuerzos más caros pagados con fondos públicos entre enero y abril de este año.

Entrevistaron al diputado Nery Rodas, de CABAL, quien asegura que son problemas ""mínimos"".

Si no has leído el repor podés hacerlo acá https://quorum.gt/poder/comida_diputados/",0,https://www.youtube.com/watch?v=n8iP75gIpmw
6W4u8sGEnGM,Ugy4x4u9e1_xRoppaMF4AaABAg,Inician los trabajos de recuperación del Puente Belice II.,Gobierno de la República de Guatemala,UC-ZtFBHzgkYFh7whZkuR_Ag,@cristianescobedo8296,UCvDwJBBY1mHK70aTEYl6rsA,"se espera que la obra se finalice en plazo de acuerdo a la programación del proyecto, de acuerdo a normas internacionales de construcción, que la contraloría audite  mes a mes y sobre todo que el proyecto no sea sobrevalorado o que tenga costos adicionales a lo ya pactado.",Gobierno de la República de Guatemala,topic,youtube_guatemala_plus_comments.csv | youtube_lab_targets_small_comments.csv,/@cristianescobedo8296,hace 6 días,1,0,False,,@cristianescobedo8296,Gobierno de la República de Guatemala,Inician los trabajos de recuperación del Puente Belice II.,Gobierno de la República de Guatemala,topic,@cristianescobedo8296,@cristianescobedo8296,1.0,False,1,0,False,False,hace 6 días,<1 semana,6.0,"se espera que la obra se finalice en plazo de acuerdo a la programación del proyecto, de acuerdo a normas internacionales de construcción, que la contraloría audite  mes a mes y sobre todo que el proyecto no sea sobrevalorado o que tenga costos adicionales a lo ya pactado.",esperar obra finalizar plazo programacion proyecto norma internacional construccion contraloria audite mes mes proyecto sobrevalorado costo adicional pactado,espera obra finalice plazo programacion proyecto normas internacionales construccion contraloria audite mes mes proyecto sobrevalorado costos adicionales pactado,[],[],[],[],0,0,0,0,"se espera que la obra se finalice en plazo de acuerdo a la programación del proyecto, de acuerdo a normas internacionales de construcción, que la contraloría audite mes a mes y sobre todo que el proyecto no sea sobrevalorado o que tenga costos adicionales a lo ya pactado.",273,157,48,18,True,False,Inician los trabajos de recuperación del Puente Belice II.,UC-ZtFBHzgkYFh7whZkuR_Ag,Gobierno de la República de Guatemala,/@GobiernodelaRepublicadeGuatema,/@GobiernodelaRepublicadeGuatema,Entertainment,Gobierno de la República de Guatemala,topic,11670,2026-08-26T21:00:47-07:00,2026-08-27 04:00:47+00:00,[],[],Inician los trabajos de recuperación del Puente Belice II.,0,https://www.youtube.com/watch?v=6W4u8sGEnGM
n8iP75gIpmw,Ugy5j8gzaawBk-mw5et4AaABAg,Qué rico come tu diputado,Quorum,UCE4rsXcgDb6e1-a9iTbWzfg,@ARGELIATELON,UCkd9W714-947dEE6ZOEBATA,Me pregunto si antes de ser diputados les alcanzaba su dinero para comer esos almuercitos y en esos lugares? Pero como don pueblo paga....vengase el almuercito. La historia ni él se la cree. O sea.... la 3a. parte de su salario para un almuerzo???,@quorumgt/videos,channel,quorum_complete_comments.csv | youtube_guatemala_plus_comments.csv,/@ARGELIATELON,hace 2 años (editado),3,0,False,,@ARGELIATELON,Quorum,Qué rico come tu diputado,@quorumgt/videos,channel,@ARGELIATELON,@argeliatelon,3.0,False,3,0,False,True,hace 2 años,1 - 2 anos,730.5,Me pregunto si antes de ser diputados les alcanzaba su dinero para comer esos almuercitos y en esos lugares? Pero como don pueblo paga....vengase el almuercito. La historia ni él se la cree. O sea.... la 3a. parte de su salario para un almuerzo???,preguntar diputado alcanzar dinero comer almuercito lugar don pueblo pagar vengar almuercito historio creer salario almuerzo,pregunto diputados alcanzaba dinero comer almuercitos lugares don pueblo paga vengase almuercito historia cree salario almuerzo,[],[],[],[],0,0,0,0,Me pregunto si antes de ser diputados les alcanzaba su dinero para comer esos almuercitos y en esos lugares? Pero como don pueblo paga...vengase el almuercito. La historia ni él se la cree. O sea... la 3a. parte de su salario para un almuerzo???,247,124,44,16,True,False,Qué rico come tu diputado,UCE4rsXcgDb6e1-a9iTbWzfg,Quorum,/@quorumgt,/@quorumgt,News & Politics,Quorum GT,topic,11775,2024-08-27T14:09:51-07:00,2024-08-27 21:09:51+00:00,[],[],"En @ConCriteriogt hablaron hoy sobre nuestro reportaje ""Qué rico come tu diputado"", en el que contamos los almuerzos más caros pagados con fondos públicos entre enero y abril de este año.

Entrevistaron al diputado Nery Rodas, de CABAL, quien asegura que son problemas ""mínimos"".

Si no has leído el repor podés hacerlo acá https://quorum.gt/poder/comida_diputados/",0,https://www.youtube.com/watch?v=n8iP75gIpmw
ndAZjHqzzT8,Ugy5lmf3RzzeJDUeqQd4AaABAg,Internet: escoger el menos malo,Quorum,UCE4rsXcgDb6e1-a9iTbWzfg,@Alejandro00710,UCbrtvygfRT6QXqWDNrOf-cA,"Eso sin mencionar el costo de sus servicios, la mala calidad del mismo, mientras no haya una ley de competencia nos van a seguir jodiendo, urge.",@quorumgt/videos,channel,quorum_complete_comments.csv | youtube_guatemala_plus_comments.csv,/@Alejandro00710,hace 2 años, ,0,False,,@Alejandro00710,Quorum,Internet: escoger el menos malo,@quorumgt/videos,channel,@Alejandro00710,@alejandro00710,,True,0,0,False,False,hace 2 años,1 - 2 anos,730.5,"Eso sin mencionar el costo de sus servicios, la mala calidad del mismo, mientras no haya una ley de competencia nos van a seguir jodiendo, urge.",mencionar costo servicio malo calidad ley competencia seguir jodeir urge,mencionar costo servicios mala calidad ley competencia seguir jodiendo urge,[],[],[],[],0,0,0,0,"Eso sin mencionar el costo de sus servicios, la mala calidad del mismo, mientras no haya una ley de competencia nos van a seguir jodiendo, urge.",144,72,26,10,True,False,Internet: escoger el menos malo,UCE4rsXcgDb6e1-a9iTbWzfg,Quorum,/@quorumgt,/@quorumgt,News & Politics,@quorumgt/videos,channel,717,2024-05-16T18:15:07-07:00,2024-05-17 01:15:07+00:00,"[""economía"", ""principiantes"", ""ley de competencia"", ""duopolios"", ""guatemala"", ""tigo"", ""claro"", ""internet"", ""telefonía""]","[""economía"", ""principiantes"", ""ley de competencia"", ""duopolios"", ""guatemala"", ""tigo"", ""claro"", ""internet"", ""telefonía""]","📱Cuando vas a elegir un plan de internet o de llamadas te toca preguntarte ¿Cuál será el menos malo? o bien conformarte con la única de las dos compañías que tenga cobertura en tu zona.

💸 Hablamos de #LasMañasDelNegocio de las telecomunicaciones. Merecemos un buen servicio.",9,https://www.youtube.com/watch?v=ndAZjHqzzT8
6W4u8sGEnGM,Ugy6Qii72nfxIpYyuCR4AaABAg,Inician los trabajos de recuperación del Puente Belice II.,Gobierno de la República de Guatemala,UC-ZtFBHzgkYFh7whZkuR_Ag,@albertoshernandez5251,UCV3fr-YOixFKCZBbJP1-X4w,TODO EL APOYO PARA EL PRESIDENTE BERNARDO AREVALO 👍🇬🇹👍,Gobierno de la República de Guatemala,topic,youtube_guatemala_plus_comments.csv | youtube_lab_targets_small_comments.csv,/@albertoshernandez5251,hace 6 días,5,0,False,,@albertoshernandez5251,Gobierno de la República de Guatemala,Inician los trabajos de recuperación del Puente Belice II.,Gobierno de la República de Guatemala,topic,@albertoshernandez5251,@albertoshernandez5251,5.0,False,5,0,False,False,hace 6 días,<1 semana,6.0,TODO EL APOYO PARA EL PRESIDENTE BERNARDO AREVALO 👍🇬🇹👍,apoyo presidente bernardo arevalo,apoyo presidente bernardo arevalo,[],[],[],"[""👍"", ""🇬🇹"", ""👍""]",0,0,0,3,TODO EL APOYO PARA EL PRESIDENTE BERNARDO AREVALO emoji pulgar hacia arriba emoji emoji bandera guatemala emoji emoji pulgar hacia arriba emoji,54,33,9,4,True,False,Inician los trabajos de recuperación del Puente Belice II.,UC-ZtFBHzgkYFh7whZkuR_Ag,Gobierno de la República de Guatemala,/@GobiernodelaRepublicadeGuatema,/@GobiernodelaRepublicadeGuatema,Entertainment,Gobierno de la República de Guatemala,topic,11670,2026-08-26T21:00:47-07:00,2026-08-27 04:00:47+00:00,[],[],Inician los trabajos de recuperación del Puente Belice II.,0,https://www.youtube.com/watch?v=6W4u8sGEnGM
JkpVO1hx2f8,Ugy6isIL3n6cvYbJG-94AaABAg,10 Preguntas a un año del Paro Nacional,Quorum,UCE4rsXcgDb6e1-a9iTbWzfg,@ninettmartinez425,UCWWkebAekppaL5b5CNlppuw,Yo vi en  Semilla y Bernardo Arévalo  una oportunidad para que Guatemala saliera de la corrupción.,@quorumgt/videos,channel,quorum_complete_comments.csv | youtube_guatemala_plus_comments.csv,/@ninettmartinez425,hace 1 año,3,0,False,,@ninettmartinez425,Quorum,10 Preguntas a un año del Paro Nacional,@quorumgt/videos,channel,@ninettmartinez425,@ninettmartinez425,3.0,False,3,0,False,False,hace 1 año,1 mes - 1 ano,365.25,Yo vi en  Semilla y Bernardo Arévalo  una oportunidad para que Guatemala saliera de la corrupción.,semilla bernardo arevalo oportunidad guatemala saliera corrupcion,semilla bernardo arevalo oportunidad guatemala saliera corrupcion,[],[],[],[],0,0,0,0,Yo vi en Semilla y Bernardo Arévalo una oportunidad para que Guatemala saliera de la corrupción.,98,65,16,7,True,False,10 Preguntas a un año del Paro Nacional,UCE4rsXcgDb6e1-a9iTbWzfg,Quorum,/@quorumgt,/@quorumgt,News & Politics,@quorumgt/videos,channel,673,2024-10-02T17:00:06-07:00,2024-10-03 00:00:06+00:00,"[""guatemala"", ""periodismo"", ""quorum"", ""paro nacional 2023""]","[""guatemala"", ""periodismo"", ""quorum"", ""paro nacional 2023""]","📅 ¿Dónde estabas hace un año cuando comenzó el Paro Nacional? ✊Pia Flores y Jeanelly Vásquez, estuvieron largas jornadas cubriendo las protestas, los operativos del Ministerio Público y toda la tensión que se vino tras las elecciones y el sorpresivo triunfo de Bernardo Arévalo y Semilla. En este video reflexionan sobre aquellas protestas que serán claves en la historia de Guatemala.

Ayudanos compartiendo, comentando y dándole like a este video.

📲 Seguí a Quorum en todas las redes para ver más contenido interesante de #Guatemala.

⚫️ X:   / quorumgt  
🟣 Instagram: https://www.instagram.com/holaquorum?...
🟠 TikTok:https://www.tiktok.com/@quorumgt?_t=8...
🔵 Facebook: https://www.facebook.com/QuorumGT?mib...
🟢 Canal de WhatsApp: https://whatsapp.com/channel/0029Va8I...",4,https://www.youtube.com/watch?v=JkpVO1hx2f8
n8iP75gIpmw,Ugy6y6DL1AgyNzNpfMZ4AaABAg,Qué rico come tu diputado,Quorum,UCE4rsXcgDb6e1-a9iTbWzfg,@mynorrodas8591,UCjmPuazZJzscrwvk0QR9RVw,"😢que desgraciados estos sinvergüenzas porque no piden un almuerzo de Q30.00 no que  almuerzos  de millonarios  con la plata  del pueblo , si les gusta lo bueno que lo paguen con su dinero",@quorumgt/videos,channel,quorum_complete_comments.csv | youtube_guatemala_plus_comments.csv,/@mynorrodas8591,hace 2 años,2,0,False,,@mynorrodas8591,Quorum,Qué rico come tu diputado,@quorumgt/videos,channel,@mynorrodas8591,@mynorrodas8591,2.0,False,2,0,False,False,hace 2 años,1 - 2 anos,730.5,"😢que desgraciados estos sinvergüenzas porque no piden un almuerzo de Q30.00 no que  almuerzos  de millonarios  con la plata  del pueblo , si les gusta lo bueno que lo paguen con su dinero",desgraciado sinverguenza pedir almuerzo q30 almuerzo millonario platar pueblo gustar pagar dinero,desgraciados sinverguenzas piden almuerzo q30 almuerzos millonarios plata pueblo gusta paguen dinero,[],[],[],"[""😢""]",0,0,0,1,"emoji cara llorando emoji que desgraciados estos sinvergüenzas porque no piden un almuerzo de Q30.00 no que almuerzos de millonarios con la plata del pueblo , si les gusta lo bueno que lo paguen con su dinero",187,97,33,12,True,False,Qué rico come tu diputado,UCE4rsXcgDb6e1-a9iTbWzfg,Quorum,/@quorumgt,/@quorumgt,News & Politics,Quorum GT,topic,11775,2024-08-27T14:09:51-07:00,2024-08-27 21:09:51+00:00,[],[],"En @ConCriteriogt hablaron hoy sobre nuestro reportaje ""Qué rico come tu diputado"", en el que contamos los almuerzos más caros pagados con fondos públicos entre enero y abril de este año.

Entrevistaron al diputado Nery Rodas, de CABAL, quien asegura que son problemas ""mínimos"".

Si no has leído el repor podés hacerlo acá https://quorum.gt/poder/comida_diputados/",0,https://www.youtube.com/watch?v=n8iP75gIpmw
n8iP75gIpmw,Ugy7-QbaMzLjAO_vJMB4AaABAg,Qué rico come tu diputado,Quorum,UCE4rsXcgDb6e1-a9iTbWzfg,@OseasSamayoa-ol5rz,UCipetjeiWj4CZB6EbyYziZg,Que paguen de su sueldo sus alimentos si el pueblo de la miseria que  las empresas nos pagan lo pagamos,@quorumgt/videos,channel,quorum_complete_comments.csv | youtube_guatemala_plus_comments.csv,/@OseasSamayoa-ol5rz,hace 2 años, ,0,False,,@OseasSamayoa-ol5rz,Quorum,Qué rico come tu diputado,@quorumgt/videos,channel,@OseasSamayoa-ol5rz,@oseassamayoa-ol5rz,,True,0,0,False,False,hace 2 años,1 - 2 anos,730.5,Que paguen de su sueldo sus alimentos si el pueblo de la miseria que  las empresas nos pagan lo pagamos,pagar sueldo alimento pueblo miseriar empresa pagar pagar,paguen sueldo alimentos pueblo miseria empresas pagan pagamos,[],[],[],[],0,0,0,0,Que paguen de su sueldo sus alimentos si el pueblo de la miseria que las empresas nos pagan lo pagamos,103,57,20,8,True,False,Qué rico come tu diputado,UCE4rsXcgDb6e1-a9iTbWzfg,Quorum,/@quorumgt,/@quorumgt,News & Politics,Quorum GT,topic,11775,2024-08-27T14:09:51-07:00,2024-08-27 21:09:51+00:00,[],[],"En @ConCriteriogt hablaron hoy sobre nuestro reportaje ""Qué rico come tu diputado"", en el que contamos los almuerzos más caros pagados con fondos públicos entre enero y abril de este año.

Entrevistaron al diputado Nery Rodas, de CABAL, quien asegura que son problemas ""mínimos"".

Si no has leído el repor podés hacerlo acá https://quorum.gt/poder/comida_diputados/",0,https://www.youtube.com/watch?v=n8iP75gIpmw
n8iP75gIpmw,Ugy7Dk5SDB_d3RFlHU94AaABAg,Qué rico come tu diputado,Quorum,UCE4rsXcgDb6e1-a9iTbWzfg,@andyB5280,UCh5ESQvtzyHDhCA7XyekCFA,No quiere hablar de sus almuerzos se molesta . No le creo . que,@quorumgt/videos,channel,quorum_complete_comments.csv | youtube_guatemala_plus_comments.csv,/@andyB5280,hace 2 años,1,0,False,,@andyB5280,Quorum,Qué rico come tu diputado,@quorumgt/videos,channel,@andyB5280,@andyb5280,1.0,False,1,0,False,False,hace 2 años,1 - 2 anos,730.5,No quiere hablar de sus almuerzos se molesta . No le creo . que,hablar almuerzo molestar,hablar almuerzos molesta,[],[],[],[],0,0,0,0,No quiere hablar de sus almuerzos se molesta . No le creo . que,63,24,14,3,True,False,Qué rico come tu diputado,UCE4rsXcgDb6e1-a9iTbWzfg,Quorum,/@quorumgt,/@quorumgt,News & Politics,Quorum GT,topic,11775,2024-08-27T14:09:51-07:00,2024-08-27 21:09:51+00:00,[],[],"En @ConCriteriogt hablaron hoy sobre nuestro reportaje ""Qué rico come tu diputado"", en el que contamos los almuerzos más caros pagados con fondos públicos entre enero y abril de este año.

Entrevistaron al diputado Nery Rodas, de CABAL, quien asegura que son problemas ""mínimos"".

Si no has leído el repor podés hacerlo acá https://quorum.gt/poder/comida_diputados/",0,https://www.youtube.com/watch?v=n8iP75gIpmw
WIUZtitfLRw,Ugy7b0JTkHodE4sTU_54AaABAg,Caminar en una ciudad hecha para carros,Quorum,UCE4rsXcgDb6e1-a9iTbWzfg,@jorgegomez2237,UCZIQnb1fkwe39Iw2TAu-bGA,"Como dijo pia, casi no existen banquetas, solo hay un pedazo donde se puede medio caminar... Y aun quiere que le demos gracias... #IneptoBran",@quorumgt/videos,channel,quorum_complete_comments.csv | youtube_guatemala_plus_comments.csv,/@jorgegomez2237,hace 1 año,1,0,False,,@jorgegomez2237,Quorum,Caminar en una ciudad hecha para carros,@quorumgt/videos,channel,@jorgegomez2237,@jorgegomez2237,1.0,False,1,0,False,False,hace 1 año,1 mes - 1 ano,365.25,"Como dijo pia, casi no existen banquetas, solo hay un pedazo donde se puede medio caminar... Y aun quiere que le demos gracias... #IneptoBran",pia banqueta pedazo caminar demo ineptobran,pia banquetas pedazo caminar demos ineptobran,"[""ineptobran""]",[],[],[],1,0,0,0,"Como dijo pia, casi no existen banquetas, solo hay un pedazo donde se puede medio caminar... Y aun quiere que le demos gracias... IneptoBran",141,43,24,6,True,False,Caminar en una ciudad hecha para carros,UCE4rsXcgDb6e1-a9iTbWzfg,Quorum,/@quorumgt,/@quorumgt,News & Politics,@quorumgt/videos,channel,422,2024-11-20T17:15:06-08:00,2024-11-21 01:15:06+00:00,[],[],"🚗 Caminar por la #CiudaddeGuatemala es un reto de sobrevivencia. ¿Por qué? Porque la infraestructura prioriza a los #carros antes que a las personas.

🫱 Seguí en nuestras redes #ElAtasco, nuestra cobertura sobre #movilidad. Si aún no lo has hecho, entrale al test para ver qué tan caminable es tu barrio: https://ds8l19rhon2.typeform.com/elatasco

↗️ Identifiquemos y hablemos sobre los problemas para empezar a buscar soluciones.",0,https://www.youtube.com/watch?v=WIUZtitfLRw
n8iP75gIpmw,Ugy8csktFvR0eUZN4cp4AaABAg,Qué rico come tu diputado,Quorum,UCE4rsXcgDb6e1-a9iTbWzfg,@RobertoZelaya-x1v,UCTP3O0rMnc8z8v8jaDQwL0w,Señor Nery Ramos una empresa trabaja con capital propio con dinero del dueño de la empresa que le costado ganarcelo  usted  con el dinero del pueblo o cree que el estado es su empresa trabaje esfuersece  trabajen para tener una empresa no se coman lo del pueblo,@quorumgt/videos,channel,quorum_complete_comments.csv | youtube_guatemala_plus_comments.csv,/@RobertoZelaya-x1v,hace 2 años,1,0,False,,@RobertoZelaya-x1v,Quorum,Qué rico come tu diputado,@quorumgt/videos,channel,@RobertoZelaya-x1v,@robertozelaya-x1v,1.0,False,1,0,False,False,hace 2 años,1 - 2 anos,730.5,Señor Nery Ramos una empresa trabaja con capital propio con dinero del dueño de la empresa que le costado ganarcelo  usted  con el dinero del pueblo o cree que el estado es su empresa trabaje esfuersece  trabajen para tener una empresa no se coman lo del pueblo,senor nery rir empresa trabajar capital dinero dueno empresa costado ganarcelo dinero pueblo creer empresa trabaje esfuersecir trabajen empresa comar pueblo,senor nery ramos empresa trabaja capital dinero dueno empresa costado ganarcelo dinero pueblo cree empresa trabaje esfuersece trabajen empresa coman pueblo,[],[],[],[],0,0,0,0,Señor Nery Ramos una empresa trabaja con capital propio con dinero del dueño de la empresa que le costado ganarcelo usted con el dinero del pueblo o cree que el estado es su empresa trabaje esfuersece trabajen para tener una empresa no se coman lo del pueblo,261,156,47,21,True,False,Qué rico come tu diputado,UCE4rsXcgDb6e1-a9iTbWzfg,Quorum,/@quorumgt,/@quorumgt,News & Politics,Quorum GT,topic,11775,2024-08-27T14:09:51-07:00,2024-08-27 21:09:51+00:00,[],[],"En @ConCriteriogt hablaron hoy sobre nuestro reportaje ""Qué rico come tu diputado"", en el que contamos los almuerzos más caros pagados con fondos públicos entre enero y abril de este año.

Entrevistaron al diputado Nery Rodas, de CABAL, quien asegura que son problemas ""mínimos"".

Si no has leído el repor podés hacerlo acá https://quorum.gt/poder/comida_diputados/",0,https://www.youtube.com/watch?v=n8iP75gIpmw
n8iP75gIpmw,UgyAcWsNSqIPesdI3nF4AaABAg,Qué rico come tu diputado,Quorum,UCE4rsXcgDb6e1-a9iTbWzfg,@moisesvaldez4043,UCsUCN0Yq_UyTvKjOJLmNrnQ,"para los Guatemaltecos mejor si no hacen nada, poque cuando los hacen es en contra del pueblo Guatemlateco",@quorumgt/videos,channel,quorum_complete_comments.csv | youtube_guatemala_plus_comments.csv,/@moisesvaldez4043,hace 2 años, ,0,False,,@moisesvaldez4043,Quorum,Qué rico come tu diputado,@quorumgt/videos,channel,@moisesvaldez4043,@moisesvaldez4043,,True,0,0,False,False,hace 2 años,1 - 2 anos,730.5,"para los Guatemaltecos mejor si no hacen nada, poque cuando los hacen es en contra del pueblo Guatemlateco",guatemalteco pocar pueblo guatemlateco,guatemaltecos poque pueblo guatemlateco,[],[],[],[],0,0,0,0,"para los Guatemaltecos mejor si no hacen nada, poque cuando los hacen es en contra del pueblo Guatemlateco",106,38,18,4,True,False,Qué rico come tu diputado,UCE4rsXcgDb6e1-a9iTbWzfg,Quorum,/@quorumgt,/@quorumgt,News & Politics,Quorum GT,topic,11775,2024-08-27T14:09:51-07:00,2024-08-27 21:09:51+00:00,[],[],"En @ConCriteriogt hablaron hoy sobre nuestro reportaje ""Qué rico come tu diputado"", en el que contamos los almuerzos más caros pagados con fondos públicos entre enero y abril de este año.

Entrevistaron al diputado Nery Rodas, de CABAL, quien asegura que son problemas ""mínimos"".

Si no has leído el repor podés hacerlo acá https://quorum.gt/poder/comida_diputados/",0,https://www.youtube.com/watch?v=n8iP75gIpmw
j43HgwYFKfk,UgyB52GZe4-PXJ2TqYB4AaABAg,La cooptación de Walter Mazariegos en la USAC,Quorum,UCE4rsXcgDb6e1-a9iTbWzfg,@rosaelenaargueta79,UC3UVO7pTbeYvZ3ILEyRDskQ,Así debe informarse al pueblo sobre esta red de mafiosos!,@quorumgt,topic,j43HgwYFKfk_out_comments.csv | quorum_complete_comments.csv | youtube_guatemala_plus_comments.csv,/@rosaelenaargueta79,hace 1 año,1,0,False,,@rosaelenaargueta79,Quorum,La cooptación de Walter Mazariegos en la USAC,@quorumgt,topic,@rosaelenaargueta79,@rosaelenaargueta79,1.0,False,1,0,False,False,hace 1 año,1 mes - 1 ano,365.25,Así debe informarse al pueblo sobre esta red de mafiosos!,informar el pueblo red mafioso,informarse pueblo red mafiosos,[],[],[],[],0,0,0,0,Así debe informarse al pueblo sobre esta red de mafiosos!,57,30,10,5,True,False,La cooptación de Walter Mazariegos en la USAC,UCE4rsXcgDb6e1-a9iTbWzfg,Quorum,/@quorumgt,/@quorumgt,News & Politics,@quorumgt,topic,10156,2024-09-26T15:00:17-07:00,2024-09-26 22:00:17+00:00,"[""USAC"", ""Walter Mazariegos"", ""Mazariegos rector"", ""Fraude USAC"", ""Elecciones USAC"", ""Toma USAC"", ""CSU USAC"", ""Quorum GT"", ""Periodismo Guatemala"", ""Luis Cordón USAC""]","[""USAC"", ""Walter Mazariegos"", ""Mazariegos rector"", ""Fraude USAC"", ""Elecciones USAC"", ""Toma USAC"", ""CSU USAC"", ""Quorum GT"", ""Periodismo Guatemala"", ""Luis Cordón USAC""]","🚨El rector de facto de la #USAC, Walter Mazariegos, tiene una alianza que le permite controlar un presupuesto millonario, quitar a sus opositores del camino y colocar a sus allegados en puestos importantes. Más de la mitad de sus cómplices en el Consejo Superior Universitario (CSU) se han prolongado en el poder y no tienen la intención de soltarlo.

👁️ Aunque las cosas podrían cambiar…

Ayudanos compartiendo, comentando y dándole like a este video.

🔍 También podés leer el reportaje completo en este link👉🏻 https://quorum.gt/poder/captura/usac/mazariegos_csu/

📲 Seguí a Quorum en todas las redes para ver más contenido interesante de #Guatemala.

⚫️ X: https://twitter.com/QuorumGT
🟣 Instagram: https://www.instagram.com/holaquorum?igsh=a2l2MHp6dXA5aGg4
🟠 TikTok:https://www.tiktok.com/@quorumgt?_t=8q3C9YsmOiT&_r=1
🔵 Facebook: https://www.facebook.com/QuorumGT?mibextid=LQQJ4d
🟢 Canal de WhatsApp: https://whatsapp.com/channel/0029Va8IZV65PO0ul2cBdD0l",10,https://www.youtube.com/watch?v=j43HgwYFKfk
PjmxCj-a9Hg,UgyBhR2qUXgMe2NJjRN4AaABAg,Conferencia de Prensa del Gobierno de Guatemala. #LaRondaGt,Gobierno de la República de Guatemala,UC-ZtFBHzgkYFh7whZkuR_Ag,@herbertaguilar1387,UCuP4UK33HKtJE_S39ksmaTw,Con la corrupcion y narco gobierno de Morena en Mexico  Arevalo no deberia de hacer asociacion alguna . El pueblo de Mexico esta sufriendo .,@GobiernodeGuatemala,topic,PjmxCj-a9Hg_out_comments.csv | youtube_guatemala_plus_comments.csv,/@herbertaguilar1387,hace 1 año, ,0,False,,@herbertaguilar1387,Gobierno de la República de Guatemala,Conferencia de Prensa del Gobierno de Guatemala. #LaRondaGt,@GobiernodeGuatemala,topic,@herbertaguilar1387,@herbertaguilar1387,,True,0,0,False,False,hace 1 año,1 mes - 1 ano,365.25,Con la corrupcion y narco gobierno de Morena en Mexico  Arevalo no deberia de hacer asociacion alguna . El pueblo de Mexico esta sufriendo .,corrupcion narco gobierno morena mexico arevalo deberio asociacion pueblo mexico sufrir,corrupcion narco gobierno morena mexico arevalo deberia asociacion pueblo mexico sufriendo,[],[],[],[],0,0,0,0,Con la corrupcion y narco gobierno de Morena en Mexico Arevalo no deberia de hacer asociacion alguna . El pueblo de Mexico esta sufriendo .,140,87,25,11,True,False,Conferencia de Prensa del Gobierno de Guatemala. #LaRondaGt,UC-ZtFBHzgkYFh7whZkuR_Ag,Gobierno de la República de Guatemala,/@GobiernodelaRepublicadeGuatema,/@GobiernodelaRepublicadeGuatema,Entertainment,@GobiernodeGuatemala,topic,3628,2025-08-11T20:14:15-07:00,2025-08-12 03:14:15+00:00,[],[],Conferencia de Prensa del Gobierno de Guatemala. #LaRondaGt,0,https://www.youtube.com/watch?v=PjmxCj-a9Hg
PjmxCj-a9Hg,UgyC45vItnUiq1QrUtd4AaABAg,Conferencia de Prensa del Gobierno de Guatemala. #LaRondaGt,Gobierno de la República de Guatemala,UC-ZtFBHzgkYFh7whZkuR_Ag,@ericapaz5406,UClsrFGJKWPxxw7MiaEdKLXw,Señor presidente? Enfóquese  en el crimen que está destrozado al país y también al turismo aga uso de su poder para implementar leyes que combatan el crimen en general por favor  mire a su país vecino como un joven si pudo terminar con el crimen.,@GobiernodeGuatemala,topic,PjmxCj-a9Hg_out_comments.csv | youtube_guatemala_plus_comments.csv,/@ericapaz5406,hace 1 año,3,2,False,,@ericapaz5406,Gobierno de la República de Guatemala,Conferencia de Prensa del Gobierno de Guatemala. #LaRondaGt,@GobiernodeGuatemala,topic,@ericapaz5406,@ericapaz5406,3.0,False,3,2,False,False,hace 1 año,1 mes - 1 ano,365.25,Señor presidente? Enfóquese  en el crimen que está destrozado al país y también al turismo aga uso de su poder para implementar leyes que combatan el crimen en general por favor  mire a su país vecino como un joven si pudo terminar con el crimen.,senor presidente enfoquese crimen destrozado turismo agar implementar ley combatar crimen general favor mire vecino joven terminar crimen,senor presidente enfoquese crimen destrozado turismo aga implementar leyes combatan crimen general favor mire vecino joven terminar crimen,[],[],[],[],0,0,0,0,Señor presidente? Enfóquese en el crimen que está destrozado al país y también al turismo aga uso de su poder para implementar leyes que combatan el crimen en general por favor mire a su país vecino como un joven si pudo terminar con el crimen.,246,137,45,18,True,False,Conferencia de Prensa del Gobierno de Guatemala. #LaRondaGt,UC-ZtFBHzgkYFh7whZkuR_Ag,Gobierno de la República de Guatemala,/@GobiernodelaRepublicadeGuatema,/@GobiernodelaRepublicadeGuatema,Entertainment,@GobiernodeGuatemala,topic,3628,2025-08-11T20:14:15-07:00,2025-08-12 03:14:15+00:00,[],[],Conferencia de Prensa del Gobierno de Guatemala. #LaRondaGt,0,https://www.youtube.com/watch?v=PjmxCj-a9Hg
PjmxCj-a9Hg,UgyC45vItnUiq1QrUtd4AaABAg.ALgn-KZ7p47ALgvLAMzZ1A,Conferencia de Prensa del Gobierno de Guatemala. #LaRondaGt,Gobierno de la República de Guatemala,UC-ZtFBHzgkYFh7whZkuR_Ag,@ErmePérez-q4s,UCg3eIfd7BrsLEqS0BLkftHA,Ni te equivoques ni a terminado siguen siendo Salvatruchas y mareros.,@GobiernodeGuatemala,topic,PjmxCj-a9Hg_out_comments.csv | youtube_guatemala_plus_comments.csv,/@ErmeP%C3%A9rez-q4s,hace 1 año, ,0,False,,@ErmePérez-q4s,Gobierno de la República de Guatemala,Conferencia de Prensa del Gobierno de Guatemala. #LaRondaGt,@GobiernodeGuatemala,topic,@ErmePérez-q4s,@ermeperez-q4s,,True,0,0,False,False,hace 1 año,1 mes - 1 ano,365.25,Ni te equivoques ni a terminado siguen siendo Salvatruchas y mareros.,equivoqu terminado seguir salvatrucha marero,equivoques terminado siguen salvatruchas mareros,[],[],[],[],0,0,0,0,Ni te equivoques ni a terminado siguen siendo Salvatruchas y mareros.,69,44,11,5,True,False,Conferencia de Prensa del Gobierno de Guatemala. #LaRondaGt,UC-ZtFBHzgkYFh7whZkuR_Ag,Gobierno de la República de Guatemala,/@GobiernodelaRepublicadeGuatema,/@GobiernodelaRepublicadeGuatema,Entertainment,@GobiernodeGuatemala,topic,3628,2025-08-11T20:14:15-07:00,2025-08-12 03:14:15+00:00,[],[],Conferencia de Prensa del Gobierno de Guatemala. #LaRondaGt,0,https://www.youtube.com/watch?v=PjmxCj-a9Hg
PjmxCj-a9Hg,UgyC45vItnUiq1QrUtd4AaABAg.ALgn-KZ7p47ALgwtbYMM1u,Conferencia de Prensa del Gobierno de Guatemala. #LaRondaGt,Gobierno de la República de Guatemala,UC-ZtFBHzgkYFh7whZkuR_Ag,@ErmePérez-q4s,UCg3eIfd7BrsLEqS0BLkftHA,"Y los  que fueron hacer los pandilleros del salvador en antigua que, siguen haviendo maras en el salvador y eso es un país de maras",@GobiernodeGuatemala,topic,PjmxCj-a9Hg_out_comments.csv | youtube_guatemala_plus_comments.csv,/@ErmeP%C3%A9rez-q4s,hace 1 año, ,0,False,,@ErmePérez-q4s,Gobierno de la República de Guatemala,Conferencia de Prensa del Gobierno de Guatemala. #LaRondaGt,@GobiernodeGuatemala,topic,@ErmePérez-q4s,@ermeperez-q4s,,True,0,0,False,False,hace 1 año,1 mes - 1 ano,365.25,"Y los  que fueron hacer los pandilleros del salvador en antigua que, siguen haviendo maras en el salvador y eso es un país de maras",pandillero salvador antiguo seguir haveir mara salvador mara,pandilleros salvador antigua siguen haviendo maras salvador maras,[],[],[],[],0,0,0,0,"Y los que fueron hacer los pandilleros del salvador en antigua que, siguen haviendo maras en el salvador y eso es un país de maras",131,60,25,8,True,False,Conferencia de Prensa del Gobierno de Guatemala. #LaRondaGt,UC-ZtFBHzgkYFh7whZkuR_Ag,Gobierno de la República de Guatemala,/@GobiernodelaRepublicadeGuatema,/@GobiernodelaRepublicadeGuatema,Entertainment,@GobiernodeGuatemala,topic,3628,2025-08-11T20:14:15-07:00,2025-08-12 03:14:15+00:00,[],[],Conferencia de Prensa del Gobierno de Guatemala. #LaRondaGt,0,https://www.youtube.com/watch?v=PjmxCj-a9Hg
PjmxCj-a9Hg,UgyC45vItnUiq1QrUtd4AaABAg.ALgn-KZ7p47ALgx6SmnMen,Conferencia de Prensa del Gobierno de Guatemala. #LaRondaGt,Gobierno de la República de Guatemala,UC-ZtFBHzgkYFh7whZkuR_Ag,@ErmePérez-q4s,UCg3eIfd7BrsLEqS0BLkftHA,Y todo los que tienen tatuajes del salvador son pandilleros eso su dictador lo dijo. Así que no te venden humo 💨 todo lo que dicen del salvador.,@GobiernodeGuatemala,topic,PjmxCj-a9Hg_out_comments.csv | youtube_guatemala_plus_comments.csv,/@ErmeP%C3%A9rez-q4s,hace 1 año, ,0,False,,@ErmePérez-q4s,Gobierno de la República de Guatemala,Conferencia de Prensa del Gobierno de Guatemala. #LaRondaGt,@GobiernodeGuatemala,topic,@ErmePérez-q4s,@ermeperez-q4s,,True,0,0,False,False,hace 1 año,1 mes - 1 ano,365.25,Y todo los que tienen tatuajes del salvador son pandilleros eso su dictador lo dijo. Así que no te venden humo 💨 todo lo que dicen del salvador.,tatuaj salvador pandilleros dictador vender humo salvador,tatuajes salvador pandilleros dictador venden humo salvador,[],[],[],"[""💨""]",0,0,0,1,Y todo los que tienen tatuajes del salvador son pandilleros eso su dictador lo dijo. Así que no te venden humo emoji salir corriendo emoji todo lo que dicen del salvador.,144,57,28,7,True,False,Conferencia de Prensa del Gobierno de Guatemala. #LaRondaGt,UC-ZtFBHzgkYFh7whZkuR_Ag,Gobierno de la República de Guatemala,/@GobiernodelaRepublicadeGuatema,/@GobiernodelaRepublicadeGuatema,Entertainment,@GobiernodeGuatemala,topic,3628,2025-08-11T20:14:15-07:00,2025-08-12 03:14:15+00:00,[],[],Conferencia de Prensa del Gobierno de Guatemala. #LaRondaGt,0,https://www.youtube.com/watch?v=PjmxCj-a9Hg
06mFNPU0aB8,UgyC9HUMcvW-e_nFJK14AaABAg,Capturan a presuntos delincuentes disfrazados de mujer señalados de cometer asalto,Noti7,UCVpSRoZgngfSL03Nlbjtq9A,@ruddydepaz322,UCAxvOOHQk7dYPOajzFEVtbA,Así metan los al tambo con minifaldas allí no les ba a faltar la moronga.,guatemala noticias,topic,youtube_guatemala_comments.csv | youtube_guatemala_plus_comments.csv,/@ruddydepaz322,hace 2 semanas, ,0,False,,@ruddydepaz322,Noti7,Capturan a presuntos delincuentes disfrazados de mujer señalados de cometer asalto,guatemala noticias,topic,@ruddydepaz322,@ruddydepaz322,,True,0,0,False,False,hace 2 semanas,1 sem - 1 mes,14.0,Así metan los al tambo con minifaldas allí no les ba a faltar la moronga.,metan tambo minifalda faltar moronguir,metan tambo minifaldas faltar moronga,[],[],[],[],0,0,0,0,Así metan los al tambo con minifaldas allí no les ba a faltar la moronga.,73,38,15,5,True,False,Capturan a presuntos delincuentes disfrazados de mujer señalados de cometer asalto,UCVpSRoZgngfSL03Nlbjtq9A,Noti7,/@Noti7Guatemala,/@Noti7Guatemala,News & Politics,guatemala noticias,topic,6692,2026-08-13T22:00:12-07:00,2026-08-14 05:00:12+00:00,"[""Actualidad"", ""Asaltantes disfrazados"", ""Capturados Escuintla"", ""Guatemala"", ""Noti7"", ""Noticias"", ""PNC"", ""Televisiete"", ""información"", ""noticias"", ""capturas""]","[""Actualidad"", ""Asaltantes disfrazados"", ""Capturados Escuintla"", ""Guatemala"", ""Noti7"", ""Noticias"", ""PNC"", ""Televisiete"", ""información"", ""noticias"", ""capturas""]",La rápida acción policial frustró el plan de los sujetos que usaron minifaldas para huir.,11,https://www.youtube.com/watch?v=06mFNPU0aB8
06mFNPU0aB8,UgyCFEFtEmhDbi91yCF4AaABAg,Capturan a presuntos delincuentes disfrazados de mujer señalados de cometer asalto,Noti7,UCVpSRoZgngfSL03Nlbjtq9A,@MacoMorales-i2i2d,UCq3mDTTRZnUybct5M9OSXbg,Destreza dise😅,guatemala noticias,topic,youtube_guatemala_comments.csv | youtube_guatemala_plus_comments.csv,/@MacoMorales-i2i2d,hace 2 semanas,1,0,False,,@MacoMorales-i2i2d,Noti7,Capturan a presuntos delincuentes disfrazados de mujer señalados de cometer asalto,guatemala noticias,topic,@MacoMorales-i2i2d,@macomorales-i2i2d,1.0,False,1,0,False,False,hace 2 semanas,1 sem - 1 mes,14.0,Destreza dise😅,destreza disar,destreza dise,[],[],[],"[""😅""]",0,0,0,1,Destreza dise emoji cara sonriendo con sudor frío emoji,14,14,2,2,True,False,Capturan a presuntos delincuentes disfrazados de mujer señalados de cometer asalto,UCVpSRoZgngfSL03Nlbjtq9A,Noti7,/@Noti7Guatemala,/@Noti7Guatemala,News & Politics,guatemala noticias,topic,6692,2026-08-13T22:00:12-07:00,2026-08-14 05:00:12+00:00,"[""Actualidad"", ""Asaltantes disfrazados"", ""Capturados Escuintla"", ""Guatemala"", ""Noti7"", ""Noticias"", ""PNC"", ""Televisiete"", ""información"", ""noticias"", ""capturas""]","[""Actualidad"", ""Asaltantes disfrazados"", ""Capturados Escuintla"", ""Guatemala"", ""Noti7"", ""Noticias"", ""PNC"", ""Televisiete"", ""información"", ""noticias"", ""capturas""]",La rápida acción policial frustró el plan de los sujetos que usaron minifaldas para huir.,11,https://www.youtube.com/watch?v=06mFNPU0aB8
n8iP75gIpmw,UgyCoulSuwV8jBnjbtN4AaABAg,Qué rico come tu diputado,Quorum,UCE4rsXcgDb6e1-a9iTbWzfg,@FidelZacarias-ph7dy,UCGzXwyCzMzGmjmCbH3Hg01Q,Ése señor entrevistador pertenece al PACTO DE CORRUPTOS....ATACA LA TRANSPARENCIA Y DEFIENDE A LOS CORRUPTOS.,@quorumgt/videos,channel,quorum_complete_comments.csv | youtube_guatemala_plus_comments.csv,/@FidelZacarias-ph7dy,hace 2 años,2,0,False,,@FidelZacarias-ph7dy,Quorum,Qué rico come tu diputado,@quorumgt/videos,channel,@FidelZacarias-ph7dy,@fidelzacarias-ph7dy,2.0,False,2,0,False,False,hace 2 años,1 - 2 anos,730.5,Ése señor entrevistador pertenece al PACTO DE CORRUPTOS....ATACA LA TRANSPARENCIA Y DEFIENDE A LOS CORRUPTOS.,senor entrevistador pertenecer pacto corrupto atacar transparencia defender corrupto,senor entrevistador pertenece pacto corruptos ataca transparencia defiende corruptos,[],[],[],[],0,0,0,0,Ése señor entrevistador pertenece al PACTO DE CORRUPTOS...ATACA LA TRANSPARENCIA Y DEFIENDE A LOS CORRUPTOS.,109,84,15,9,True,False,Qué rico come tu diputado,UCE4rsXcgDb6e1-a9iTbWzfg,Quorum,/@quorumgt,/@quorumgt,News & Politics,Quorum GT,topic,11775,2024-08-27T14:09:51-07:00,2024-08-27 21:09:51+00:00,[],[],"En @ConCriteriogt hablaron hoy sobre nuestro reportaje ""Qué rico come tu diputado"", en el que contamos los almuerzos más caros pagados con fondos públicos entre enero y abril de este año.

Entrevistaron al diputado Nery Rodas, de CABAL, quien asegura que son problemas ""mínimos"".

Si no has leído el repor podés hacerlo acá https://quorum.gt/poder/comida_diputados/",0,https://www.youtube.com/watch?v=n8iP75gIpmw
6W4u8sGEnGM,UgyD5CIXnbXNiM-a4VF4AaABAg,Inician los trabajos de recuperación del Puente Belice II.,Gobierno de la República de Guatemala,UC-ZtFBHzgkYFh7whZkuR_Ag,@OttoPalencia-b7r,UC0HvfEWozTHbwl_iEmJNvVA,Si el presidente ha sido un buen presidente pues hay que botar por el hay muchos que han hablado mal de él pero ellos no hacen nada por gustemala,Gobierno de la República de Guatemala,topic,youtube_guatemala_plus_comments.csv | youtube_lab_targets_small_comments.csv,/@OttoPalencia-b7r,hace 5 días,3,0,False,,@OttoPalencia-b7r,Gobierno de la República de Guatemala,Inician los trabajos de recuperación del Puente Belice II.,Gobierno de la República de Guatemala,topic,@OttoPalencia-b7r,@ottopalencia-b7r,3.0,False,3,0,False,False,hace 5 días,<1 semana,5.0,Si el presidente ha sido un buen presidente pues hay que botar por el hay muchos que han hablado mal de él pero ellos no hacen nada por gustemala,presidente presidente botar hablado gustemalo,presidente presidente botar hablado gustemala,[],[],[],[],0,0,0,0,Si el presidente ha sido un buen presidente pues hay que botar por el hay muchos que han hablado mal de él pero ellos no hacen nada por gustemala,145,45,29,5,True,False,Inician los trabajos de recuperación del Puente Belice II.,UC-ZtFBHzgkYFh7whZkuR_Ag,Gobierno de la República de Guatemala,/@GobiernodelaRepublicadeGuatema,/@GobiernodelaRepublicadeGuatema,Entertainment,Gobierno de la República de Guatemala,topic,11670,2026-08-26T21:00:47-07:00,2026-08-27 04:00:47+00:00,[],[],Inician los trabajos de recuperación del Puente Belice II.,0,https://www.youtube.com/watch?v=6W4u8sGEnGM
6W4u8sGEnGM,UgyE6hk1g9jR7zB67lV4AaABAg,Inician los trabajos de recuperación del Puente Belice II.,Gobierno de la República de Guatemala,UC-ZtFBHzgkYFh7whZkuR_Ag,@megavision4488,UC14qlobYKqD-DO0j6b75lcA,seria bueno tambien hecharle mano a la ejecucion del puente  del rio la pasion que todoavia se esta utilizando ferry hay que hacer un puente rapido.,Gobierno de la República de Guatemala,topic,youtube_guatemala_plus_comments.csv | youtube_lab_targets_small_comments.csv,/@megavision4488,hace 3 días, ,0,False,,@megavision4488,Gobierno de la República de Guatemala,Inician los trabajos de recuperación del Puente Belice II.,Gobierno de la República de Guatemala,topic,@megavision4488,@megavision4488,,True,0,0,False,False,hace 3 días,<1 semana,3.0,seria bueno tambien hecharle mano a la ejecucion del puente  del rio la pasion que todoavia se esta utilizando ferry hay que hacer un puente rapido.,hechar el mano ejecucion puente rio pasion todoavia utilizar ferry puente rapido,hecharle mano ejecucion puente rio pasion todoavia utilizando ferry puente rapido,[],[],[],[],0,0,0,0,seria bueno tambien hecharle mano a la ejecucion del puente del rio la pasion que todoavia se esta utilizando ferry hay que hacer un puente rapido.,148,80,26,12,True,False,Inician los trabajos de recuperación del Puente Belice II.,UC-ZtFBHzgkYFh7whZkuR_Ag,Gobierno de la República de Guatemala,/@GobiernodelaRepublicadeGuatema,/@GobiernodelaRepublicadeGuatema,Entertainment,Gobierno de la República de Guatemala,topic,11670,2026-08-26T21:00:47-07:00,2026-08-27 04:00:47+00:00,[],[],Inician los trabajos de recuperación del Puente Belice II.,0,https://www.youtube.com/watch?v=6W4u8sGEnGM
n8iP75gIpmw,UgyEM7_iOGkWV0SbNuB4AaABAg,Qué rico come tu diputado,Quorum,UCE4rsXcgDb6e1-a9iTbWzfg,@edwinavila4876,UCiGRBf2RNF0WRKhRVT7zFoA,"Lamentablemente en nuestro país sigue la misma sinverguenzada. Este diputado quiere tapar el sol con un dedo. Qué pasaría si un profesor quisiera que le pagaran su comida aparte de su sueldo porque le está enseñando a
 dibujar a un niño.",@quorumgt/videos,channel,quorum_complete_comments.csv | youtube_guatemala_plus_comments.csv,/@edwinavila4876,hace 2 años, ,0,False,,@edwinavila4876,Quorum,Qué rico come tu diputado,@quorumgt/videos,channel,@edwinavila4876,@edwinavila4876,,True,0,0,False,False,hace 2 años,1 - 2 anos,730.5,"Lamentablemente en nuestro país sigue la misma sinverguenzada. Este diputado quiere tapar el sol con un dedo. Qué pasaría si un profesor quisiera que le pagaran su comida aparte de su sueldo porque le está enseñando a
 dibujar a un niño.",lamentablemente sinverguenzado diputado tapar sol dedo pasaria profesor quisiero pagar comida aparte sueldo ensenar dibujar nino,lamentablemente sinverguenzada diputado tapar sol dedo pasaria profesor quisiera pagaran comida aparte sueldo ensenando dibujar nino,[],[],[],[],0,0,0,0,Lamentablemente en nuestro país sigue la misma sinverguenzada. Este diputado quiere tapar el sol con un dedo. Qué pasaría si un profesor quisiera que le pagaran su comida aparte de su sueldo porque le está enseñando a dibujar a un niño.,237,128,41,16,True,False,Qué rico come tu diputado,UCE4rsXcgDb6e1-a9iTbWzfg,Quorum,/@quorumgt,/@quorumgt,News & Politics,Quorum GT,topic,11775,2024-08-27T14:09:51-07:00,2024-08-27 21:09:51+00:00,[],[],"En @ConCriteriogt hablaron hoy sobre nuestro reportaje ""Qué rico come tu diputado"", en el que contamos los almuerzos más caros pagados con fondos públicos entre enero y abril de este año.

Entrevistaron al diputado Nery Rodas, de CABAL, quien asegura que son problemas ""mínimos"".

Si no has leído el repor podés hacerlo acá https://quorum.gt/poder/comida_diputados/",0,https://www.youtube.com/watch?v=n8iP75gIpmw
6W4u8sGEnGM,UgyFSrjeDvPsB0fKUdp4AaABAg,Inician los trabajos de recuperación del Puente Belice II.,Gobierno de la República de Guatemala,UC-ZtFBHzgkYFh7whZkuR_Ag,@elsasalguero6914,UCa36MjQLoPAmgJo-R3G8WQA,Que Dios bendiga al gobierno de Guatemala,Gobierno de la República de Guatemala,topic,youtube_guatemala_plus_comments.csv | youtube_lab_targets_small_comments.csv,/@elsasalguero6914,hace 6 días,3,0,False,,@elsasalguero6914,Gobierno de la República de Guatemala,Inician los trabajos de recuperación del Puente Belice II.,Gobierno de la República de Guatemala,topic,@elsasalguero6914,@elsasalguero6914,3.0,False,3,0,False,False,hace 6 días,<1 semana,6.0,Que Dios bendiga al gobierno de Guatemala,bendigar gobierno guatemala,dios bendiga gobierno guatemala,[],[],[],[],0,0,0,0,Que Dios bendiga al gobierno de Guatemala,41,27,7,3,True,False,Inician los trabajos de recuperación del Puente Belice II.,UC-ZtFBHzgkYFh7whZkuR_Ag,Gobierno de la República de Guatemala,/@GobiernodelaRepublicadeGuatema,/@GobiernodelaRepublicadeGuatema,Entertainment,Gobierno de la República de Guatemala,topic,11670,2026-08-26T21:00:47-07:00,2026-08-27 04:00:47+00:00,[],[],Inician los trabajos de recuperación del Puente Belice II.,0,https://www.youtube.com/watch?v=6W4u8sGEnGM
06mFNPU0aB8,UgyHHYcKhbzXr6xEjth4AaABAg,Capturan a presuntos delincuentes disfrazados de mujer señalados de cometer asalto,Noti7,UCVpSRoZgngfSL03Nlbjtq9A,@franciscoflores3120,UCjZgFEowMBrsjodqfovzdKw,Ay que  usarlos  como  mujeres,guatemala noticias,topic,youtube_guatemala_comments.csv | youtube_guatemala_plus_comments.csv,/@franciscoflores3120,hace 2 semanas, ,0,False,,@franciscoflores3120,Noti7,Capturan a presuntos delincuentes disfrazados de mujer señalados de cometer asalto,guatemala noticias,topic,@franciscoflores3120,@franciscoflores3120,,True,0,0,False,False,hace 2 semanas,1 sem - 1 mes,14.0,Ay que  usarlos  como  mujeres,usar el mujer,usarlos mujeres,[],[],[],[],0,0,0,0,Ay que usarlos como mujeres,30,13,5,3,True,False,Capturan a presuntos delincuentes disfrazados de mujer señalados de cometer asalto,UCVpSRoZgngfSL03Nlbjtq9A,Noti7,/@Noti7Guatemala,/@Noti7Guatemala,News & Politics,guatemala noticias,topic,6692,2026-08-13T22:00:12-07:00,2026-08-14 05:00:12+00:00,"[""Actualidad"", ""Asaltantes disfrazados"", ""Capturados Escuintla"", ""Guatemala"", ""Noti7"", ""Noticias"", ""PNC"", ""Televisiete"", ""información"", ""noticias"", ""capturas""]","[""Actualidad"", ""Asaltantes disfrazados"", ""Capturados Escuintla"", ""Guatemala"", ""Noti7"", ""Noticias"", ""PNC"", ""Televisiete"", ""información"", ""noticias"", ""capturas""]",La rápida acción policial frustró el plan de los sujetos que usaron minifaldas para huir.,11,https://www.youtube.com/watch?v=06mFNPU0aB8
6W4u8sGEnGM,UgyHIuxG8A2lYDRB6vh4AaABAg,Inician los trabajos de recuperación del Puente Belice II.,Gobierno de la República de Guatemala,UC-ZtFBHzgkYFh7whZkuR_Ag,@carmenfigueroa1232,UC3YpzAr7pcdKC7BVFEpYzog,"Pues como no si a Guatemala desbancaron lo anteriores presidentes han barrido con todo 
Primero Dios puedan terminar este proyecto antes que entre otr@ ladron y después busquen culpables",Gobierno de la República de Guatemala,topic,youtube_guatemala_plus_comments.csv | youtube_lab_targets_small_comments.csv,/@carmenfigueroa1232,hace 6 días (editado),4,1,False,,@carmenfigueroa1232,Gobierno de la República de Guatemala,Inician los trabajos de recuperación del Puente Belice II.,Gobierno de la República de Guatemala,topic,@carmenfigueroa1232,@carmenfigueroa1232,4.0,False,4,1,False,True,hace 6 días,<1 semana,6.0,"Pues como no si a Guatemala desbancaron lo anteriores presidentes han barrido con todo 
Primero Dios puedan terminar este proyecto antes que entre otr@ ladron y después busquen culpables",guatemala desbancar president barrido terminar proyecto otr ladron buscar culpable,guatemala desbancaron anteriores presidentes barrido dios puedan terminar proyecto otr ladron busquen culpables,[],[],[],[],0,0,0,0,Pues como no si a Guatemala desbancaron lo anteriores presidentes han barrido con todo Primero Dios puedan terminar este proyecto antes que entre otr@ ladron y después busquen culpables,186,82,29,10,True,False,Inician los trabajos de recuperación del Puente Belice II.,UC-ZtFBHzgkYFh7whZkuR_Ag,Gobierno de la República de Guatemala,/@GobiernodelaRepublicadeGuatema,/@GobiernodelaRepublicadeGuatema,Entertainment,Gobierno de la República de Guatemala,topic,11670,2026-08-26T21:00:47-07:00,2026-08-27 04:00:47+00:00,[],[],Inician los trabajos de recuperación del Puente Belice II.,0,https://www.youtube.com/watch?v=6W4u8sGEnGM
6W4u8sGEnGM,UgyHIuxG8A2lYDRB6vh4AaABAg.A_zEyCTHfWFA_zWovudn2B,Inician los trabajos de recuperación del Puente Belice II.,Gobierno de la República de Guatemala,UC-ZtFBHzgkYFh7whZkuR_Ag,@Murmullodelbarrio,UCyJhqmMbsvjpoarBBStA2kg,"Por eso mismo
No permítanos otro partido corrupto de los mismos de antes para salvar todo lo que hoy estamos mirando",Gobierno de la República de Guatemala,topic,youtube_guatemala_plus_comments.csv | youtube_lab_targets_small_comments.csv,/@Murmullodelbarrio,hace 6 días,1,0,False,,@Murmullodelbarrio,Gobierno de la República de Guatemala,Inician los trabajos de recuperación del Puente Belice II.,Gobierno de la República de Guatemala,topic,@Murmullodelbarrio,@murmullodelbarrio,1.0,False,1,0,False,False,hace 6 días,<1 semana,6.0,"Por eso mismo
No permítanos otro partido corrupto de los mismos de antes para salvar todo lo que hoy estamos mirando",permitano partido corrupto salvar mirar,permitanos partido corrupto salvar mirando,[],[],[],[],0,0,0,0,Por eso mismo No permítanos otro partido corrupto de los mismos de antes para salvar todo lo que hoy estamos mirando,116,39,21,5,True,False,Inician los trabajos de recuperación del Puente Belice II.,UC-ZtFBHzgkYFh7whZkuR_Ag,Gobierno de la República de Guatemala,/@GobiernodelaRepublicadeGuatema,/@GobiernodelaRepublicadeGuatema,Entertainment,Gobierno de la República de Guatemala,topic,11670,2026-08-26T21:00:47-07:00,2026-08-27 04:00:47+00:00,[],[],Inician los trabajos de recuperación del Puente Belice II.,0,https://www.youtube.com/watch?v=6W4u8sGEnGM
j43HgwYFKfk,UgyHcSyWHx2SKCg6db14AaABAg,La cooptación de Walter Mazariegos en la USAC,Quorum,UCE4rsXcgDb6e1-a9iTbWzfg,@estuardoargueta137,UCQqlPPUGqAfWjd-FSh_qn7Q,"Esa universidad se debe privatizar, es la universidad mas cara de Guatemala por estudiante egresado, es una carga tributaria innecesaria.",@quorumgt/videos,channel,quorum_complete_comments.csv | youtube_guatemala_plus_comments.csv,/@estuardoargueta137,hace 1 año, ,0,False,,@estuardoargueta137,Quorum,La cooptación de Walter Mazariegos en la USAC,@quorumgt/videos,channel,@estuardoargueta137,@estuardoargueta137,,True,0,0,False,False,hace 1 año,1 mes - 1 ano,365.25,"Esa universidad se debe privatizar, es la universidad mas cara de Guatemala por estudiante egresado, es una carga tributaria innecesaria.",universidad privatizar universidad cara guatemala estudiante egresado carga tributario innecesario,universidad privatizar universidad cara guatemala estudiante egresado carga tributaria innecesaria,[],[],[],[],0,0,0,0,"Esa universidad se debe privatizar, es la universidad mas cara de Guatemala por estudiante egresado, es una carga tributaria innecesaria.",137,98,20,10,True,False,La cooptación de Walter Mazariegos en la USAC,UCE4rsXcgDb6e1-a9iTbWzfg,Quorum,/@quorumgt,/@quorumgt,News & Politics,@quorumgt,topic,10156,2024-09-26T15:00:17-07:00,2024-09-26 22:00:17+00:00,"[""USAC"", ""Walter Mazariegos"", ""Mazariegos rector"", ""Fraude USAC"", ""Elecciones USAC"", ""Toma USAC"", ""CSU USAC"", ""Quorum GT"", ""Periodismo Guatemala"", ""Luis Cordón USAC""]","[""USAC"", ""Walter Mazariegos"", ""Mazariegos rector"", ""Fraude USAC"", ""Elecciones USAC"", ""Toma USAC"", ""CSU USAC"", ""Quorum GT"", ""Periodismo Guatemala"", ""Luis Cordón USAC""]","🚨El rector de facto de la #USAC, Walter Mazariegos, tiene una alianza que le permite controlar un presupuesto millonario, quitar a sus opositores del camino y colocar a sus allegados en puestos importantes. Más de la mitad de sus cómplices en el Consejo Superior Universitario (CSU) se han prolongado en el poder y no tienen la intención de soltarlo.

👁️ Aunque las cosas podrían cambiar…

Ayudanos compartiendo, comentando y dándole like a este video.

🔍 También podés leer el reportaje completo en este link👉🏻 https://quorum.gt/poder/captura/usac/mazariegos_csu/

📲 Seguí a Quorum en todas las redes para ver más contenido interesante de #Guatemala.

⚫️ X: https://twitter.com/QuorumGT
🟣 Instagram: https://www.instagram.com/holaquorum?igsh=a2l2MHp6dXA5aGg4
🟠 TikTok:https://www.tiktok.com/@quorumgt?_t=8q3C9YsmOiT&_r=1
🔵 Facebook: https://www.facebook.com/QuorumGT?mibextid=LQQJ4d
🟢 Canal de WhatsApp: https://whatsapp.com/channel/0029Va8IZV65PO0ul2cBdD0l",10,https://www.youtube.com/watch?v=j43HgwYFKfk
n8iP75gIpmw,UgyIX1zx3bbc9DsK8VR4AaABAg,Qué rico come tu diputado,Quorum,UCE4rsXcgDb6e1-a9iTbWzfg,@cesaraugustomoralesmonroy6907,UC8r11yOugM2NuRfitQOxLLg,"Qué tristeza que extranjeros que vinieron como policías a una institución internacional impuesta por la ""comunidad internacional"" supuestamente para combatir la impunidad, se hayan quedado como ""analistas"" y periodistas en Guatemala, comentando temas nacionales. Es la nueva conquista.",@quorumgt/videos,channel,quorum_complete_comments.csv | youtube_guatemala_plus_comments.csv,/@cesaraugustomoralesmonroy6907,hace 2 años,1,0,False,,@cesaraugustomoralesmonroy6907,Quorum,Qué rico come tu diputado,@quorumgt/videos,channel,@cesaraugustomoralesmonroy6907,@cesaraugustomoralesmonroy6907,1.0,False,1,0,False,False,hace 2 años,1 - 2 anos,730.5,"Qué tristeza que extranjeros que vinieron como policías a una institución internacional impuesta por la ""comunidad internacional"" supuestamente para combatir la impunidad, se hayan quedado como ""analistas"" y periodistas en Guatemala, comentando temas nacionales. Es la nueva conquista.",tristeza extranjero venir policia institucion internacional impuesto comunidad internacional supuestamente combatir impunidad quedado analista periodista guatemala comentar tema nacional conquista,tristeza extranjeros vinieron policias institucion internacional impuesta comunidad internacional supuestamente combatir impunidad quedado analistas periodistas guatemala comentando temas nacionales conquista,[],[],[],[],0,0,0,0,"Qué tristeza que extranjeros que vinieron como policías a una institución internacional impuesta por la ""comunidad internacional"" supuestamente para combatir la impunidad, se hayan quedado como ""analistas"" y periodistas en Guatemala, comentando temas nacionales. Es la nueva conquista.",285,196,38,20,True,False,Qué rico come tu diputado,UCE4rsXcgDb6e1-a9iTbWzfg,Quorum,/@quorumgt,/@quorumgt,News & Politics,Quorum GT,topic,11775,2024-08-27T14:09:51-07:00,2024-08-27 21:09:51+00:00,[],[],"En @ConCriteriogt hablaron hoy sobre nuestro reportaje ""Qué rico come tu diputado"", en el que contamos los almuerzos más caros pagados con fondos públicos entre enero y abril de este año.

Entrevistaron al diputado Nery Rodas, de CABAL, quien asegura que son problemas ""mínimos"".

Si no has leído el repor podés hacerlo acá https://quorum.gt/poder/comida_diputados/",0,https://www.youtube.com/watch?v=n8iP75gIpmw
PjmxCj-a9Hg,UgyIfQ-oDt0uVFZIq9d4AaABAg,Conferencia de Prensa del Gobierno de Guatemala. #LaRondaGt,Gobierno de la República de Guatemala,UC-ZtFBHzgkYFh7whZkuR_Ag,@pablobarrios7931,UCusjriFsDHEc2AOjqk-p5ig,"Guate tambien tiene gobierno PROGRE, LOS Y LAS DIPUTADAS,  JAJAJA
CIUDADANOS Y CIUDADANAS JAJAJA
CHIQUILLOS Y CHIQUILLOS JAJAJA
Los gobiernos PROGRES son los que estan llevando  a la ruina auchoa paises,  principalmente en occidente.  
Estos PROGRESS que se pongan a trabajar de manera mas activa por el Pais y no solo bla bla bla.   Se nesesita tomar.accion YA y no bla bla bla.",@GobiernodeGuatemala,topic,PjmxCj-a9Hg_out_comments.csv | youtube_guatemala_plus_comments.csv,/@pablobarrios7931,hace 1 año,2,0,False,,@pablobarrios7931,Gobierno de la República de Guatemala,Conferencia de Prensa del Gobierno de Guatemala. #LaRondaGt,@GobiernodeGuatemala,topic,@pablobarrios7931,@pablobarrios7931,2.0,False,2,0,False,False,hace 1 año,1 mes - 1 ano,365.25,"Guate tambien tiene gobierno PROGRE, LOS Y LAS DIPUTADAS,  JAJAJA
CIUDADANOS Y CIUDADANAS JAJAJA
CHIQUILLOS Y CHIQUILLOS JAJAJA
Los gobiernos PROGRES son los que estan llevando  a la ruina auchoa paises,  principalmente en occidente.  
Estos PROGRESS que se pongan a trabajar de manera mas activa por el Pais y no solo bla bla bla.   Se nesesita tomar.accion YA y no bla bla bla.",guate gobierno prograr diputada ciudadano ciudadano chiquillo chiquillo gobierno progr ruina auchoo principalmente occidente progress trabajar activo bla bla bla nesesitir tomar accion bla bla bla,guate gobierno progre diputadas ciudadanos ciudadanas chiquillos chiquillos gobiernos progres llevando ruina auchoa paises principalmente occidente progress pongan trabajar activa bla bla bla nesesita tomar accion bla bla bla,[],[],[],[],0,0,0,0,"Guate tambien tiene gobierno PROGRE, LOS Y LAS DIPUTADAS, jaja CIUDADANOS Y CIUDADANAS jaja CHIQUILLOS Y CHIQUILLOS jaja Los gobiernos PROGRES son los que estan llevando a la ruina auchoa paises, principalmente en occidente. Estos PROGRESS que se pongan a trabajar de manera mas activa por el Pais y no solo bla bla bla. Se nesesita tomar.accion YA y no bla bla bla.",379,196,63,26,True,False,Conferencia de Prensa del Gobierno de Guatemala. #LaRondaGt,UC-ZtFBHzgkYFh7whZkuR_Ag,Gobierno de la República de Guatemala,/@GobiernodelaRepublicadeGuatema,/@GobiernodelaRepublicadeGuatema,Entertainment,@GobiernodeGuatemala,topic,3628,2025-08-11T20:14:15-07:00,2025-08-12 03:14:15+00:00,[],[],Conferencia de Prensa del Gobierno de Guatemala. #LaRondaGt,0,https://www.youtube.com/watch?v=PjmxCj-a9Hg
ndAZjHqzzT8,UgyIteBIiYe7DjUN3554AaABAg,Internet: escoger el menos malo,Quorum,UCE4rsXcgDb6e1-a9iTbWzfg,@rwdm76,UCVC2QugcI1G4RvlCiUqd1aQ,EXCELENTE,@quorumgt/videos,channel,quorum_complete_comments.csv | youtube_guatemala_plus_comments.csv,/@rwdm76,hace 11 meses, ,0,False,,@rwdm76,Quorum,Internet: escoger el menos malo,@quorumgt/videos,channel,@rwdm76,@rwdm76,,True,0,0,False,False,hace 11 meses,1 mes - 1 ano,334.84,EXCELENTE,excelente,excelente,[],[],[],[],0,0,0,0,EXCELENTE,9,9,1,1,True,False,Internet: escoger el menos malo,UCE4rsXcgDb6e1-a9iTbWzfg,Quorum,/@quorumgt,/@quorumgt,News & Politics,@quorumgt/videos,channel,717,2024-05-16T18:15:07-07:00,2024-05-17 01:15:07+00:00,"[""economía"", ""principiantes"", ""ley de competencia"", ""duopolios"", ""guatemala"", ""tigo"", ""claro"", ""internet"", ""telefonía""]","[""economía"", ""principiantes"", ""ley de competencia"", ""duopolios"", ""guatemala"", ""tigo"", ""claro"", ""internet"", ""telefonía""]","📱Cuando vas a elegir un plan de internet o de llamadas te toca preguntarte ¿Cuál será el menos malo? o bien conformarte con la única de las dos compañías que tenga cobertura en tu zona.

💸 Hablamos de #LasMañasDelNegocio de las telecomunicaciones. Merecemos un buen servicio.",9,https://www.youtube.com/watch?v=ndAZjHqzzT8
lj983NWyAQY,UgyJ7QRY-X3DsJC-t-p4AaABAg,Plan 2032 Ciudad de Guatemala,Municipalidad de Guatemala,UCXa6LVjBzUtmcM3cwbd9e2w,@isaidiaz2388,UC5fvhAfm89JH8eDFdvc0xYw,Guate es Classic 👍💯,Municipalidad de Guatemala,topic,lj983NWyAQY_out_comments.csv | youtube_guatemala_plus_comments.csv,/@isaidiaz2388,hace 5 años, ,0,False,,@isaidiaz2388,Municipalidad de Guatemala,Plan 2032 Ciudad de Guatemala,Municipalidad de Guatemala,topic,@isaidiaz2388,@isaidiaz2388,,True,0,0,False,False,hace 5 años,>2 anos,1826.25,Guate es Classic 👍💯,guate classic,guate classic,[],[],[],"[""👍"", ""💯""]",0,0,0,2,Guate es Classic emoji pulgar hacia arriba emoji emoji cien puntos emoji,19,13,4,2,True,False,Plan 2032 Ciudad de Guatemala,UCXa6LVjBzUtmcM3cwbd9e2w,Municipalidad de Guatemala,/@MunicipalidaddeGuatemala-1551,/@MunicipalidaddeGuatemala-1551,News & Politics,Municipalidad de Guatemala,topic,304089,2019-02-28T18:31:10-08:00,2019-03-01 02:31:10+00:00,"[""Ricardo"", ""Quiñónez"", ""Administración"", ""Alcalde"", ""Alcaldía"", ""Alcaldías"", ""Municipalidad"", ""Municipal"", ""Muni"", ""Cumple"", ""Equipo"", ""Transparencia"", ""Servicios"", ""Servir"", ""Servidor"", ""Público"", ""Pasión"", ""Todos"", ""Somos"", ""La"", ""Ciudad"", ""Del"", ""Futuro"", ""Para"", ""Vivir"", ""Polos"", ""desarrollo"", ""pasos a desnivel"", ""movilidad urbana"", ""aerometro"", ""Transmetro"", ""metroriel"", ""Plan 2032"", ""transporte público"", ""reciclaje"", ""movilidad""]","[""Ricardo"", ""Quiñónez"", ""Administración"", ""Alcalde"", ""Alcaldía"", ""Alcaldías"", ""Municipalidad"", ""Municipal"", ""Muni"", ""Cumple"", ""Equipo"", ""Transparencia"", ""Servicios"", ""Servir"", ""Servidor"", ""Público"", ""Pasión"", ""Todos"", ""Somos"", ""La"", ""Ciudad"", ""Del"", ""Futuro"", ""Para"", ""Vivir"", ""Polos"", ""desarrollo"", ""pasos a desnivel"", ""movilidad urbana"", ""aerometro"", ""Transmetro"", ""metroriel"", ""Plan 2032"", ""transporte público"", ""reciclaje"", ""movilidad""]",La Municipalidad de Guatemala trabaja en el plan 2032 con proyectos para solventar los actuales y futuros desafíos de la Ciudad.,36,https://www.youtube.com/watch?v=lj983NWyAQY
PjmxCj-a9Hg,UgyJnStLEHxVNbAfd0p4AaABAg,Conferencia de Prensa del Gobierno de Guatemala. #LaRondaGt,Gobierno de la República de Guatemala,UC-ZtFBHzgkYFh7whZkuR_Ag,@mariavail8998,UCAV7QIjYhbDJaycQycM_0eQ,No dejen que nuestros hermanos Guatemalatecos qué esten encerrados en esse lugar pir favor 🙏 Autoridades sun  nuestros prójimos gracias señores 🙏 🙌 👏,@GobiernodeGuatemala,topic,PjmxCj-a9Hg_out_comments.csv | youtube_guatemala_plus_comments.csv,/@mariavail8998,hace 1 año,3,0,False,,@mariavail8998,Gobierno de la República de Guatemala,Conferencia de Prensa del Gobierno de Guatemala. #LaRondaGt,@GobiernodeGuatemala,topic,@mariavail8998,@mariavail8998,3.0,False,3,0,False,False,hace 1 año,1 mes - 1 ano,365.25,No dejen que nuestros hermanos Guatemalatecos qué esten encerrados en esse lugar pir favor 🙏 Autoridades sun  nuestros prójimos gracias señores 🙏 🙌 👏,dejar hermano guatemalateco encerrado esse lugar pir favor autoridad sun projir senor,dejen hermanos guatemalatecos encerrados esse lugar pir favor autoridades sun projimos senores,[],[],[],"[""🙏"", ""🙏"", ""🙌"", ""👏""]",0,0,0,4,No dejen que nuestros hermanos Guatemalatecos qué esten encerrados en esse lugar pir favor emoji manos en oración emoji Autoridades sun nuestros prójimos gracias señores emoji manos en oración emoji emoji manos levantadas celebrando emoji emoji manos aplaudiendo emoji,149,85,24,12,True,False,Conferencia de Prensa del Gobierno de Guatemala. #LaRondaGt,UC-ZtFBHzgkYFh7whZkuR_Ag,Gobierno de la República de Guatemala,/@GobiernodelaRepublicadeGuatema,/@GobiernodelaRepublicadeGuatema,Entertainment,@GobiernodeGuatemala,topic,3628,2025-08-11T20:14:15-07:00,2025-08-12 03:14:15+00:00,[],[],Conferencia de Prensa del Gobierno de Guatemala. #LaRondaGt,0,https://www.youtube.com/watch?v=PjmxCj-a9Hg
n8iP75gIpmw,UgyMRj1sNq6Xkrqepst4AaABAg,Qué rico come tu diputado,Quorum,UCE4rsXcgDb6e1-a9iTbWzfg,@EnnioAroche,UC3E9mAgP7VoAE5mZoAexl5g,"Son realmente estos diputados unos aprovechados, mientras los jubilados del igss  ,algunos reciben 300.00 quetzales al mes y no los an apoyado.",@quorumgt/videos,channel,quorum_complete_comments.csv | youtube_guatemala_plus_comments.csv,/@EnnioAroche,hace 1 año, ,0,False,,@EnnioAroche,Quorum,Qué rico come tu diputado,@quorumgt/videos,channel,@EnnioAroche,@ennioaroche,,True,0,0,False,False,hace 1 año,1 mes - 1 ano,365.25,"Son realmente estos diputados unos aprovechados, mientras los jubilados del igss  ,algunos reciben 300.00 quetzales al mes y no los an apoyado.",realmente diputado aprovechado jubilado igss recibir quetzal mes apoyado,realmente diputados aprovechados jubilados igss reciben quetzales mes apoyado,[],[],[],[],0,0,0,0,"Son realmente estos diputados unos aprovechados, mientras los jubilados del igss ,algunos reciben 300.00 quetzales al mes y no los an apoyado.",143,72,22,9,True,False,Qué rico come tu diputado,UCE4rsXcgDb6e1-a9iTbWzfg,Quorum,/@quorumgt,/@quorumgt,News & Politics,Quorum GT,topic,11775,2024-08-27T14:09:51-07:00,2024-08-27 21:09:51+00:00,[],[],"En @ConCriteriogt hablaron hoy sobre nuestro reportaje ""Qué rico come tu diputado"", en el que contamos los almuerzos más caros pagados con fondos públicos entre enero y abril de este año.

Entrevistaron al diputado Nery Rodas, de CABAL, quien asegura que son problemas ""mínimos"".

Si no has leído el repor podés hacerlo acá https://quorum.gt/poder/comida_diputados/",0,https://www.youtube.com/watch?v=n8iP75gIpmw
n8iP75gIpmw,UgyN-BmjI1Qyr5moi-x4AaABAg,Qué rico come tu diputado,Quorum,UCE4rsXcgDb6e1-a9iTbWzfg,@ernestogamboa8737,UCB5p8a5gklc80jJItP6xTHg,"Aunqué contradiga, ellos están acostumbrados a hacer esto, comiendo a costillas del pueblo,",@quorumgt/videos,channel,quorum_complete_comments.csv | youtube_guatemala_plus_comments.csv,/@ernestogamboa8737,hace 2 años,6,0,False,,@ernestogamboa8737,Quorum,Qué rico come tu diputado,@quorumgt/videos,channel,@ernestogamboa8737,@ernestogamboa8737,6.0,False,6,0,False,False,hace 2 años,1 - 2 anos,730.5,"Aunqué contradiga, ellos están acostumbrados a hacer esto, comiendo a costillas del pueblo,",contradigar acostumbrado comer costilla pueblo,contradiga acostumbrados comiendo costillas pueblo,[],[],[],[],0,0,0,0,"Aunqué contradiga, ellos están acostumbrados a hacer esto, comiendo a costillas del pueblo,",91,46,13,5,True,False,Qué rico come tu diputado,UCE4rsXcgDb6e1-a9iTbWzfg,Quorum,/@quorumgt,/@quorumgt,News & Politics,Quorum GT,topic,11775,2024-08-27T14:09:51-07:00,2024-08-27 21:09:51+00:00,[],[],"En @ConCriteriogt hablaron hoy sobre nuestro reportaje ""Qué rico come tu diputado"", en el que contamos los almuerzos más caros pagados con fondos públicos entre enero y abril de este año.

Entrevistaron al diputado Nery Rodas, de CABAL, quien asegura que son problemas ""mínimos"".

Si no has leído el repor podés hacerlo acá https://quorum.gt/poder/comida_diputados/",0,https://www.youtube.com/watch?v=n8iP75gIpmw
6W4u8sGEnGM,UgyNuIQ1W1M3g8ut6314AaABAg,Inician los trabajos de recuperación del Puente Belice II.,Gobierno de la República de Guatemala,UC-ZtFBHzgkYFh7whZkuR_Ag,@BorisTebalán,UC1NiEdJ7gk6FlDexIalWnGg,"Las verdad si ya es un hecho si el presidente se merece mucho respeto porque está haciendo en tristes 4 años ese proyecto.
MIENTRAS LOS CORRUPTOS HDP SOLO SE HAN HUEVIADO LAS MILLONADAS DE DINERO EN MAS DE 60 AÑOS NO HICIERON
 NI PURA MIERDA. 😡
Pero la gente burra aun así pienso que vamos a regresar con los corruptos hdpm a ser gobernados. 
ESPERO EQUIVOCARME",Gobierno de la República de Guatemala,topic,youtube_guatemala_plus_comments.csv | youtube_lab_targets_small_comments.csv,/@BorisTebal%C3%A1n,hace 5 días, ,0,False,,@BorisTebalán,Gobierno de la República de Guatemala,Inician los trabajos de recuperación del Puente Belice II.,Gobierno de la República de Guatemala,topic,@BorisTebalán,@boristebalan,,True,0,0,False,False,hace 5 días,<1 semana,5.0,"Las verdad si ya es un hecho si el presidente se merece mucho respeto porque está haciendo en tristes 4 años ese proyecto.
MIENTRAS LOS CORRUPTOS HDP SOLO SE HAN HUEVIADO LAS MILLONADAS DE DINERO EN MAS DE 60 AÑOS NO HICIERON
 NI PURA MIERDA. 😡
Pero la gente burra aun así pienso que vamos a regresar con los corruptos hdpm a ser gobernados. 
ESPERO EQUIVOCARME",presidente merecer respeto triste ano proyecto corrupto hdp hueviar millonada dinero anos pura mierda burra pensar regresar corrupto hdpm gobernado esperar equivocar yo,presidente merece respeto tristes anos proyecto corruptos hdp hueviado millonadas dinero anos pura mierda burra pienso regresar corruptos hdpm gobernados espero equivocarme,[],[],[],"[""😡""]",0,0,0,1,Las verdad si ya es un hecho si el presidente se merece mucho respeto porque está haciendo en tristes 4 años ese proyecto. MIENTRAS LOS CORRUPTOS HDP SOLO SE HAN HUEVIADO LAS MILLONADAS DE DINERO EN MAS DE 60 AÑOS NO HICIERON NI PURA MIERDA. emoji cara cabreada emoji Pero la gente burra aun así pienso que vamos a regresar con los corruptos hdpm a ser gobernados. ESPERO EQUIVOCARME,361,168,66,23,True,False,Inician los trabajos de recuperación del Puente Belice II.,UC-ZtFBHzgkYFh7whZkuR_Ag,Gobierno de la República de Guatemala,/@GobiernodelaRepublicadeGuatema,/@GobiernodelaRepublicadeGuatema,Entertainment,Gobierno de la República de Guatemala,topic,11670,2026-08-26T21:00:47-07:00,2026-08-27 04:00:47+00:00,[],[],Inician los trabajos de recuperación del Puente Belice II.,0,https://www.youtube.com/watch?v=6W4u8sGEnGM
yLZS3JiEBg8,UgyOyo4VyMiMOhqOkGd4AaABAg,Arroz con pollo a la MONOPOLIO,Quorum,UCE4rsXcgDb6e1-a9iTbWzfg,@miguelbran1268,UCdQAuWwyC99MB7Y02Umj26Q,"Y todo se resume en la letra pequeña, suena bonito pero no es así de fácil, vos crees realmente que Dionisio va a estar de acuerdo con dejar que otros vendan pollo y huevos, lo siento mucho pero tenes que detallar más en la letra pequeña.
Dionisio nunca va a dejar que eso pase, y si el está de acuerdo entonces perdemos los consumidores. El león no es como lo pintan.",@quorumgt/videos,channel,quorum_complete_comments.csv | youtube_guatemala_plus_comments.csv,/@miguelbran1268,hace 2 años, ,0,False,,@miguelbran1268,Quorum,Arroz con pollo a la MONOPOLIO,@quorumgt/videos,channel,@miguelbran1268,@miguelbran1268,,True,0,0,False,False,hace 2 años,1 - 2 anos,730.5,"Y todo se resume en la letra pequeña, suena bonito pero no es así de fácil, vos crees realmente que Dionisio va a estar de acuerdo con dejar que otros vendan pollo y huevos, lo siento mucho pero tenes que detallar más en la letra pequeña.
Dionisio nunca va a dejar que eso pase, y si el está de acuerdo entonces perdemos los consumidores. El león no es como lo pintan.",resumir letra pequen suen bonito facil crees realmente dionisio dejar vender pollo huevo sentir ten detallar letra pequen dionisio dejar pase perder consumidor leon pintir,resume letra pequena suena bonito facil vos crees realmente dionisio dejar vendan pollo huevos siento tenes detallar letra pequena dionisio dejar pase perdemos consumidores leon pintan,[],[],[],[],0,0,0,0,"Y todo se resume en la letra pequeña, suena bonito pero no es así de fácil, vos crees realmente que Dionisio va a estar de acuerdo con dejar que otros vendan pollo y huevos, lo siento mucho pero tenes que detallar más en la letra pequeña. Dionisio nunca va a dejar que eso pase, y si el está de acuerdo entonces perdemos los consumidores. El león no es como lo pintan.",368,171,71,25,True,False,Arroz con pollo a la MONOPOLIO,UCE4rsXcgDb6e1-a9iTbWzfg,Quorum,/@quorumgt,/@quorumgt,News & Politics,@quorumgt/videos,channel,1954,2024-05-09T19:15:12-07:00,2024-05-10 02:15:12+00:00,[],[],"🔍 En Guatemala tenemos un mercado no tan “libre” que digamos. 

💸 Unas pocas empresas dominan las diferentes industrias y en algunos sectores no hay una competencia real que favorezca al consumidor.

🎥 Hoy estrenamos #LasMañasDelMercado para hablar de la industria alimenticia y la necesidad de una #LeyDeCompetencia.",0,https://www.youtube.com/watch?v=yLZS3JiEBg8
TT4qJ5FXHYE,UgyPm-2rnRLPav43Bt14AaABAg,"I’x K’at: el primer equipo guatemalteco de pelota maya, conformado únicamente por mujeres.",Quorum,UCE4rsXcgDb6e1-a9iTbWzfg,@taniagabrielacelis8434,UCtowGNY2lnlg6O2CkwDgkLg,"¡Aplaudo y celebro su iniciativa! Desde Puebla, me enorgullece conocer un grupo femenino de Ulama 😊❤️.",@quorumgt/videos,channel,quorum_complete_comments.csv | youtube_guatemala_plus_comments.csv,/@taniagabrielacelis8434,hace 3 años,2,0,False,,@taniagabrielacelis8434,Quorum,"I’x K’at: el primer equipo guatemalteco de pelota maya, conformado únicamente por mujeres.",@quorumgt/videos,channel,@taniagabrielacelis8434,@taniagabrielacelis8434,2.0,False,2,0,False,False,hace 3 años,>2 anos,1095.75,"¡Aplaudo y celebro su iniciativa! Desde Puebla, me enorgullece conocer un grupo femenino de Ulama 😊❤️.",aplaudo celebro iniciativo puebla enorgullecer grupo femenino ulama,aplaudo celebro iniciativa puebla enorgullece grupo femenino ulama,[],[],[],"[""😊"", ""❤️""]",0,0,0,2,"¡Aplaudo y celebro su iniciativa! Desde Puebla, me enorgullece conocer un grupo femenino de Ulama emoji cara feliz con ojos sonrientes emoji emoji corazón rojo emoji .",102,67,16,8,True,False,"I’x K’at: el primer equipo guatemalteco de pelota maya, conformado únicamente por mujeres.",UCE4rsXcgDb6e1-a9iTbWzfg,Quorum,/@quorumgt,/@quorumgt,News & Politics,@quorumgt/videos,channel,1075,2022-08-03T05:53:55-07:00,2022-08-03 12:53:55+00:00,[],[],"Una joven maestra decidió romper prejuicios y formar el primer equipo femenino de pelota maya. Sin apoyo del gobierno, la práctica del deporte se convirtió en una forma de empoderamiento y de rescatar la herencia milenaria de la comunidad.",0,https://www.youtube.com/watch?v=TT4qJ5FXHYE
OkXlHx0hx-8,UgyQQbXS_Q_JYcSefap4AaABAg,EE.UU. envía a mexicanos deportados a Guatemala antes de su regreso a México | Noticias Telemundo,Noticias Telemundo,UCRwA1NUcUnwsly35ikGhp0A,@MarioCortez-o6v,UCp_dAUfv8i3LW3zWc24dLaQ,Regresaron sin nada 😂😂,guatemala noticias,topic,youtube_guatemala_comments.csv | youtube_guatemala_plus_comments.csv,/@MarioCortez-o6v,hace 1 día,1,0,False,,@MarioCortez-o6v,Noticias Telemundo,EE.UU. envía a mexicanos deportados a Guatemala antes de su regreso a México | Noticias Telemundo,guatemala noticias,topic,@MarioCortez-o6v,@mariocortez-o6v,1.0,False,1,0,False,False,hace 1 día,<1 semana,1.0,Regresaron sin nada 😂😂,regresar,regresaron,[],[],[],"[""😂"", ""😂""]",0,0,0,2,Regresaron sin nada emoji cara llorando de risa emoji emoji cara llorando de risa emoji,22,8,4,1,True,False,EE.UU. envía a mexicanos deportados a Guatemala antes de su regreso a México | Noticias Telemundo,UCRwA1NUcUnwsly35ikGhp0A,Noticias Telemundo,/@noticias,/@noticias,News & Politics,guatemala noticias,topic,14200,2026-08-30T16:38:02-07:00,2026-08-30 23:38:02+00:00,"[""telemundo noticias"", ""noticias telemundo"", ""noticias telemundo de hoy"", ""noticias"", ""noticias en vivo"", ""telemundo"", ""noticias de ultima hora"", ""noticias de hoy"", ""ee uu deporta a miles de mexicanos a traves de guatemala"", ""mexico rechaza uso de guatemala como pais puente"", ""dhs acelera expulsiones de mexicanos por guatemala"", ""polemica por ruta de deportacion de ee uu a tapachula"", ""miles de deportados mexicanos quedan varados en guatemala""]","[""telemundo noticias"", ""noticias telemundo"", ""noticias telemundo de hoy"", ""noticias"", ""noticias en vivo"", ""telemundo"", ""noticias de ultima hora"", ""noticias de hoy"", ""ee uu deporta a miles de mexicanos a traves de guatemala"", ""mexico rechaza uso de guatemala como pais puente"", ""dhs acelera expulsiones de mexicanos por guatemala"", ""polemica por ruta de deportacion de ee uu a tapachula"", ""miles de deportados mexicanos quedan varados en guatemala""]","Video oficial de Noticias Telemundo. Desde abril, casi 2,300 mexicanos han sido enviados a Guatemala, según autoridades de ese país. Al llegar a Tapachula, muchos deben buscar cómo trasladarse a sus estados de origen. DHS justifica el uso de países “puente” para acelerar las expulsiones.

Descarga nuestra App:
https://telemundo.app.link/Mtq7sTKAUtb

SUSCRÍBETE: https://bit.ly/TLMDNoticiasYT

Noticias
Noticias Telemundo es un proveedor líder de noticias para los hispanos de EE.UU. Sus galardonados espacios de noticias, transmitidos desde Telemundo Center, incluyen los noticieros diarios ""Noticias Telemundo"" con Julio Vaqueiro; ""Noticias Telemundo Fin de Semana"", ""Noticias Telemundo Mediodía"" y ""Noticias Telemundo En La Noche"". El ""Equipo Digital de Noticias Telemundo"" ofrece contenido ininterrumpido para los hispanos de EE.UU. a través de sus crecientes plataformas móviles y en línea. ""Noticias Telemundo Investiga"" produce reportes investigativos y documentales en profundidad. ""Noticias Telemundo Planeta Tierra"" ofrece información relacionada con el medio ambiente y el cambio climático. Adicionalmente, ""Noticias Telemundo"" produce galardonados especiales de noticias, documentales y eventos noticiosos como debates políticos, asambleas ciudadanas y foros.

Telemundo
Es una empresa de medios de primera categoría, líder en la industria en la producción y distribución de contenido en español de alta calidad a través de múltiples plataformas para hispanos en los Estados Unidos y alrededor del mundo. La cadena ofrece producciones dramáticas originales de Telemundo Studios – el productor #1 de contenido en español de horario estelar – así como contenido alternativo, películas de cine, especiales, noticias y eventos deportivos de primer nivel, alcanzando el 94% de los televidentes hispanos en los Estados Unidos en 210 mercados a través de 17 estaciones propias y 57 afiliadas de TV abierta. Telemundo también es propietaria de WKAQ, una estación de televisión local que sirve Puerto Rico. Telemundo es parte de NBCUniversal Telemundo Enterprises, una división de NBCUniversal, una de las compañías líderes en el mundo de los medios y entretenimiento. NBCUniversal es una subsidiaria de Comcast Corporation.

SÍGUENOS EN X: https://twitter.com/telemundonews
DANOS ME GUSTA EN FACEBOOK: https://www.facebook.com/NoticiasTelemundo

#NoticiasTelemundo #Deportaciones #Frontera 

EE.UU. envía a mexicanos deportados a Guatemala antes de su regreso a México | Noticias Telemundo
https://www.youtube.com/noticias

Noticias, Telemundo, Noticias Telemundo de hoy, Telemundo Noticias, Noticias, Telemundo, Telemundo Noticias de hoy, Noticias Telemundo de hoy en vivo, Ultima hora, Noticias de hoy, Noticias de Ultima hora",13,https://www.youtube.com/watch?v=OkXlHx0hx-8
UhL9y3KUl8E,UgyQxncw9dtHgZFgp014AaABAg,SHAI WA: la vecina queer de Casa Presidencial,Quorum,UCE4rsXcgDb6e1-a9iTbWzfg,@aditalissethevasquezrojas8039,UC_NRVt2UP88ZNTwzrZ66JSg,"Gracias por este video, que importante conocer este tipo de espacios.",@quorumgt/videos,channel,quorum_complete_comments.csv | youtube_guatemala_plus_comments.csv,/@aditalissethevasquezrojas8039,hace 3 años,2,0,False,,@aditalissethevasquezrojas8039,Quorum,SHAI WA: la vecina queer de Casa Presidencial,@quorumgt/videos,channel,@aditalissethevasquezrojas8039,@aditalissethevasquezrojas8039,2.0,False,2,0,False,False,hace 3 años,>2 anos,1095.75,"Gracias por este video, que importante conocer este tipo de espacios.",video importante tipo espacio,video importante tipo espacios,[],[],[],[],0,0,0,0,"Gracias por este video, que importante conocer este tipo de espacios.",69,29,11,4,True,False,SHAI WA: la vecina queer de Casa Presidencial,UCE4rsXcgDb6e1-a9iTbWzfg,Quorum,/@quorumgt,/@quorumgt,News & Politics,@quorumgt/videos,channel,1755,2023-02-10T12:33:59-08:00,2023-02-10 20:33:59+00:00,[],[],"El Centro Histórico de la ciudad de Guatemala conserva entre sus calles y avenidas expresiones de religiosidad, símbolos de poder político, arquitectura art déco y un lado queer que, contra todo pronóstico, desafía al conservadurismo impregnado en la sociedad. 

En la esquina de la sexta avenida y quinta calle se ubica una casa amarilla, que con los años se ha convertido en un espacio seguro para la comunidad LGBTIQ. Colinda con la Casa Presidencial, a pocos metros del Palacio Nacional de la Cultura.

Durante una noche nos sumergimos en ese epicentro de charlas, convivencias y diversión que recibe a la población diversa de Guatemala sin prejuicios.  El nombre de esta “vecina” la componen dos palabras orientales, suficientes para identificarla entre los restaurantes y lugares de ocio de la zona 1: “Shai Wa”.",0,https://www.youtube.com/watch?v=UhL9y3KUl8E
j43HgwYFKfk,UgyRmKHMG-ygpot6nY14AaABAg,La cooptación de Walter Mazariegos en la USAC,Quorum,UCE4rsXcgDb6e1-a9iTbWzfg,@Jel.Awesh.M,UCylqlpsh8ENNM1LqgQ1KbxA,"Triste la realidad de la USAC, y buen video, ojalá saque más frecuentemente.",@quorumgt,topic,j43HgwYFKfk_out_comments.csv | quorum_complete_comments.csv | youtube_guatemala_plus_comments.csv,/@Jel.Awesh.M,hace 1 año,1,0,False,,@Jel.Awesh.M,Quorum,La cooptación de Walter Mazariegos en la USAC,@quorumgt,topic,@Jel.Awesh.M,@jel.awesh.m,1.0,False,1,0,False,False,hace 1 año,1 mes - 1 ano,365.25,"Triste la realidad de la USAC, y buen video, ojalá saque más frecuentemente.",triste realidad usac video ojala sacar frecuentemente,triste realidad usac video ojala saque frecuentemente,[],[],[],[],0,0,0,0,"Triste la realidad de la USAC, y buen video, ojalá saque más frecuentemente.",76,53,13,7,True,False,La cooptación de Walter Mazariegos en la USAC,UCE4rsXcgDb6e1-a9iTbWzfg,Quorum,/@quorumgt,/@quorumgt,News & Politics,@quorumgt,topic,10156,2024-09-26T15:00:17-07:00,2024-09-26 22:00:17+00:00,"[""USAC"", ""Walter Mazariegos"", ""Mazariegos rector"", ""Fraude USAC"", ""Elecciones USAC"", ""Toma USAC"", ""CSU USAC"", ""Quorum GT"", ""Periodismo Guatemala"", ""Luis Cordón USAC""]","[""USAC"", ""Walter Mazariegos"", ""Mazariegos rector"", ""Fraude USAC"", ""Elecciones USAC"", ""Toma USAC"", ""CSU USAC"", ""Quorum GT"", ""Periodismo Guatemala"", ""Luis Cordón USAC""]","🚨El rector de facto de la #USAC, Walter Mazariegos, tiene una alianza que le permite controlar un presupuesto millonario, quitar a sus opositores del camino y colocar a sus allegados en puestos importantes. Más de la mitad de sus cómplices en el Consejo Superior Universitario (CSU) se han prolongado en el poder y no tienen la intención de soltarlo.

👁️ Aunque las cosas podrían cambiar…

Ayudanos compartiendo, comentando y dándole like a este video.

🔍 También podés leer el reportaje completo en este link👉🏻 https://quorum.gt/poder/captura/usac/mazariegos_csu/

📲 Seguí a Quorum en todas las redes para ver más contenido interesante de #Guatemala.

⚫️ X: https://twitter.com/QuorumGT
🟣 Instagram: https://www.instagram.com/holaquorum?igsh=a2l2MHp6dXA5aGg4
🟠 TikTok:https://www.tiktok.com/@quorumgt?_t=8q3C9YsmOiT&_r=1
🔵 Facebook: https://www.facebook.com/QuorumGT?mibextid=LQQJ4d
🟢 Canal de WhatsApp: https://whatsapp.com/channel/0029Va8IZV65PO0ul2cBdD0l",10,https://www.youtube.com/watch?v=j43HgwYFKfk
j43HgwYFKfk,UgyS31-ujtXB5VmjBRV4AaABAg,La cooptación de Walter Mazariegos en la USAC,Quorum,UCE4rsXcgDb6e1-a9iTbWzfg,@ligiaguerra3057,UCRvPToDkkumha7WJAfCDk1A,Que asco,@quorumgt/videos,channel,quorum_complete_comments.csv | youtube_guatemala_plus_comments.csv,/@ligiaguerra3057,hace 1 año, ,0,False,,@ligiaguerra3057,Quorum,La cooptación de Walter Mazariegos en la USAC,@quorumgt/videos,channel,@ligiaguerra3057,@ligiaguerra3057,,True,0,0,False,False,hace 1 año,1 mes - 1 ano,365.25,Que asco,asco,asco,[],[],[],[],0,0,0,0,Que asco,8,4,2,1,True,False,La cooptación de Walter Mazariegos en la USAC,UCE4rsXcgDb6e1-a9iTbWzfg,Quorum,/@quorumgt,/@quorumgt,News & Politics,@quorumgt,topic,10156,2024-09-26T15:00:17-07:00,2024-09-26 22:00:17+00:00,"[""USAC"", ""Walter Mazariegos"", ""Mazariegos rector"", ""Fraude USAC"", ""Elecciones USAC"", ""Toma USAC"", ""CSU USAC"", ""Quorum GT"", ""Periodismo Guatemala"", ""Luis Cordón USAC""]","[""USAC"", ""Walter Mazariegos"", ""Mazariegos rector"", ""Fraude USAC"", ""Elecciones USAC"", ""Toma USAC"", ""CSU USAC"", ""Quorum GT"", ""Periodismo Guatemala"", ""Luis Cordón USAC""]","🚨El rector de facto de la #USAC, Walter Mazariegos, tiene una alianza que le permite controlar un presupuesto millonario, quitar a sus opositores del camino y colocar a sus allegados en puestos importantes. Más de la mitad de sus cómplices en el Consejo Superior Universitario (CSU) se han prolongado en el poder y no tienen la intención de soltarlo.

👁️ Aunque las cosas podrían cambiar…

Ayudanos compartiendo, comentando y dándole like a este video.

🔍 También podés leer el reportaje completo en este link👉🏻 https://quorum.gt/poder/captura/usac/mazariegos_csu/

📲 Seguí a Quorum en todas las redes para ver más contenido interesante de #Guatemala.

⚫️ X: https://twitter.com/QuorumGT
🟣 Instagram: https://www.instagram.com/holaquorum?igsh=a2l2MHp6dXA5aGg4
🟠 TikTok:https://www.tiktok.com/@quorumgt?_t=8q3C9YsmOiT&_r=1
🔵 Facebook: https://www.facebook.com/QuorumGT?mibextid=LQQJ4d
🟢 Canal de WhatsApp: https://whatsapp.com/channel/0029Va8IZV65PO0ul2cBdD0l",10,https://www.youtube.com/watch?v=j43HgwYFKfk
PjmxCj-a9Hg,UgySlQlmZmrLAq5JsLx4AaABAg,Conferencia de Prensa del Gobierno de Guatemala. #LaRondaGt,Gobierno de la República de Guatemala,UC-ZtFBHzgkYFh7whZkuR_Ag,@kevinochoa3695,UCPZueDLrCS4BmTBRMA4q0fA,"Bienvenido el tren maya 🎉 como hay ineptos que se oponen a esta gran colaboración estamos hablando de desarrollo para nuestra frontera, desarrollo para el país en general acaso no saben cuantos turistas genera al año? imagínense de aquí a 10 años ya con el tren maya y todo nuestro país conectado logísticamente con trenes",@GobiernodeGuatemala,topic,PjmxCj-a9Hg_out_comments.csv | youtube_guatemala_plus_comments.csv,/@kevinochoa3695,hace 1 año,1,1,False,,@kevinochoa3695,Gobierno de la República de Guatemala,Conferencia de Prensa del Gobierno de Guatemala. #LaRondaGt,@GobiernodeGuatemala,topic,@kevinochoa3695,@kevinochoa3695,1.0,False,1,1,False,False,hace 1 año,1 mes - 1 ano,365.25,"Bienvenido el tren maya 🎉 como hay ineptos que se oponen a esta gran colaboración estamos hablando de desarrollo para nuestra frontera, desarrollo para el país en general acaso no saben cuantos turistas genera al año? imagínense de aquí a 10 años ya con el tren maya y todo nuestro país conectado logísticamente con trenes",bienvenido tren maya inepto oponer colaboracion hablar desarrollo frontera desarrollo general acaso turista generar ano imaginense anos tren maya conectado logisticamente tren,bienvenido tren maya ineptos oponen colaboracion hablando desarrollo frontera desarrollo general acaso turistas genera ano imaginense anos tren maya conectado logisticamente trenes,[],[],[],"[""🎉""]",0,0,0,1,"Bienvenido el tren maya emoji cañón de confeti emoji como hay ineptos que se oponen a esta gran colaboración estamos hablando de desarrollo para nuestra frontera, desarrollo para el país en general acaso no saben cuantos turistas genera al año? imagínense de aquí a 10 años ya con el tren maya y todo nuestro país conectado logísticamente con trenes",322,175,55,22,True,False,Conferencia de Prensa del Gobierno de Guatemala. #LaRondaGt,UC-ZtFBHzgkYFh7whZkuR_Ag,Gobierno de la República de Guatemala,/@GobiernodelaRepublicadeGuatema,/@GobiernodelaRepublicadeGuatema,Entertainment,@GobiernodeGuatemala,topic,3628,2025-08-11T20:14:15-07:00,2025-08-12 03:14:15+00:00,[],[],Conferencia de Prensa del Gobierno de Guatemala. #LaRondaGt,0,https://www.youtube.com/watch?v=PjmxCj-a9Hg
PjmxCj-a9Hg,UgySlQlmZmrLAq5JsLx4AaABAg.ALh5XYlqNufALhOuUP3UYB,Conferencia de Prensa del Gobierno de Guatemala. #LaRondaGt,Gobierno de la República de Guatemala,UC-ZtFBHzgkYFh7whZkuR_Ag,@Burgos68,UC7IMsCxfZyWN7YQo8-JYa6Q,"Me agrado lo que usted a dicho, es cierto hay muchas personas que no piensan en el desarrollo mutuo y en el lugar de hacer comentarios de felicitaciones al Gobierno por éste desarrollo solidario,  se ponen hablar estupideces.",@GobiernodeGuatemala,topic,PjmxCj-a9Hg_out_comments.csv | youtube_guatemala_plus_comments.csv,/@Burgos68,hace 1 año, ,0,False,,@Burgos68,Gobierno de la República de Guatemala,Conferencia de Prensa del Gobierno de Guatemala. #LaRondaGt,@GobiernodeGuatemala,topic,@Burgos68,@burgos68,,True,0,0,False,False,hace 1 año,1 mes - 1 ano,365.25,"Me agrado lo que usted a dicho, es cierto hay muchas personas que no piensan en el desarrollo mutuo y en el lugar de hacer comentarios de felicitaciones al Gobierno por éste desarrollo solidario,  se ponen hablar estupideces.",agrado persona pensar desarrollo mutuo lugar comentario felicitacion gobierno desarrollo solidario hablar estupidez,agrado personas piensan desarrollo mutuo lugar comentarios felicitaciones gobierno desarrollo solidario ponen hablar estupideces,[],[],[],[],0,0,0,0,"Me agrado lo que usted a dicho, es cierto hay muchas personas que no piensan en el desarrollo mutuo y en el lugar de hacer comentarios de felicitaciones al Gobierno por éste desarrollo solidario, se ponen hablar estupideces.",225,115,38,13,True,False,Conferencia de Prensa del Gobierno de Guatemala. #LaRondaGt,UC-ZtFBHzgkYFh7whZkuR_Ag,Gobierno de la República de Guatemala,/@GobiernodelaRepublicadeGuatema,/@GobiernodelaRepublicadeGuatema,Entertainment,@GobiernodeGuatemala,topic,3628,2025-08-11T20:14:15-07:00,2025-08-12 03:14:15+00:00,[],[],Conferencia de Prensa del Gobierno de Guatemala. #LaRondaGt,0,https://www.youtube.com/watch?v=PjmxCj-a9Hg
lj983NWyAQY,UgySttznhywvGXZyF-N4AaABAg,Plan 2032 Ciudad de Guatemala,Municipalidad de Guatemala,UCXa6LVjBzUtmcM3cwbd9e2w,@crislexrubi4387,UCHMQ_lDhibZ-XZ_3fo6oxwg,Muy bello Guatemala. Saludos desde Honduras,Municipalidad de Guatemala,topic,lj983NWyAQY_out_comments.csv | youtube_guatemala_plus_comments.csv,/@crislexrubi4387,hace 7 años,16,0,False,,@crislexrubi4387,Municipalidad de Guatemala,Plan 2032 Ciudad de Guatemala,Municipalidad de Guatemala,topic,@crislexrubi4387,@crislexrubi4387,16.0,False,16,0,False,False,hace 7 años,>2 anos,2556.75,Muy bello Guatemala. Saludos desde Honduras,bello guatemala saludos hondura,bello guatemala saludos honduras,[],[],[],[],0,0,0,0,Muy bello Guatemala. Saludos desde Honduras,43,31,6,4,True,False,Plan 2032 Ciudad de Guatemala,UCXa6LVjBzUtmcM3cwbd9e2w,Municipalidad de Guatemala,/@MunicipalidaddeGuatemala-1551,/@MunicipalidaddeGuatemala-1551,News & Politics,Municipalidad de Guatemala,topic,304089,2019-02-28T18:31:10-08:00,2019-03-01 02:31:10+00:00,"[""Ricardo"", ""Quiñónez"", ""Administración"", ""Alcalde"", ""Alcaldía"", ""Alcaldías"", ""Municipalidad"", ""Municipal"", ""Muni"", ""Cumple"", ""Equipo"", ""Transparencia"", ""Servicios"", ""Servir"", ""Servidor"", ""Público"", ""Pasión"", ""Todos"", ""Somos"", ""La"", ""Ciudad"", ""Del"", ""Futuro"", ""Para"", ""Vivir"", ""Polos"", ""desarrollo"", ""pasos a desnivel"", ""movilidad urbana"", ""aerometro"", ""Transmetro"", ""metroriel"", ""Plan 2032"", ""transporte público"", ""reciclaje"", ""movilidad""]","[""Ricardo"", ""Quiñónez"", ""Administración"", ""Alcalde"", ""Alcaldía"", ""Alcaldías"", ""Municipalidad"", ""Municipal"", ""Muni"", ""Cumple"", ""Equipo"", ""Transparencia"", ""Servicios"", ""Servir"", ""Servidor"", ""Público"", ""Pasión"", ""Todos"", ""Somos"", ""La"", ""Ciudad"", ""Del"", ""Futuro"", ""Para"", ""Vivir"", ""Polos"", ""desarrollo"", ""pasos a desnivel"", ""movilidad urbana"", ""aerometro"", ""Transmetro"", ""metroriel"", ""Plan 2032"", ""transporte público"", ""reciclaje"", ""movilidad""]",La Municipalidad de Guatemala trabaja en el plan 2032 con proyectos para solventar los actuales y futuros desafíos de la Ciudad.,36,https://www.youtube.com/watch?v=lj983NWyAQY
n8iP75gIpmw,UgyVLVHQ4zNBKTTDxtp4AaABAg,Qué rico come tu diputado,Quorum,UCE4rsXcgDb6e1-a9iTbWzfg,@inge_vergueta,UCpsKOkt5iWTbenzeuq7dsmQ,Que se podía esperar de ese diputado que estuvo con Manuel Baldizon es otro delincuente. La gente tiene que aprender a votar por el congreso también porque solo meten lacras en el congreso 😷😷,@quorumgt/videos,channel,quorum_complete_comments.csv | youtube_guatemala_plus_comments.csv,/@inge_vergueta,hace 2 años,1,0,False,,@inge_vergueta,Quorum,Qué rico come tu diputado,@quorumgt/videos,channel,@inge_vergueta,@inge_vergueta,1.0,False,1,0,False,False,hace 2 años,1 - 2 anos,730.5,Que se podía esperar de ese diputado que estuvo con Manuel Baldizon es otro delincuente. La gente tiene que aprender a votar por el congreso también porque solo meten lacras en el congreso 😷😷,podiar esperar diputado manuel baldizon delincuente aprender votar congreso metar lacra congreso,podia esperar diputado manuel baldizon delincuente aprender votar congreso meten lacras congreso,[],[],[],"[""😷"", ""😷""]",0,0,0,2,Que se podía esperar de ese diputado que estuvo con Manuel Baldizon es otro delincuente. La gente tiene que aprender a votar por el congreso también porque solo meten lacras en el congreso emoji cara con mascarilla médica emoji emoji cara con mascarilla médica emoji,191,96,34,12,True,False,Qué rico come tu diputado,UCE4rsXcgDb6e1-a9iTbWzfg,Quorum,/@quorumgt,/@quorumgt,News & Politics,Quorum GT,topic,11775,2024-08-27T14:09:51-07:00,2024-08-27 21:09:51+00:00,[],[],"En @ConCriteriogt hablaron hoy sobre nuestro reportaje ""Qué rico come tu diputado"", en el que contamos los almuerzos más caros pagados con fondos públicos entre enero y abril de este año.

Entrevistaron al diputado Nery Rodas, de CABAL, quien asegura que son problemas ""mínimos"".

Si no has leído el repor podés hacerlo acá https://quorum.gt/poder/comida_diputados/",0,https://www.youtube.com/watch?v=n8iP75gIpmw
j43HgwYFKfk,UgyWzgDknElvfn9oFJZ4AaABAg,La cooptación de Walter Mazariegos en la USAC,Quorum,UCE4rsXcgDb6e1-a9iTbWzfg,@lesolorzano,UC7dadZG7kkGYnsNu6td0FbA,Nubes negras sobre el CSU. Empieza a oler a democracia.,@quorumgt,topic,j43HgwYFKfk_out_comments.csv | quorum_complete_comments.csv | youtube_guatemala_plus_comments.csv,/@lesolorzano,hace 1 año,18,0,False,,@lesolorzano,Quorum,La cooptación de Walter Mazariegos en la USAC,@quorumgt,topic,@lesolorzano,@lesolorzano,18.0,False,18,0,False,False,hace 1 año,1 mes - 1 ano,365.25,Nubes negras sobre el CSU. Empieza a oler a democracia.,nube negro csu empezar oler democracia,nubes negras csu empieza oler democracia,[],[],[],[],0,0,0,0,Nubes negras sobre el CSU. Empieza a oler a democracia.,55,38,10,6,True,False,La cooptación de Walter Mazariegos en la USAC,UCE4rsXcgDb6e1-a9iTbWzfg,Quorum,/@quorumgt,/@quorumgt,News & Politics,@quorumgt,topic,10156,2024-09-26T15:00:17-07:00,2024-09-26 22:00:17+00:00,"[""USAC"", ""Walter Mazariegos"", ""Mazariegos rector"", ""Fraude USAC"", ""Elecciones USAC"", ""Toma USAC"", ""CSU USAC"", ""Quorum GT"", ""Periodismo Guatemala"", ""Luis Cordón USAC""]","[""USAC"", ""Walter Mazariegos"", ""Mazariegos rector"", ""Fraude USAC"", ""Elecciones USAC"", ""Toma USAC"", ""CSU USAC"", ""Quorum GT"", ""Periodismo Guatemala"", ""Luis Cordón USAC""]","🚨El rector de facto de la #USAC, Walter Mazariegos, tiene una alianza que le permite controlar un presupuesto millonario, quitar a sus opositores del camino y colocar a sus allegados en puestos importantes. Más de la mitad de sus cómplices en el Consejo Superior Universitario (CSU) se han prolongado en el poder y no tienen la intención de soltarlo.

👁️ Aunque las cosas podrían cambiar…

Ayudanos compartiendo, comentando y dándole like a este video.

🔍 También podés leer el reportaje completo en este link👉🏻 https://quorum.gt/poder/captura/usac/mazariegos_csu/

📲 Seguí a Quorum en todas las redes para ver más contenido interesante de #Guatemala.

⚫️ X: https://twitter.com/QuorumGT
🟣 Instagram: https://www.instagram.com/holaquorum?igsh=a2l2MHp6dXA5aGg4
🟠 TikTok:https://www.tiktok.com/@quorumgt?_t=8q3C9YsmOiT&_r=1
🔵 Facebook: https://www.facebook.com/QuorumGT?mibextid=LQQJ4d
🟢 Canal de WhatsApp: https://whatsapp.com/channel/0029Va8IZV65PO0ul2cBdD0l",10,https://www.youtube.com/watch?v=j43HgwYFKfk
n8iP75gIpmw,UgyX06qZFc3cNK6223J4AaABAg,Qué rico come tu diputado,Quorum,UCE4rsXcgDb6e1-a9iTbWzfg,@josecarrera9623,UCrJn_rbo_ENAdeqneS-RmRw,"q mira el presidente Ramos
seguir .anteniendo esos.mantenidos y mucha jente con ambre q yeben su almuerzo d su casa esos simverguenzas y no asen nada bueno por guatemala solo cobrar el finde.mes y comor",@quorumgt/videos,channel,quorum_complete_comments.csv | youtube_guatemala_plus_comments.csv,/@josecarrera9623,hace 2 años, ,0,False,,@josecarrera9623,Quorum,Qué rico come tu diputado,@quorumgt/videos,channel,@josecarrera9623,@josecarrera9623,,True,0,0,False,False,hace 2 años,1 - 2 anos,730.5,"q mira el presidente Ramos
seguir .anteniendo esos.mantenidos y mucha jente con ambre q yeben su almuerzo d su casa esos simverguenzas y no asen nada bueno por guatemala solo cobrar el finde.mes y comor",mirar presidente ramos seguir anteneir mantenido jente ambre yebir almuerzo casar simverguenza guatemala cobrar finde mes comor,mira presidente ramos seguir anteniendo mantenidos jente ambre yeben almuerzo casa simverguenzas asen guatemala cobrar finde mes comor,[],[],[],[],0,0,0,0,q mira el presidente Ramos seguir .anteniendo esos.mantenidos y mucha jente con ambre q yeben su almuerzo d su casa esos simverguenzas y no asen nada bueno por guatemala solo cobrar el finde.mes y comor,202,127,35,17,True,False,Qué rico come tu diputado,UCE4rsXcgDb6e1-a9iTbWzfg,Quorum,/@quorumgt,/@quorumgt,News & Politics,Quorum GT,topic,11775,2024-08-27T14:09:51-07:00,2024-08-27 21:09:51+00:00,[],[],"En @ConCriteriogt hablaron hoy sobre nuestro reportaje ""Qué rico come tu diputado"", en el que contamos los almuerzos más caros pagados con fondos públicos entre enero y abril de este año.

Entrevistaron al diputado Nery Rodas, de CABAL, quien asegura que son problemas ""mínimos"".

Si no has leído el repor podés hacerlo acá https://quorum.gt/poder/comida_diputados/",0,https://www.youtube.com/watch?v=n8iP75gIpmw
is3Mk5oC19g,UgyXTA5oFwzI70TKCUd4AaABAg,Capturan a ladrón que había quedado grabado mientras robaba en una parroquia de Retalhuleu,TN23 Guatemala,UCt5Dw7ePnn0AqPqRF8Xpjkw,@denilsonlopez4083,UCFFrEmn6lPYiWyElpfzTy5Q,El humano la misma 💩💩💩,guatemala noticias,topic,youtube_guatemala_comments.csv | youtube_guatemala_plus_comments.csv,/@denilsonlopez4083,hace 21 horas, ,0,False,,@denilsonlopez4083,TN23 Guatemala,Capturan a ladrón que había quedado grabado mientras robaba en una parroquia de Retalhuleu,guatemala noticias,topic,@denilsonlopez4083,@denilsonlopez4083,,True,0,0,False,False,hace 21 horas,<1 semana,0.875,El humano la misma 💩💩💩,humano,humano,[],[],[],"[""💩"", ""💩"", ""💩""]",0,0,0,3,El humano la misma emoji caca con ojos emoji emoji caca con ojos emoji emoji caca con ojos emoji,22,6,5,1,True,False,Capturan a ladrón que había quedado grabado mientras robaba en una parroquia de Retalhuleu,UCt5Dw7ePnn0AqPqRF8Xpjkw,TN23 Guatemala,/@TN23TodoNoticias,/@TN23TodoNoticias,News & Politics,guatemala noticias,topic,4616,2026-08-30T21:30:18-07:00,2026-08-31 04:30:18+00:00,"[""TN23"", ""información"", ""noticias"", ""Guatemala"", ""capturas"", ""presunto ladrón de ventilador"", ""iglesia""]","[""TN23"", ""información"", ""noticias"", ""Guatemala"", ""capturas"", ""presunto ladrón de ventilador"", ""iglesia""]",,7,https://www.youtube.com/watch?v=is3Mk5oC19g
TT4qJ5FXHYE,UgyYPJkzW5rbOUI_vcd4AaABAg,"I’x K’at: el primer equipo guatemalteco de pelota maya, conformado únicamente por mujeres.",Quorum,UCE4rsXcgDb6e1-a9iTbWzfg,@Santiago.Nolasco,UCNiMNUJvaRJb0_QLClqwVnA,Excelente iniciativa,@quorumgt/videos,channel,quorum_complete_comments.csv | youtube_guatemala_plus_comments.csv,/@Santiago.Nolasco,hace 3 años,2,0,False,,@Santiago.Nolasco,Quorum,"I’x K’at: el primer equipo guatemalteco de pelota maya, conformado únicamente por mujeres.",@quorumgt/videos,channel,@Santiago.Nolasco,@santiago.nolasco,2.0,False,2,0,False,False,hace 3 años,>2 anos,1095.75,Excelente iniciativa,excelente iniciativa,excelente iniciativa,[],[],[],[],0,0,0,0,Excelente iniciativa,20,20,2,2,True,False,"I’x K’at: el primer equipo guatemalteco de pelota maya, conformado únicamente por mujeres.",UCE4rsXcgDb6e1-a9iTbWzfg,Quorum,/@quorumgt,/@quorumgt,News & Politics,@quorumgt/videos,channel,1075,2022-08-03T05:53:55-07:00,2022-08-03 12:53:55+00:00,[],[],"Una joven maestra decidió romper prejuicios y formar el primer equipo femenino de pelota maya. Sin apoyo del gobierno, la práctica del deporte se convirtió en una forma de empoderamiento y de rescatar la herencia milenaria de la comunidad.",0,https://www.youtube.com/watch?v=TT4qJ5FXHYE
lj983NWyAQY,UgyYRHeJlfB9VF69LSp4AaABAg,Plan 2032 Ciudad de Guatemala,Municipalidad de Guatemala,UCXa6LVjBzUtmcM3cwbd9e2w,@alexandrevasquez4135,UCs_5qeqdku9tGAq22y3OcuQ,Me da mucha emoción q la ciudad de guatemala va prosperando algún día vamos hacer una de las ciudades mas famosas del mundo con alta tecnologia q china me gusta mucho este proyecto y ojalay q se cumpla..,Municipalidad de Guatemala,topic,lj983NWyAQY_out_comments.csv | youtube_guatemala_plus_comments.csv,/@alexandrevasquez4135,hace 7 años,4,0,False,,@alexandrevasquez4135,Municipalidad de Guatemala,Plan 2032 Ciudad de Guatemala,Municipalidad de Guatemala,topic,@alexandrevasquez4135,@alexandrevasquez4135,4.0,False,4,0,False,False,hace 7 años,>2 anos,2556.75,Me da mucha emoción q la ciudad de guatemala va prosperando algún día vamos hacer una de las ciudades mas famosas del mundo con alta tecnologia q china me gusta mucho este proyecto y ojalay q se cumpla..,emocion ciudad guatemala prosperar ciudad famoso mundo alto tecnologia chino gustar proyecto ojalay cumplir,emocion ciudad guatemala prosperando ciudades famosas mundo alta tecnologia china gusta proyecto ojalay cumpla,[],[],[],[],0,0,0,0,Me da mucha emoción q la ciudad de guatemala va prosperando algún día vamos hacer una de las ciudades mas famosas del mundo con alta tecnologia q china me gusta mucho este proyecto y ojalay q se cumpla..,203,107,38,14,True,False,Plan 2032 Ciudad de Guatemala,UCXa6LVjBzUtmcM3cwbd9e2w,Municipalidad de Guatemala,/@MunicipalidaddeGuatemala-1551,/@MunicipalidaddeGuatemala-1551,News & Politics,Municipalidad de Guatemala,topic,304089,2019-02-28T18:31:10-08:00,2019-03-01 02:31:10+00:00,"[""Ricardo"", ""Quiñónez"", ""Administración"", ""Alcalde"", ""Alcaldía"", ""Alcaldías"", ""Municipalidad"", ""Municipal"", ""Muni"", ""Cumple"", ""Equipo"", ""Transparencia"", ""Servicios"", ""Servir"", ""Servidor"", ""Público"", ""Pasión"", ""Todos"", ""Somos"", ""La"", ""Ciudad"", ""Del"", ""Futuro"", ""Para"", ""Vivir"", ""Polos"", ""desarrollo"", ""pasos a desnivel"", ""movilidad urbana"", ""aerometro"", ""Transmetro"", ""metroriel"", ""Plan 2032"", ""transporte público"", ""reciclaje"", ""movilidad""]","[""Ricardo"", ""Quiñónez"", ""Administración"", ""Alcalde"", ""Alcaldía"", ""Alcaldías"", ""Municipalidad"", ""Municipal"", ""Muni"", ""Cumple"", ""Equipo"", ""Transparencia"", ""Servicios"", ""Servir"", ""Servidor"", ""Público"", ""Pasión"", ""Todos"", ""Somos"", ""La"", ""Ciudad"", ""Del"", ""Futuro"", ""Para"", ""Vivir"", ""Polos"", ""desarrollo"", ""pasos a desnivel"", ""movilidad urbana"", ""aerometro"", ""Transmetro"", ""metroriel"", ""Plan 2032"", ""transporte público"", ""reciclaje"", ""movilidad""]",La Municipalidad de Guatemala trabaja en el plan 2032 con proyectos para solventar los actuales y futuros desafíos de la Ciudad.,36,https://www.youtube.com/watch?v=lj983NWyAQY
j43HgwYFKfk,UgyYaWYhDStGYWDGkb94AaABAg,La cooptación de Walter Mazariegos en la USAC,Quorum,UCE4rsXcgDb6e1-a9iTbWzfg,@lidiarodriguez3493,UCCBYcToQ2dwkd6TJh0FSyDg,"Importante información la. Usac de ser oposición se volvió servil, se va recuperar 👍",@quorumgt/videos,channel,quorum_complete_comments.csv | youtube_guatemala_plus_comments.csv,/@lidiarodriguez3493,hace 1 año, ,0,False,,@lidiarodriguez3493,Quorum,La cooptación de Walter Mazariegos en la USAC,@quorumgt/videos,channel,@lidiarodriguez3493,@lidiarodriguez3493,,True,0,0,False,False,hace 1 año,1 mes - 1 ano,365.25,"Importante información la. Usac de ser oposición se volvió servil, se va recuperar 👍",importante informacion usac oposicion volvio servil recuperar,importante informacion usac oposicion volvio servil recuperar,[],[],[],"[""👍""]",0,0,0,1,"Importante información la. Usac de ser oposición se volvió servil, se va recuperar emoji pulgar hacia arriba emoji",84,61,14,7,True,False,La cooptación de Walter Mazariegos en la USAC,UCE4rsXcgDb6e1-a9iTbWzfg,Quorum,/@quorumgt,/@quorumgt,News & Politics,@quorumgt,topic,10156,2024-09-26T15:00:17-07:00,2024-09-26 22:00:17+00:00,"[""USAC"", ""Walter Mazariegos"", ""Mazariegos rector"", ""Fraude USAC"", ""Elecciones USAC"", ""Toma USAC"", ""CSU USAC"", ""Quorum GT"", ""Periodismo Guatemala"", ""Luis Cordón USAC""]","[""USAC"", ""Walter Mazariegos"", ""Mazariegos rector"", ""Fraude USAC"", ""Elecciones USAC"", ""Toma USAC"", ""CSU USAC"", ""Quorum GT"", ""Periodismo Guatemala"", ""Luis Cordón USAC""]","🚨El rector de facto de la #USAC, Walter Mazariegos, tiene una alianza que le permite controlar un presupuesto millonario, quitar a sus opositores del camino y colocar a sus allegados en puestos importantes. Más de la mitad de sus cómplices en el Consejo Superior Universitario (CSU) se han prolongado en el poder y no tienen la intención de soltarlo.

👁️ Aunque las cosas podrían cambiar…

Ayudanos compartiendo, comentando y dándole like a este video.

🔍 También podés leer el reportaje completo en este link👉🏻 https://quorum.gt/poder/captura/usac/mazariegos_csu/

📲 Seguí a Quorum en todas las redes para ver más contenido interesante de #Guatemala.

⚫️ X: https://twitter.com/QuorumGT
🟣 Instagram: https://www.instagram.com/holaquorum?igsh=a2l2MHp6dXA5aGg4
🟠 TikTok:https://www.tiktok.com/@quorumgt?_t=8q3C9YsmOiT&_r=1
🔵 Facebook: https://www.facebook.com/QuorumGT?mibextid=LQQJ4d
🟢 Canal de WhatsApp: https://whatsapp.com/channel/0029Va8IZV65PO0ul2cBdD0l",10,https://www.youtube.com/watch?v=j43HgwYFKfk
yLZS3JiEBg8,UgyYh5BUgByoCy2qNBR4AaABAg,Arroz con pollo a la MONOPOLIO,Quorum,UCE4rsXcgDb6e1-a9iTbWzfg,@angelmartinez9523,UCxcoDvP-g2_KTZDmVZtvb3w,"En resumen son periodistas patéticos y poco profesionales. Si van a dar información, no la den a medias. 
1. Existe inflación, la cual fue más alta que los datos que están proporcionado, esto afecta a las empresas o el propósito es que ahora las empresas subsidien lo que venden? 
2. Los precios internacionales aplican cuando una empresa o persona oferta o compra en bolsas de valores. Existen diferentes calidades. 
3. Existen aranceles que pagan las importaciones al menos que vayan a ser procesados y exportados (ej. beneficio 2989), el DAI en la mayoría de casos es de 10%  más IVA de 12%, más ISR y otros. Esto va desde carros a cebolla a frijoles y arroz. 
No se quejan de todos los carros importados pero aún así las agencias venden más y está en manos de pocos grupos. 
4. Los margenes netos de las industrias mencionadas a disminuido. Expliquen porque.
5. Estas empresas siguen porque han conseguido la manera de hacerlo rentable, pero cualquiera puede producir, vender, importar o exportar. La diferencia es que no saben cómo hacerlo y no tienen el dinero (la verdadera barrera de entrada). 
6. El ingenio que hablan no está en otro país por las condiciones que mencionan, lo cual desacredita que todo lo que digan sea cierto.",@quorumgt/videos,channel,quorum_complete_comments.csv | youtube_guatemala_plus_comments.csv,/@angelmartinez9523,hace 2 años, ,0,False,,@angelmartinez9523,Quorum,Arroz con pollo a la MONOPOLIO,@quorumgt/videos,channel,@angelmartinez9523,@angelmartinez9523,,True,0,0,False,False,hace 2 años,1 - 2 anos,730.5,"En resumen son periodistas patéticos y poco profesionales. Si van a dar información, no la den a medias. 
1. Existe inflación, la cual fue más alta que los datos que están proporcionado, esto afecta a las empresas o el propósito es que ahora las empresas subsidien lo que venden? 
2. Los precios internacionales aplican cuando una empresa o persona oferta o compra en bolsas de valores. Existen diferentes calidades. 
3. Existen aranceles que pagan las importaciones al menos que vayan a ser procesados y exportados (ej. beneficio 2989), el DAI en la mayoría de casos es de 10%  más IVA de 12%, más ISR y otros. Esto va desde carros a cebolla a frijoles y arroz. 
No se quejan de todos los carros importados pero aún así las agencias venden más y está en manos de pocos grupos. 
4. Los margenes netos de las industrias mencionadas a disminuido. Expliquen porque.
5. Estas empresas siguen porque han conseguido la manera de hacerlo rentable, pero cualquiera puede producir, vender, importar o exportar. La diferencia es que no saben cómo hacerlo y no tienen el dinero (la verdadera barrera de entrada). 
6. El ingenio que hablan no está en otro país por las condiciones que mencionan, lo cual desacredita que todo lo que digan sea cierto.",resumir periodista patetico profesional informacion media inflacion alto dato proporcionado afectar empresa proposito empresa subsidien vender precio internacional aplicar empresa person oferta comprar bolsa valor calidad arancel pagar importacion procesar exportado beneficio dai mayoria caso ivo isr carro cebollo frijol arroz quejar carro importado agencia vender mano grupo margen neto industria mencionado disminuido explicar empresa seguir conseguido rentable cualquiera producir vender importar exportar diferencia dinero barrera entrada ingenio condicion mencionar desacredita digan,resumen periodistas pateticos profesionales informacion den medias inflacion alta datos proporcionado afecta empresas proposito empresas subsidien venden precios internacionales aplican empresa persona oferta compra bolsas valores calidades aranceles pagan importaciones vayan procesados exportados beneficio dai mayoria casos iva isr carros cebolla frijoles arroz quejan carros importados agencias venden manos grupos margenes netos industrias mencionadas disminuido expliquen empresas siguen conseguido rentable cualquiera producir vender importar exportar diferencia dinero barrera entrada ingenio condiciones mencionan desacredita digan,[],[],[],[],0,0,0,0,"En resumen son periodistas patéticos y poco profesionales. Si van a dar información, no la den a medias. 1. Existe inflación, la cual fue más alta que los datos que están proporcionado, esto afecta a las empresas o el propósito es que ahora las empresas subsidien lo que venden? 2. Los precios internacionales aplican cuando una empresa o persona oferta o compra en bolsas de valores. Existen diferentes calidades. 3. Existen aranceles que pagan las importaciones al menos que vayan a ser procesados y exportados (ej. beneficio 2989), el DAI en la mayoría de casos es de 10% más IVA de 12%, más ISR y otros. Esto va desde carros a cebolla a frijoles y arroz. No se quejan de todos los carros importados pero aún así las agencias venden más y está en manos de pocos grupos. 4. Los margenes netos de las industrias mencionadas a disminuido. Expliquen porque. 5. Estas empresas siguen porque han conseguido la manera de hacerlo rentable, pero cualquiera puede producir, vender, importar o exportar. La diferencia es que no saben cómo hacerlo y no tienen el dinero (la verdadera barrera de entrada). 6. El ingenio que hablan no está en otro país por las condiciones que mencionan, lo cual desacredita que todo lo que digan sea cierto.",1237,590,213,72,True,False,Arroz con pollo a la MONOPOLIO,UCE4rsXcgDb6e1-a9iTbWzfg,Quorum,/@quorumgt,/@quorumgt,News & Politics,@quorumgt/videos,channel,1954,2024-05-09T19:15:12-07:00,2024-05-10 02:15:12+00:00,[],[],"🔍 En Guatemala tenemos un mercado no tan “libre” que digamos. 

💸 Unas pocas empresas dominan las diferentes industrias y en algunos sectores no hay una competencia real que favorezca al consumidor.

🎥 Hoy estrenamos #LasMañasDelMercado para hablar de la industria alimenticia y la necesidad de una #LeyDeCompetencia.",0,https://www.youtube.com/watch?v=yLZS3JiEBg8
j43HgwYFKfk,UgyZ2zEvW_CClk8k15F4AaABAg,La cooptación de Walter Mazariegos en la USAC,Quorum,UCE4rsXcgDb6e1-a9iTbWzfg,@dinoraoroxon5771,UCW-JC6lebVmf2P1dmY_L94g,"Felicitaciones,muy buena información sobre  ese caso ni los medios informan la veracidad de todo esto,en verdad felicitaciones ojala todos los universitarios fieran como usted,sigan peleando sus derechos",@quorumgt,topic,j43HgwYFKfk_out_comments.csv | quorum_complete_comments.csv | youtube_guatemala_plus_comments.csv,/@dinoraoroxon5771,hace 4 meses, ,0,False,,@dinoraoroxon5771,Quorum,La cooptación de Walter Mazariegos en la USAC,@quorumgt,topic,@dinoraoroxon5771,@dinoraoroxon5771,,True,0,0,False,False,hace 4 meses,1 mes - 1 ano,121.76,"Felicitaciones,muy buena información sobre  ese caso ni los medios informan la veracidad de todo esto,en verdad felicitaciones ojala todos los universitarios fieran como usted,sigan peleando sus derechos",felicitacion informacion caso informar veracidad felicitacion ojalir universitario feir seguir pelear derecho,felicitaciones informacion caso medios informan veracidad felicitaciones ojala universitarios fieran sigan peleando derechos,[],[],[],[],0,0,0,0,"Felicitaciones,muy buena información sobre ese caso ni los medios informan la veracidad de todo esto,en verdad felicitaciones ojala todos los universitarios fieran como usted,sigan peleando sus derechos",203,109,27,12,True,False,La cooptación de Walter Mazariegos en la USAC,UCE4rsXcgDb6e1-a9iTbWzfg,Quorum,/@quorumgt,/@quorumgt,News & Politics,@quorumgt,topic,10156,2024-09-26T15:00:17-07:00,2024-09-26 22:00:17+00:00,"[""USAC"", ""Walter Mazariegos"", ""Mazariegos rector"", ""Fraude USAC"", ""Elecciones USAC"", ""Toma USAC"", ""CSU USAC"", ""Quorum GT"", ""Periodismo Guatemala"", ""Luis Cordón USAC""]","[""USAC"", ""Walter Mazariegos"", ""Mazariegos rector"", ""Fraude USAC"", ""Elecciones USAC"", ""Toma USAC"", ""CSU USAC"", ""Quorum GT"", ""Periodismo Guatemala"", ""Luis Cordón USAC""]","🚨El rector de facto de la #USAC, Walter Mazariegos, tiene una alianza que le permite controlar un presupuesto millonario, quitar a sus opositores del camino y colocar a sus allegados en puestos importantes. Más de la mitad de sus cómplices en el Consejo Superior Universitario (CSU) se han prolongado en el poder y no tienen la intención de soltarlo.

👁️ Aunque las cosas podrían cambiar…

Ayudanos compartiendo, comentando y dándole like a este video.

🔍 También podés leer el reportaje completo en este link👉🏻 https://quorum.gt/poder/captura/usac/mazariegos_csu/

📲 Seguí a Quorum en todas las redes para ver más contenido interesante de #Guatemala.

⚫️ X: https://twitter.com/QuorumGT
🟣 Instagram: https://www.instagram.com/holaquorum?igsh=a2l2MHp6dXA5aGg4
🟠 TikTok:https://www.tiktok.com/@quorumgt?_t=8q3C9YsmOiT&_r=1
🔵 Facebook: https://www.facebook.com/QuorumGT?mibextid=LQQJ4d
🟢 Canal de WhatsApp: https://whatsapp.com/channel/0029Va8IZV65PO0ul2cBdD0l",10,https://www.youtube.com/watch?v=j43HgwYFKfk
j43HgwYFKfk,Ugy_6i8lJAd2eVIRNjx4AaABAg,La cooptación de Walter Mazariegos en la USAC,Quorum,UCE4rsXcgDb6e1-a9iTbWzfg,@NataliaRodriguez-rx5mr,UCgJNFj5dnxXpcMvmuhZDPxA,Excelente vídeo!,@quorumgt,topic,j43HgwYFKfk_out_comments.csv | quorum_complete_comments.csv | youtube_guatemala_plus_comments.csv,/@NataliaRodriguez-rx5mr,hace 1 año,1,0,False,,@NataliaRodriguez-rx5mr,Quorum,La cooptación de Walter Mazariegos en la USAC,@quorumgt,topic,@NataliaRodriguez-rx5mr,@nataliarodriguez-rx5mr,1.0,False,1,0,False,False,hace 1 año,1 mes - 1 ano,365.25,Excelente vídeo!,excelente video,excelente video,[],[],[],[],0,0,0,0,Excelente vídeo!,16,15,2,2,True,False,La cooptación de Walter Mazariegos en la USAC,UCE4rsXcgDb6e1-a9iTbWzfg,Quorum,/@quorumgt,/@quorumgt,News & Politics,@quorumgt,topic,10156,2024-09-26T15:00:17-07:00,2024-09-26 22:00:17+00:00,"[""USAC"", ""Walter Mazariegos"", ""Mazariegos rector"", ""Fraude USAC"", ""Elecciones USAC"", ""Toma USAC"", ""CSU USAC"", ""Quorum GT"", ""Periodismo Guatemala"", ""Luis Cordón USAC""]","[""USAC"", ""Walter Mazariegos"", ""Mazariegos rector"", ""Fraude USAC"", ""Elecciones USAC"", ""Toma USAC"", ""CSU USAC"", ""Quorum GT"", ""Periodismo Guatemala"", ""Luis Cordón USAC""]","🚨El rector de facto de la #USAC, Walter Mazariegos, tiene una alianza que le permite controlar un presupuesto millonario, quitar a sus opositores del camino y colocar a sus allegados en puestos importantes. Más de la mitad de sus cómplices en el Consejo Superior Universitario (CSU) se han prolongado en el poder y no tienen la intención de soltarlo.

👁️ Aunque las cosas podrían cambiar…

Ayudanos compartiendo, comentando y dándole like a este video.

🔍 También podés leer el reportaje completo en este link👉🏻 https://quorum.gt/poder/captura/usac/mazariegos_csu/

📲 Seguí a Quorum en todas las redes para ver más contenido interesante de #Guatemala.

⚫️ X: https://twitter.com/QuorumGT
🟣 Instagram: https://www.instagram.com/holaquorum?igsh=a2l2MHp6dXA5aGg4
🟠 TikTok:https://www.tiktok.com/@quorumgt?_t=8q3C9YsmOiT&_r=1
🔵 Facebook: https://www.facebook.com/QuorumGT?mibextid=LQQJ4d
🟢 Canal de WhatsApp: https://whatsapp.com/channel/0029Va8IZV65PO0ul2cBdD0l",10,https://www.youtube.com/watch?v=j43HgwYFKfk
n8iP75gIpmw,Ugy__nsWCBggw9EzOUd4AaABAg,Qué rico come tu diputado,Quorum,UCE4rsXcgDb6e1-a9iTbWzfg,@eddymunoz9789,UCFoIAE8k82D6AV-8gjjKaNg,"Lo que sucede señor diputado es que por trabajar en favor de la población es su trabajo y se le paga por eso, no le podemos quemar cuetes por cada dis que logro, asi que si es justo que los Respetables Periodistas investiguen las anomalías, no quiera darle vuelta a la tortilla😅😅😅😅 pues usted lobdice de forma tan fantaciosa como si a usted se le debiera celebrar el que trabaja!",@quorumgt/videos,channel,quorum_complete_comments.csv | youtube_guatemala_plus_comments.csv,/@eddymunoz9789,hace 2 años,1,1,False,,@eddymunoz9789,Quorum,Qué rico come tu diputado,@quorumgt/videos,channel,@eddymunoz9789,@eddymunoz9789,1.0,False,1,1,False,False,hace 2 años,1 - 2 anos,730.5,"Lo que sucede señor diputado es que por trabajar en favor de la población es su trabajo y se le paga por eso, no le podemos quemar cuetes por cada dis que logro, asi que si es justo que los Respetables Periodistas investiguen las anomalías, no quiera darle vuelta a la tortilla😅😅😅😅 pues usted lobdice de forma tan fantaciosa como si a usted se le debiera celebrar el que trabaja!",suceder senor diputado trabajar favor poblacion trabajo pagar quemar cuet dis logro justo respetabl periodista investigar anomalia querer dar el vuelta tortilla lobdizar forma fantacios deber celebrar trabajar,sucede senor diputado trabajar favor poblacion trabajo paga quemar cuetes dis logro justo respetables periodistas investiguen anomalias quiera darle vuelta tortilla lobdice forma fantaciosa debiera celebrar trabaja,[],[],[],"[""😅"", ""😅"", ""😅"", ""😅""]",0,0,0,4,"Lo que sucede señor diputado es que por trabajar en favor de la población es su trabajo y se le paga por eso, no le podemos quemar cuetes por cada dis que logro, asi que si es justo que los Respetables Periodistas investiguen las anomalías, no quiera darle vuelta a la tortilla emoji cara sonriendo con sudor frío emoji emoji cara sonriendo con sudor frío emoji emoji cara sonriendo con sudor frío emoji pues usted lobdice de forma tan fantaciosa como si a usted se le debiera celebrar el que trabaja!",379,209,70,28,True,False,Qué rico come tu diputado,UCE4rsXcgDb6e1-a9iTbWzfg,Quorum,/@quorumgt,/@quorumgt,News & Politics,Quorum GT,topic,11775,2024-08-27T14:09:51-07:00,2024-08-27 21:09:51+00:00,[],[],"En @ConCriteriogt hablaron hoy sobre nuestro reportaje ""Qué rico come tu diputado"", en el que contamos los almuerzos más caros pagados con fondos públicos entre enero y abril de este año.

Entrevistaron al diputado Nery Rodas, de CABAL, quien asegura que son problemas ""mínimos"".

Si no has leído el repor podés hacerlo acá https://quorum.gt/poder/comida_diputados/",0,https://www.youtube.com/watch?v=n8iP75gIpmw
n8iP75gIpmw,Ugy__nsWCBggw9EzOUd4AaABAg.A7lbRpGUZoHA7nJxaD37u-,Qué rico come tu diputado,Quorum,UCE4rsXcgDb6e1-a9iTbWzfg,@HaroldoCastillo-rh9iw,UCFjudnPLoaSL1BaRuLahyHg,Cierto.,@quorumgt/videos,channel,quorum_complete_comments.csv | youtube_guatemala_plus_comments.csv,/@HaroldoCastillo-rh9iw,hace 2 años,1,0,False,,@HaroldoCastillo-rh9iw,Quorum,Qué rico come tu diputado,@quorumgt/videos,channel,@HaroldoCastillo-rh9iw,@haroldocastillo-rh9iw,1.0,False,1,0,False,False,hace 2 años,1 - 2 anos,730.5,Cierto.,,,[],[],[],[],0,0,0,0,Cierto.,7,0,1,0,True,True,Qué rico come tu diputado,UCE4rsXcgDb6e1-a9iTbWzfg,Quorum,/@quorumgt,/@quorumgt,News & Politics,Quorum GT,topic,11775,2024-08-27T14:09:51-07:00,2024-08-27 21:09:51+00:00,[],[],"En @ConCriteriogt hablaron hoy sobre nuestro reportaje ""Qué rico come tu diputado"", en el que contamos los almuerzos más caros pagados con fondos públicos entre enero y abril de este año.

Entrevistaron al diputado Nery Rodas, de CABAL, quien asegura que son problemas ""mínimos"".

Si no has leído el repor podés hacerlo acá https://quorum.gt/poder/comida_diputados/",0,https://www.youtube.com/watch?v=n8iP75gIpmw
j43HgwYFKfk,Ugy_ejYOfCK6ERWL_dt4AaABAg,La cooptación de Walter Mazariegos en la USAC,Quorum,UCE4rsXcgDb6e1-a9iTbWzfg,@FernandoGarcia-jg1fj,UCe8JZoYkX5oKUZyivHYdXhw,"Entiendo lo grave de mi alma mater, ahora decir puchica, simon ya vas no hace más cercano el mensaje aleja la gravedad de este, esta hablando con universitarios no con sus cuates, los del barrio o perdón  la mara, por esa eterna adolescencia es que nadie lo trata con seriedad",@quorumgt,topic,j43HgwYFKfk_out_comments.csv | quorum_complete_comments.csv | youtube_guatemala_plus_comments.csv,/@FernandoGarcia-jg1fj,hace 2 meses, ,0,False,,@FernandoGarcia-jg1fj,Quorum,La cooptación de Walter Mazariegos en la USAC,@quorumgt,topic,@FernandoGarcia-jg1fj,@fernandogarcia-jg1fj,,True,0,0,False,False,hace 2 meses,1 mes - 1 ano,60.88,"Entiendo lo grave de mi alma mater, ahora decir puchica, simon ya vas no hace más cercano el mensaje aleja la gravedad de este, esta hablando con universitarios no con sus cuates, los del barrio o perdón  la mara, por esa eterna adolescencia es que nadie lo trata con seriedad",entender grave alma mater puchico simon vas cercano mensaje alejar gravedad hablar universitario cuat barrio perdon mara eterno adolescencia seriedad,entiendo grave alma mater puchica simon vas cercano mensaje aleja gravedad hablando universitarios cuates barrio perdon mara eterna adolescencia seriedad,[],[],[],[],0,0,0,0,"Entiendo lo grave de mi alma mater, ahora decir puchica, simon ya vas no hace más cercano el mensaje aleja la gravedad de este, esta hablando con universitarios no con sus cuates, los del barrio o perdón la mara, por esa eterna adolescencia es que nadie lo trata con seriedad",276,149,50,20,True,False,La cooptación de Walter Mazariegos en la USAC,UCE4rsXcgDb6e1-a9iTbWzfg,Quorum,/@quorumgt,/@quorumgt,News & Politics,@quorumgt,topic,10156,2024-09-26T15:00:17-07:00,2024-09-26 22:00:17+00:00,"[""USAC"", ""Walter Mazariegos"", ""Mazariegos rector"", ""Fraude USAC"", ""Elecciones USAC"", ""Toma USAC"", ""CSU USAC"", ""Quorum GT"", ""Periodismo Guatemala"", ""Luis Cordón USAC""]","[""USAC"", ""Walter Mazariegos"", ""Mazariegos rector"", ""Fraude USAC"", ""Elecciones USAC"", ""Toma USAC"", ""CSU USAC"", ""Quorum GT"", ""Periodismo Guatemala"", ""Luis Cordón USAC""]","🚨El rector de facto de la #USAC, Walter Mazariegos, tiene una alianza que le permite controlar un presupuesto millonario, quitar a sus opositores del camino y colocar a sus allegados en puestos importantes. Más de la mitad de sus cómplices en el Consejo Superior Universitario (CSU) se han prolongado en el poder y no tienen la intención de soltarlo.

👁️ Aunque las cosas podrían cambiar…

Ayudanos compartiendo, comentando y dándole like a este video.

🔍 También podés leer el reportaje completo en este link👉🏻 https://quorum.gt/poder/captura/usac/mazariegos_csu/

📲 Seguí a Quorum en todas las redes para ver más contenido interesante de #Guatemala.

⚫️ X: https://twitter.com/QuorumGT
🟣 Instagram: https://www.instagram.com/holaquorum?igsh=a2l2MHp6dXA5aGg4
🟠 TikTok:https://www.tiktok.com/@quorumgt?_t=8q3C9YsmOiT&_r=1
🔵 Facebook: https://www.facebook.com/QuorumGT?mibextid=LQQJ4d
🟢 Canal de WhatsApp: https://whatsapp.com/channel/0029Va8IZV65PO0ul2cBdD0l",10,https://www.youtube.com/watch?v=j43HgwYFKfk
ndAZjHqzzT8,Ugy_hCCLd8GwWbnIbsd4AaABAg,Internet: escoger el menos malo,Quorum,UCE4rsXcgDb6e1-a9iTbWzfg,@cmorera21,UCnU8wO1OurAmGstDw6VGjgQ,"Excelente video, gracias por contarnos cómo son este par de empresas cuando están solitas en un pais. Y pensar que aquí en Costa Rica nos quejamos por mucho menos. Le cuento como es aquí:
Yo soy cliente de Claro en el celular y la verdad, aunque la cobertura ha mejorado mucho, aún le falta. Eso si, la velocidad de internet y claridad al llamar son excelentes y las facturas muy claras.
Tengo Tigo residencial y no me puedo quejar, la velocidad es estable y falla muy poco dónde vivo. Y eso que no vivo para nada en la capital ni una cabecera de provincia, como les decimos aquí. A veces ha pasado que hasta hay huracanes y el internet como si nada. Aquí la ley indica que un cliente de servicio celular puede cambiarse hasta 5 veces de operador/plan por año y seguir con su número, el cuál es un derecho del cliente y cuyo dueño legal es la Sutel, la superintendencia de aquí.
El 3er competidor es el estatal ICE que también tiene aún buena cuota de mercado.
Hay muchas cableras regionales aparte de las 4 grandes nacionales (Tigo, Liberty (antes Movistar), Telecable y Kolbi que es del ICE).
Claro como proveedor de tv satelital está por todo el país, pero en fibra óptica apenas en algunos distritos de San José, la capital del país. El problema para los que tenemos Tigo (único proveedor en mi barrio) es que no hay servicio de fibra, solo cobre aún, y eso que hasta el ICE ya está reemplazado sus viejas líneas de par de cobre por fibra en todo el país.
En fin, solo quería contarle cómo funciona en otro país del área.",@quorumgt/videos,channel,quorum_complete_comments.csv | youtube_guatemala_plus_comments.csv,/@cmorera21,hace 2 años, ,0,False,,@cmorera21,Quorum,Internet: escoger el menos malo,@quorumgt/videos,channel,@cmorera21,@cmorera21,,True,0,0,False,False,hace 2 años,1 - 2 anos,730.5,"Excelente video, gracias por contarnos cómo son este par de empresas cuando están solitas en un pais. Y pensar que aquí en Costa Rica nos quejamos por mucho menos. Le cuento como es aquí:
Yo soy cliente de Claro en el celular y la verdad, aunque la cobertura ha mejorado mucho, aún le falta. Eso si, la velocidad de internet y claridad al llamar son excelentes y las facturas muy claras.
Tengo Tigo residencial y no me puedo quejar, la velocidad es estable y falla muy poco dónde vivo. Y eso que no vivo para nada en la capital ni una cabecera de provincia, como les decimos aquí. A veces ha pasado que hasta hay huracanes y el internet como si nada. Aquí la ley indica que un cliente de servicio celular puede cambiarse hasta 5 veces de operador/plan por año y seguir con su número, el cuál es un derecho del cliente y cuyo dueño legal es la Sutel, la superintendencia de aquí.
El 3er competidor es el estatal ICE que también tiene aún buena cuota de mercado.
Hay muchas cableras regionales aparte de las 4 grandes nacionales (Tigo, Liberty (antes Movistar), Telecable y Kolbi que es del ICE).
Claro como proveedor de tv satelital está por todo el país, pero en fibra óptica apenas en algunos distritos de San José, la capital del país. El problema para los que tenemos Tigo (único proveedor en mi barrio) es que no hay servicio de fibra, solo cobre aún, y eso que hasta el ICE ya está reemplazado sus viejas líneas de par de cobre por fibra en todo el país.
En fin, solo quería contarle cómo funciona en otro país del área.",excelente video contarno par empresa solito pensar costa rico quejar cuento cliente celular cobertura mejorado faltar velocidad internet claridad llamar excelente factura tigo residencial quejar velocidad estable falla vivo vivo capital cabecero provincia decimos huracan internet ley indicar cliente servicio celular cambiar el operador plan ano seguir numero derecho cliente cuyo dueno legal sutel superintendenciar 3er competidor estatal ice cuota mercado cablera regional aparte nacional tigo liberty movistar telecable kolbi ice proveedor satelital fibra opticar distritos san jo el capital problema tigo unico proveedor barrio servicio fibra cobre izar reemplazado vieja line par cobre fibra querio contar el funciona areo,excelente video contarnos par empresas solitas pensar costa rica quejamos cuento cliente celular cobertura mejorado falta velocidad internet claridad llamar excelentes facturas claras tigo residencial quejar velocidad estable falla vivo vivo capital cabecera provincia decimos huracanes internet ley indica cliente servicio celular cambiarse operador plan ano seguir numero derecho cliente cuyo dueno legal sutel superintendencia 3er competidor estatal ice cuota mercado cableras regionales aparte nacionales tigo liberty movistar telecable kolbi ice proveedor satelital fibra optica distritos san jose capital problema tigo unico proveedor barrio servicio fibra cobre ice reemplazado viejas lineas par cobre fibra queria contarle funciona area,[],[],[],[],0,0,0,0,"Excelente video, gracias por contarnos cómo son este par de empresas cuando están solitas en un pais. Y pensar que aquí en Costa Rica nos quejamos por mucho menos. Le cuento como es aquí: Yo soy cliente de Claro en el celular y la verdad, aunque la cobertura ha mejorado mucho, aún le falta. Eso si, la velocidad de internet y claridad al llamar son excelentes y las facturas muy claras. Tengo Tigo residencial y no me puedo quejar, la velocidad es estable y falla muy poco dónde vivo. Y eso que no vivo para nada en la capital ni una cabecera de provincia, como les decimos aquí. A veces ha pasado que hasta hay huracanes y el internet como si nada. Aquí la ley indica que un cliente de servicio celular puede cambiarse hasta 5 veces de operador/plan por año y seguir con su número, el cuál es un derecho del cliente y cuyo dueño legal es la Sutel, la superintendencia de aquí. El 3er competidor es el estatal ICE que también tiene aún buena cuota de mercado. Hay muchas cableras regionales aparte de las 4 grandes nacionales (Tigo, Liberty (antes Movistar), Telecable y Kolbi que es del ICE). Claro como proveedor de tv satelital está por todo el país, pero en fibra óptica apenas en algunos distritos de San José, la capital del país. El problema para los que tenemos Tigo (único proveedor en mi barrio) es que no hay servicio de fibra, solo cobre aún, y eso que hasta el ICE ya está reemplazado sus viejas líneas de par de cobre por fibra en todo el país. En fin, solo quería contarle cómo funciona en otro país del área.",1525,728,282,100,True,False,Internet: escoger el menos malo,UCE4rsXcgDb6e1-a9iTbWzfg,Quorum,/@quorumgt,/@quorumgt,News & Politics,@quorumgt/videos,channel,717,2024-05-16T18:15:07-07:00,2024-05-17 01:15:07+00:00,"[""economía"", ""principiantes"", ""ley de competencia"", ""duopolios"", ""guatemala"", ""tigo"", ""claro"", ""internet"", ""telefonía""]","[""economía"", ""principiantes"", ""ley de competencia"", ""duopolios"", ""guatemala"", ""tigo"", ""claro"", ""internet"", ""telefonía""]","📱Cuando vas a elegir un plan de internet o de llamadas te toca preguntarte ¿Cuál será el menos malo? o bien conformarte con la única de las dos compañías que tenga cobertura en tu zona.

💸 Hablamos de #LasMañasDelNegocio de las telecomunicaciones. Merecemos un buen servicio.",9,https://www.youtube.com/watch?v=ndAZjHqzzT8
PjmxCj-a9Hg,Ugyav8Au2cT8yVfYgp54AaABAg,Conferencia de Prensa del Gobierno de Guatemala. #LaRondaGt,Gobierno de la República de Guatemala,UC-ZtFBHzgkYFh7whZkuR_Ag,@CarlosCortez-v5r,UCf5lnNZF7Qrtli9v4N_23WQ,Platiquen de petróleo  y del hospital de rabinal que paso,@GobiernodeGuatemala,topic,PjmxCj-a9Hg_out_comments.csv | youtube_guatemala_plus_comments.csv,/@CarlosCortez-v5r,hace 1 año, ,0,False,,@CarlosCortez-v5r,Gobierno de la República de Guatemala,Conferencia de Prensa del Gobierno de Guatemala. #LaRondaGt,@GobiernodeGuatemala,topic,@CarlosCortez-v5r,@carloscortez-v5r,,True,0,0,False,False,hace 1 año,1 mes - 1 ano,365.25,Platiquen de petróleo  y del hospital de rabinal que paso,platicar petroleo hospital rabinal paso,platiquen petroleo hospital rabinal paso,[],[],[],[],0,0,0,0,Platiquen de petróleo y del hospital de rabinal que paso,57,39,10,5,True,False,Conferencia de Prensa del Gobierno de Guatemala. #LaRondaGt,UC-ZtFBHzgkYFh7whZkuR_Ag,Gobierno de la República de Guatemala,/@GobiernodelaRepublicadeGuatema,/@GobiernodelaRepublicadeGuatema,Entertainment,@GobiernodeGuatemala,topic,3628,2025-08-11T20:14:15-07:00,2025-08-12 03:14:15+00:00,[],[],Conferencia de Prensa del Gobierno de Guatemala. #LaRondaGt,0,https://www.youtube.com/watch?v=PjmxCj-a9Hg
j43HgwYFKfk,Ugyb2uIeZGcNljNqap94AaABAg,La cooptación de Walter Mazariegos en la USAC,Quorum,UCE4rsXcgDb6e1-a9iTbWzfg,@rogeraldana4289,UCW80DaMjQlEUibC98Cot-Dg,"Que pena que estos pusilánimes muertos de hambre de poder estén llevando a la Universidad a denigrar la democracia en Guatemala empezando con sus elecciones fraudulentas. 
Pero si bien es cierto todo lo mal habido se acaba.",@quorumgt/videos,channel,quorum_complete_comments.csv | youtube_guatemala_plus_comments.csv,/@rogeraldana4289,hace 1 año, ,0,False,,@rogeraldana4289,Quorum,La cooptación de Walter Mazariegos en la USAC,@quorumgt/videos,channel,@rogeraldana4289,@rogeraldana4289,,True,0,0,False,False,hace 1 año,1 mes - 1 ano,365.25,"Que pena que estos pusilánimes muertos de hambre de poder estén llevando a la Universidad a denigrar la democracia en Guatemala empezando con sus elecciones fraudulentas. 
Pero si bien es cierto todo lo mal habido se acaba.",pena pusilanim muerto hambrir universidad denigrar democracia guatemalo empezar eleccion fraudulento acabar,pena pusilanimes muertos hambre llevando universidad denigrar democracia guatemala empezando elecciones fraudulentas acaba,[],[],[],[],0,0,0,0,Que pena que estos pusilánimes muertos de hambre de poder estén llevando a la Universidad a denigrar la democracia en Guatemala empezando con sus elecciones fraudulentas. Pero si bien es cierto todo lo mal habido se acaba.,223,107,37,12,True,False,La cooptación de Walter Mazariegos en la USAC,UCE4rsXcgDb6e1-a9iTbWzfg,Quorum,/@quorumgt,/@quorumgt,News & Politics,@quorumgt,topic,10156,2024-09-26T15:00:17-07:00,2024-09-26 22:00:17+00:00,"[""USAC"", ""Walter Mazariegos"", ""Mazariegos rector"", ""Fraude USAC"", ""Elecciones USAC"", ""Toma USAC"", ""CSU USAC"", ""Quorum GT"", ""Periodismo Guatemala"", ""Luis Cordón USAC""]","[""USAC"", ""Walter Mazariegos"", ""Mazariegos rector"", ""Fraude USAC"", ""Elecciones USAC"", ""Toma USAC"", ""CSU USAC"", ""Quorum GT"", ""Periodismo Guatemala"", ""Luis Cordón USAC""]","🚨El rector de facto de la #USAC, Walter Mazariegos, tiene una alianza que le permite controlar un presupuesto millonario, quitar a sus opositores del camino y colocar a sus allegados en puestos importantes. Más de la mitad de sus cómplices en el Consejo Superior Universitario (CSU) se han prolongado en el poder y no tienen la intención de soltarlo.

👁️ Aunque las cosas podrían cambiar…

Ayudanos compartiendo, comentando y dándole like a este video.

🔍 También podés leer el reportaje completo en este link👉🏻 https://quorum.gt/poder/captura/usac/mazariegos_csu/

📲 Seguí a Quorum en todas las redes para ver más contenido interesante de #Guatemala.

⚫️ X: https://twitter.com/QuorumGT
🟣 Instagram: https://www.instagram.com/holaquorum?igsh=a2l2MHp6dXA5aGg4
🟠 TikTok:https://www.tiktok.com/@quorumgt?_t=8q3C9YsmOiT&_r=1
🔵 Facebook: https://www.facebook.com/QuorumGT?mibextid=LQQJ4d
🟢 Canal de WhatsApp: https://whatsapp.com/channel/0029Va8IZV65PO0ul2cBdD0l",10,https://www.youtube.com/watch?v=j43HgwYFKfk
n8iP75gIpmw,UgycKHbiLBi0WcSs8sh4AaABAg,Qué rico come tu diputado,Quorum,UCE4rsXcgDb6e1-a9iTbWzfg,@raquelprado3643,UCL13XhnRzbGokEkCkEOb0-g,Nunca trabajan para el pueblo si no para si mismos,@quorumgt/videos,channel,quorum_complete_comments.csv | youtube_guatemala_plus_comments.csv,/@raquelprado3643,hace 2 años,7,0,False,,@raquelprado3643,Quorum,Qué rico come tu diputado,@quorumgt/videos,channel,@raquelprado3643,@raquelprado3643,7.0,False,7,0,False,False,hace 2 años,1 - 2 anos,730.5,Nunca trabajan para el pueblo si no para si mismos,trabajar pueblo,trabajan pueblo,[],[],[],[],0,0,0,0,Nunca trabajan para el pueblo si no para si mismos,50,15,10,2,True,False,Qué rico come tu diputado,UCE4rsXcgDb6e1-a9iTbWzfg,Quorum,/@quorumgt,/@quorumgt,News & Politics,Quorum GT,topic,11775,2024-08-27T14:09:51-07:00,2024-08-27 21:09:51+00:00,[],[],"En @ConCriteriogt hablaron hoy sobre nuestro reportaje ""Qué rico come tu diputado"", en el que contamos los almuerzos más caros pagados con fondos públicos entre enero y abril de este año.

Entrevistaron al diputado Nery Rodas, de CABAL, quien asegura que son problemas ""mínimos"".

Si no has leído el repor podés hacerlo acá https://quorum.gt/poder/comida_diputados/",0,https://www.youtube.com/watch?v=n8iP75gIpmw
j43HgwYFKfk,UgyciTatiqHr2BpFTqJ4AaABAg,La cooptación de Walter Mazariegos en la USAC,Quorum,UCE4rsXcgDb6e1-a9iTbWzfg,@laboratorio5528,UCDrmf9y9nLgFY5wnA2hTuGA,Excelente vídeo!! Sería bueno extender este video y mencionar los nombres y facultades a los representantes que ya estan ilegalmente en su cargo,@quorumgt,topic,j43HgwYFKfk_out_comments.csv | quorum_complete_comments.csv | youtube_guatemala_plus_comments.csv,/@laboratorio5528,hace 1 año (editado),1,0,False,,@laboratorio5528,Quorum,La cooptación de Walter Mazariegos en la USAC,@quorumgt,topic,@laboratorio5528,@laboratorio5528,1.0,False,1,0,False,True,hace 1 año,1 mes - 1 ano,365.25,Excelente vídeo!! Sería bueno extender este video y mencionar los nombres y facultades a los representantes que ya estan ilegalmente en su cargo,excelente video extender video mencionar nombre facultad representant ilegalmente cargo,excelente video extender video mencionar nombres facultades representantes ilegalmente cargo,[],[],[],[],0,0,0,0,Excelente vídeo!! Sería bueno extender este video y mencionar los nombres y facultades a los representantes que ya estan ilegalmente en su cargo,144,87,23,10,True,False,La cooptación de Walter Mazariegos en la USAC,UCE4rsXcgDb6e1-a9iTbWzfg,Quorum,/@quorumgt,/@quorumgt,News & Politics,@quorumgt,topic,10156,2024-09-26T15:00:17-07:00,2024-09-26 22:00:17+00:00,"[""USAC"", ""Walter Mazariegos"", ""Mazariegos rector"", ""Fraude USAC"", ""Elecciones USAC"", ""Toma USAC"", ""CSU USAC"", ""Quorum GT"", ""Periodismo Guatemala"", ""Luis Cordón USAC""]","[""USAC"", ""Walter Mazariegos"", ""Mazariegos rector"", ""Fraude USAC"", ""Elecciones USAC"", ""Toma USAC"", ""CSU USAC"", ""Quorum GT"", ""Periodismo Guatemala"", ""Luis Cordón USAC""]","🚨El rector de facto de la #USAC, Walter Mazariegos, tiene una alianza que le permite controlar un presupuesto millonario, quitar a sus opositores del camino y colocar a sus allegados en puestos importantes. Más de la mitad de sus cómplices en el Consejo Superior Universitario (CSU) se han prolongado en el poder y no tienen la intención de soltarlo.

👁️ Aunque las cosas podrían cambiar…

Ayudanos compartiendo, comentando y dándole like a este video.

🔍 También podés leer el reportaje completo en este link👉🏻 https://quorum.gt/poder/captura/usac/mazariegos_csu/

📲 Seguí a Quorum en todas las redes para ver más contenido interesante de #Guatemala.

⚫️ X: https://twitter.com/QuorumGT
🟣 Instagram: https://www.instagram.com/holaquorum?igsh=a2l2MHp6dXA5aGg4
🟠 TikTok:https://www.tiktok.com/@quorumgt?_t=8q3C9YsmOiT&_r=1
🔵 Facebook: https://www.facebook.com/QuorumGT?mibextid=LQQJ4d
🟢 Canal de WhatsApp: https://whatsapp.com/channel/0029Va8IZV65PO0ul2cBdD0l",10,https://www.youtube.com/watch?v=j43HgwYFKfk
n8iP75gIpmw,UgydkbyzemdvsBJrYxt4AaABAg,Qué rico come tu diputado,Quorum,UCE4rsXcgDb6e1-a9iTbWzfg,@JuanChang-r6k,UCTD6q1nyIe3Y7HhqjaMj72w,"Entonces, no se postulen para diputados si dicen que no alcanza el dinero",@quorumgt/videos,channel,quorum_complete_comments.csv | youtube_guatemala_plus_comments.csv,/@JuanChang-r6k,hace 2 años,8,0,False,,@JuanChang-r6k,Quorum,Qué rico come tu diputado,@quorumgt/videos,channel,@JuanChang-r6k,@juanchang-r6k,8.0,False,8,0,False,False,hace 2 años,1 - 2 anos,730.5,"Entonces, no se postulen para diputados si dicen que no alcanza el dinero",postular diputado alcanzar dinero,postulen diputados alcanza dinero,[],[],[],[],0,0,0,0,"Entonces, no se postulen para diputados si dicen que no alcanza el dinero",73,33,13,4,True,False,Qué rico come tu diputado,UCE4rsXcgDb6e1-a9iTbWzfg,Quorum,/@quorumgt,/@quorumgt,News & Politics,Quorum GT,topic,11775,2024-08-27T14:09:51-07:00,2024-08-27 21:09:51+00:00,[],[],"En @ConCriteriogt hablaron hoy sobre nuestro reportaje ""Qué rico come tu diputado"", en el que contamos los almuerzos más caros pagados con fondos públicos entre enero y abril de este año.

Entrevistaron al diputado Nery Rodas, de CABAL, quien asegura que son problemas ""mínimos"".

Si no has leído el repor podés hacerlo acá https://quorum.gt/poder/comida_diputados/",0,https://www.youtube.com/watch?v=n8iP75gIpmw
lj983NWyAQY,UgyeTw07aydjDqK4crN4AaABAg,Plan 2032 Ciudad de Guatemala,Municipalidad de Guatemala,UCXa6LVjBzUtmcM3cwbd9e2w,@jhonymanuel9891,UC0aEyakBPqcBkVJiErfSupQ,Wow una ciudad de futuro,Municipalidad de Guatemala,topic,lj983NWyAQY_out_comments.csv | youtube_guatemala_plus_comments.csv,/@jhonymanuel9891,hace 7 años,70,0,False,,@jhonymanuel9891,Municipalidad de Guatemala,Plan 2032 Ciudad de Guatemala,Municipalidad de Guatemala,topic,@jhonymanuel9891,@jhonymanuel9891,70.0,False,70,0,False,False,hace 7 años,>2 anos,2556.75,Wow una ciudad de futuro,wow ciudad futuro,wow ciudad futuro,[],[],[],[],0,0,0,0,Wow una ciudad de futuro,24,17,5,3,True,False,Plan 2032 Ciudad de Guatemala,UCXa6LVjBzUtmcM3cwbd9e2w,Municipalidad de Guatemala,/@MunicipalidaddeGuatemala-1551,/@MunicipalidaddeGuatemala-1551,News & Politics,Municipalidad de Guatemala,topic,304089,2019-02-28T18:31:10-08:00,2019-03-01 02:31:10+00:00,"[""Ricardo"", ""Quiñónez"", ""Administración"", ""Alcalde"", ""Alcaldía"", ""Alcaldías"", ""Municipalidad"", ""Municipal"", ""Muni"", ""Cumple"", ""Equipo"", ""Transparencia"", ""Servicios"", ""Servir"", ""Servidor"", ""Público"", ""Pasión"", ""Todos"", ""Somos"", ""La"", ""Ciudad"", ""Del"", ""Futuro"", ""Para"", ""Vivir"", ""Polos"", ""desarrollo"", ""pasos a desnivel"", ""movilidad urbana"", ""aerometro"", ""Transmetro"", ""metroriel"", ""Plan 2032"", ""transporte público"", ""reciclaje"", ""movilidad""]","[""Ricardo"", ""Quiñónez"", ""Administración"", ""Alcalde"", ""Alcaldía"", ""Alcaldías"", ""Municipalidad"", ""Municipal"", ""Muni"", ""Cumple"", ""Equipo"", ""Transparencia"", ""Servicios"", ""Servir"", ""Servidor"", ""Público"", ""Pasión"", ""Todos"", ""Somos"", ""La"", ""Ciudad"", ""Del"", ""Futuro"", ""Para"", ""Vivir"", ""Polos"", ""desarrollo"", ""pasos a desnivel"", ""movilidad urbana"", ""aerometro"", ""Transmetro"", ""metroriel"", ""Plan 2032"", ""transporte público"", ""reciclaje"", ""movilidad""]",La Municipalidad de Guatemala trabaja en el plan 2032 con proyectos para solventar los actuales y futuros desafíos de la Ciudad.,36,https://www.youtube.com/watch?v=lj983NWyAQY
n8iP75gIpmw,Ugyeb8_nptWKXnFXH8F4AaABAg,Qué rico come tu diputado,Quorum,UCE4rsXcgDb6e1-a9iTbWzfg,@byronpontaza,UChs3tU2BcKOT0CezykvAsGw,"Porque este programa no habla de la corrupción, de los negocios de Miguelito y Giamatei, o será que ellos les pagan",@quorumgt/videos,channel,quorum_complete_comments.csv | youtube_guatemala_plus_comments.csv,/@byronpontaza,hace 2 años,1,0,False,,@byronpontaza,Quorum,Qué rico come tu diputado,@quorumgt/videos,channel,@byronpontaza,@byronpontaza,1.0,False,1,0,False,False,hace 2 años,1 - 2 anos,730.5,"Porque este programa no habla de la corrupción, de los negocios de Miguelito y Giamatei, o será que ellos les pagan",programa corrupcion negocio miguelito giamatei pagar,programa corrupcion negocios miguelito giamatei pagan,[],[],[],[],0,0,0,0,"Porque este programa no habla de la corrupción, de los negocios de Miguelito y Giamatei, o será que ellos les pagan",115,52,21,6,True,False,Qué rico come tu diputado,UCE4rsXcgDb6e1-a9iTbWzfg,Quorum,/@quorumgt,/@quorumgt,News & Politics,Quorum GT,topic,11775,2024-08-27T14:09:51-07:00,2024-08-27 21:09:51+00:00,[],[],"En @ConCriteriogt hablaron hoy sobre nuestro reportaje ""Qué rico come tu diputado"", en el que contamos los almuerzos más caros pagados con fondos públicos entre enero y abril de este año.

Entrevistaron al diputado Nery Rodas, de CABAL, quien asegura que son problemas ""mínimos"".

Si no has leído el repor podés hacerlo acá https://quorum.gt/poder/comida_diputados/",0,https://www.youtube.com/watch?v=n8iP75gIpmw
n8iP75gIpmw,Ugyejets0FNr0Zh-VuZ4AaABAg,Qué rico come tu diputado,Quorum,UCE4rsXcgDb6e1-a9iTbWzfg,@edvinparedesherrera7632,UC650pRT-OYzny3GwOH8Cgfw,Que indignante saber como se artan estos coches y finalmente el pueblo esta ciendo dañado,@quorumgt/videos,channel,quorum_complete_comments.csv | youtube_guatemala_plus_comments.csv,/@edvinparedesherrera7632,hace 2 años,1,0,False,,@edvinparedesherrera7632,Quorum,Qué rico come tu diputado,@quorumgt/videos,channel,@edvinparedesherrera7632,@edvinparedesherrera7632,1.0,False,1,0,False,False,hace 2 años,1 - 2 anos,730.5,Que indignante saber como se artan estos coches y finalmente el pueblo esta ciendo dañado,indignante artar coche finalmente pueblo ceir danado,indignante artan coches finalmente pueblo ciendo danado,[],[],[],[],0,0,0,0,Que indignante saber como se artan estos coches y finalmente el pueblo esta ciendo dañado,89,52,15,7,True,False,Qué rico come tu diputado,UCE4rsXcgDb6e1-a9iTbWzfg,Quorum,/@quorumgt,/@quorumgt,News & Politics,Quorum GT,topic,11775,2024-08-27T14:09:51-07:00,2024-08-27 21:09:51+00:00,[],[],"En @ConCriteriogt hablaron hoy sobre nuestro reportaje ""Qué rico come tu diputado"", en el que contamos los almuerzos más caros pagados con fondos públicos entre enero y abril de este año.

Entrevistaron al diputado Nery Rodas, de CABAL, quien asegura que son problemas ""mínimos"".

Si no has leído el repor podés hacerlo acá https://quorum.gt/poder/comida_diputados/",0,https://www.youtube.com/watch?v=n8iP75gIpmw
n8iP75gIpmw,UgyfMf4MkQsDKavjbLV4AaABAg,Qué rico come tu diputado,Quorum,UCE4rsXcgDb6e1-a9iTbWzfg,@ErvinLeonardoCarreraLatín,UC9vMq1YF-e7C-VO0SHkbUTA,P..... Como no es su dinero  les vale v....,@quorumgt/videos,channel,quorum_complete_comments.csv | youtube_guatemala_plus_comments.csv,/@ErvinLeonardoCarreraLat%C3%ADn,hace 2 años, ,0,False,,@ErvinLeonardoCarreraLatín,Quorum,Qué rico come tu diputado,@quorumgt/videos,channel,@ErvinLeonardoCarreraLatín,@ervinleonardocarreralatin,,True,0,0,False,False,hace 2 años,1 - 2 anos,730.5,P..... Como no es su dinero  les vale v....,dinero valer,dinero vale,[],[],[],[],0,0,0,0,P... Como no es su dinero les vale v...,43,12,9,2,True,False,Qué rico come tu diputado,UCE4rsXcgDb6e1-a9iTbWzfg,Quorum,/@quorumgt,/@quorumgt,News & Politics,Quorum GT,topic,11775,2024-08-27T14:09:51-07:00,2024-08-27 21:09:51+00:00,[],[],"En @ConCriteriogt hablaron hoy sobre nuestro reportaje ""Qué rico come tu diputado"", en el que contamos los almuerzos más caros pagados con fondos públicos entre enero y abril de este año.

Entrevistaron al diputado Nery Rodas, de CABAL, quien asegura que son problemas ""mínimos"".

Si no has leído el repor podés hacerlo acá https://quorum.gt/poder/comida_diputados/",0,https://www.youtube.com/watch?v=n8iP75gIpmw
j43HgwYFKfk,UgyhYgz2ilvm1-T5IW94AaABAg,La cooptación de Walter Mazariegos en la USAC,Quorum,UCE4rsXcgDb6e1-a9iTbWzfg,@OmarMartinez-vv8re,UCWoAVGVqCn4xtINCMOTM4jg,"Esto es lo que los poderosos quieren esconder, sacan noticias a medias que confunden, si no acatan una orden para reinstalar a uno de sus miembros, que podemos esperar??? Entonces?? La ley es para unos y no para todos??...La San  Carlos ya no le pertenece ni representan al pueblo, "" Las ratas hacen fiesta en casa del gato""..😢",@quorumgt/videos,channel,quorum_complete_comments.csv | youtube_guatemala_plus_comments.csv,/@OmarMartinez-vv8re,hace 1 año (editado), ,0,False,,@OmarMartinez-vv8re,Quorum,La cooptación de Walter Mazariegos en la USAC,@quorumgt/videos,channel,@OmarMartinez-vv8re,@omarmartinez-vv8re,,True,0,0,False,True,hace 1 año,1 mes - 1 ano,365.25,"Esto es lo que los poderosos quieren esconder, sacan noticias a medias que confunden, si no acatan una orden para reinstalar a uno de sus miembros, que podemos esperar??? Entonces?? La ley es para unos y no para todos??...La San  Carlos ya no le pertenece ni representan al pueblo, "" Las ratas hacen fiesta en casa del gato""..😢",poderoso querer esconder sacar noticia confundir acatar orden reinstalar miembro esperar ley san carlos pertenecer representar pueblo rata fiesta casa gato,poderosos quieren esconder sacan noticias medias confunden acatan orden reinstalar miembros esperar ley san carlos pertenece representan pueblo ratas fiesta casa gato,[],[],[],"[""😢""]",0,0,0,1,"Esto es lo que los poderosos quieren esconder, sacan noticias a medias que confunden, si no acatan una orden para reinstalar a uno de sus miembros, que podemos esperar??? Entonces?? La ley es para unos y no para todos??...La San Carlos ya no le pertenece ni representan al pueblo, "" Las ratas hacen fiesta en casa del gato"".. emoji cara llorando emoji",327,155,58,21,True,False,La cooptación de Walter Mazariegos en la USAC,UCE4rsXcgDb6e1-a9iTbWzfg,Quorum,/@quorumgt,/@quorumgt,News & Politics,@quorumgt,topic,10156,2024-09-26T15:00:17-07:00,2024-09-26 22:00:17+00:00,"[""USAC"", ""Walter Mazariegos"", ""Mazariegos rector"", ""Fraude USAC"", ""Elecciones USAC"", ""Toma USAC"", ""CSU USAC"", ""Quorum GT"", ""Periodismo Guatemala"", ""Luis Cordón USAC""]","[""USAC"", ""Walter Mazariegos"", ""Mazariegos rector"", ""Fraude USAC"", ""Elecciones USAC"", ""Toma USAC"", ""CSU USAC"", ""Quorum GT"", ""Periodismo Guatemala"", ""Luis Cordón USAC""]","🚨El rector de facto de la #USAC, Walter Mazariegos, tiene una alianza que le permite controlar un presupuesto millonario, quitar a sus opositores del camino y colocar a sus allegados en puestos importantes. Más de la mitad de sus cómplices en el Consejo Superior Universitario (CSU) se han prolongado en el poder y no tienen la intención de soltarlo.

👁️ Aunque las cosas podrían cambiar…

Ayudanos compartiendo, comentando y dándole like a este video.

🔍 También podés leer el reportaje completo en este link👉🏻 https://quorum.gt/poder/captura/usac/mazariegos_csu/

📲 Seguí a Quorum en todas las redes para ver más contenido interesante de #Guatemala.

⚫️ X: https://twitter.com/QuorumGT
🟣 Instagram: https://www.instagram.com/holaquorum?igsh=a2l2MHp6dXA5aGg4
🟠 TikTok:https://www.tiktok.com/@quorumgt?_t=8q3C9YsmOiT&_r=1
🔵 Facebook: https://www.facebook.com/QuorumGT?mibextid=LQQJ4d
🟢 Canal de WhatsApp: https://whatsapp.com/channel/0029Va8IZV65PO0ul2cBdD0l",10,https://www.youtube.com/watch?v=j43HgwYFKfk
n8iP75gIpmw,UgyiGiWPuiTR2hkzmVd4AaABAg,Qué rico come tu diputado,Quorum,UCE4rsXcgDb6e1-a9iTbWzfg,@hectoroliva949,UCDPWkUX3sNNaCx-m1dV4glA,Solo giamagyey penso en grandes proyectos la coaptacion total del estado y el gran proyecto de corrupcion,@quorumgt/videos,channel,quorum_complete_comments.csv | youtube_guatemala_plus_comments.csv,/@hectoroliva949,hace 1 año, ,0,False,,@hectoroliva949,Quorum,Qué rico come tu diputado,@quorumgt/videos,channel,@hectoroliva949,@hectoroliva949,,True,0,0,False,False,hace 1 año,1 mes - 1 ano,365.25,Solo giamagyey penso en grandes proyectos la coaptacion total del estado y el gran proyecto de corrupcion,giamagyey penso proyecto coaptacion proyecto corrupcion,giamagyey penso proyectos coaptacion proyecto corrupcion,[],[],[],[],0,0,0,0,Solo giamagyey penso en grandes proyectos la coaptacion total del estado y el gran proyecto de corrupcion,105,55,17,6,True,False,Qué rico come tu diputado,UCE4rsXcgDb6e1-a9iTbWzfg,Quorum,/@quorumgt,/@quorumgt,News & Politics,Quorum GT,topic,11775,2024-08-27T14:09:51-07:00,2024-08-27 21:09:51+00:00,[],[],"En @ConCriteriogt hablaron hoy sobre nuestro reportaje ""Qué rico come tu diputado"", en el que contamos los almuerzos más caros pagados con fondos públicos entre enero y abril de este año.

Entrevistaron al diputado Nery Rodas, de CABAL, quien asegura que son problemas ""mínimos"".

Si no has leído el repor podés hacerlo acá https://quorum.gt/poder/comida_diputados/",0,https://www.youtube.com/watch?v=n8iP75gIpmw
j43HgwYFKfk,UgyiegHTZAVz8J4Ogvt4AaABAg,La cooptación de Walter Mazariegos en la USAC,Quorum,UCE4rsXcgDb6e1-a9iTbWzfg,@sergiohinestroza9709,UCsGoJEvb-cFPZ2rWoJcXzEQ,La felicito señorita; al rin hubo una valiente. Dios con usted  !!!,@quorumgt,topic,j43HgwYFKfk_out_comments.csv | quorum_complete_comments.csv | youtube_guatemala_plus_comments.csv,/@sergiohinestroza9709,hace 1 año,10,0,False,,@sergiohinestroza9709,Quorum,La cooptación de Walter Mazariegos en la USAC,@quorumgt,topic,@sergiohinestroza9709,@sergiohinestroza9709,10.0,False,10,0,False,False,hace 1 año,1 mes - 1 ano,365.25,La felicito señorita; al rin hubo una valiente. Dios con usted  !!!,felicito senoritar rin valiente dios,felicito senorita rin valiente dios,[],[],[],[],0,0,0,0,La felicito señorita; al rin hubo una valiente. Dios con usted !!!,67,36,12,5,True,False,La cooptación de Walter Mazariegos en la USAC,UCE4rsXcgDb6e1-a9iTbWzfg,Quorum,/@quorumgt,/@quorumgt,News & Politics,@quorumgt,topic,10156,2024-09-26T15:00:17-07:00,2024-09-26 22:00:17+00:00,"[""USAC"", ""Walter Mazariegos"", ""Mazariegos rector"", ""Fraude USAC"", ""Elecciones USAC"", ""Toma USAC"", ""CSU USAC"", ""Quorum GT"", ""Periodismo Guatemala"", ""Luis Cordón USAC""]","[""USAC"", ""Walter Mazariegos"", ""Mazariegos rector"", ""Fraude USAC"", ""Elecciones USAC"", ""Toma USAC"", ""CSU USAC"", ""Quorum GT"", ""Periodismo Guatemala"", ""Luis Cordón USAC""]","🚨El rector de facto de la #USAC, Walter Mazariegos, tiene una alianza que le permite controlar un presupuesto millonario, quitar a sus opositores del camino y colocar a sus allegados en puestos importantes. Más de la mitad de sus cómplices en el Consejo Superior Universitario (CSU) se han prolongado en el poder y no tienen la intención de soltarlo.

👁️ Aunque las cosas podrían cambiar…

Ayudanos compartiendo, comentando y dándole like a este video.

🔍 También podés leer el reportaje completo en este link👉🏻 https://quorum.gt/poder/captura/usac/mazariegos_csu/

📲 Seguí a Quorum en todas las redes para ver más contenido interesante de #Guatemala.

⚫️ X: https://twitter.com/QuorumGT
🟣 Instagram: https://www.instagram.com/holaquorum?igsh=a2l2MHp6dXA5aGg4
🟠 TikTok:https://www.tiktok.com/@quorumgt?_t=8q3C9YsmOiT&_r=1
🔵 Facebook: https://www.facebook.com/QuorumGT?mibextid=LQQJ4d
🟢 Canal de WhatsApp: https://whatsapp.com/channel/0029Va8IZV65PO0ul2cBdD0l",10,https://www.youtube.com/watch?v=j43HgwYFKfk
n8iP75gIpmw,UgyihMW-pXKI2cEDqWx4AaABAg,Qué rico come tu diputado,Quorum,UCE4rsXcgDb6e1-a9iTbWzfg,@MrDuenderojo,UCXXh7yg5KUFIWylTiKVEFKQ,Siguen con las mismas mañas....los diputados acostumbrados a estar de gorriones....,@quorumgt/videos,channel,quorum_complete_comments.csv | youtube_guatemala_plus_comments.csv,/@MrDuenderojo,hace 2 años,1,0,False,,@MrDuenderojo,Quorum,Qué rico come tu diputado,@quorumgt/videos,channel,@MrDuenderojo,@mrduenderojo,1.0,False,1,0,False,False,hace 2 años,1 - 2 anos,730.5,Siguen con las mismas mañas....los diputados acostumbrados a estar de gorriones....,seguir mana diputado acostumbrado gorrion,siguen manas diputados acostumbrados gorriones,[],[],[],[],0,0,0,0,Siguen con las mismas mañas...los diputados acostumbrados a estar de gorriones...,83,41,11,5,True,False,Qué rico come tu diputado,UCE4rsXcgDb6e1-a9iTbWzfg,Quorum,/@quorumgt,/@quorumgt,News & Politics,Quorum GT,topic,11775,2024-08-27T14:09:51-07:00,2024-08-27 21:09:51+00:00,[],[],"En @ConCriteriogt hablaron hoy sobre nuestro reportaje ""Qué rico come tu diputado"", en el que contamos los almuerzos más caros pagados con fondos públicos entre enero y abril de este año.

Entrevistaron al diputado Nery Rodas, de CABAL, quien asegura que son problemas ""mínimos"".

Si no has leído el repor podés hacerlo acá https://quorum.gt/poder/comida_diputados/",0,https://www.youtube.com/watch?v=n8iP75gIpmw
n8iP75gIpmw,UgyisqlInC7oBNbU95Z4AaABAg,Qué rico come tu diputado,Quorum,UCE4rsXcgDb6e1-a9iTbWzfg,@ManuelEdran,UC5H8ASmMC9WrURmzeB4ySog,Lleve su lonchera...,@quorumgt/videos,channel,quorum_complete_comments.csv | youtube_guatemala_plus_comments.csv,/@ManuelEdran,hace 2 años,1,0,False,,@ManuelEdran,Quorum,Qué rico come tu diputado,@quorumgt/videos,channel,@ManuelEdran,@manueledran,1.0,False,1,0,False,False,hace 2 años,1 - 2 anos,730.5,Lleve su lonchera...,lonchero,lleve lonchera,[],[],[],[],0,0,0,0,Lleve su lonchera...,20,8,3,1,True,False,Qué rico come tu diputado,UCE4rsXcgDb6e1-a9iTbWzfg,Quorum,/@quorumgt,/@quorumgt,News & Politics,Quorum GT,topic,11775,2024-08-27T14:09:51-07:00,2024-08-27 21:09:51+00:00,[],[],"En @ConCriteriogt hablaron hoy sobre nuestro reportaje ""Qué rico come tu diputado"", en el que contamos los almuerzos más caros pagados con fondos públicos entre enero y abril de este año.

Entrevistaron al diputado Nery Rodas, de CABAL, quien asegura que son problemas ""mínimos"".

Si no has leído el repor podés hacerlo acá https://quorum.gt/poder/comida_diputados/",0,https://www.youtube.com/watch?v=n8iP75gIpmw
n8iP75gIpmw,Ugyk3PqfIuDEuXyeb494AaABAg,Qué rico come tu diputado,Quorum,UCE4rsXcgDb6e1-a9iTbWzfg,@edgarroldan5539,UCfM3nrxtTQMY5jFx1v1J4Gg,Cabal con pisto robado c asen micos y pericos lo de productivo para el país queda muy lejos,@quorumgt/videos,channel,quorum_complete_comments.csv | youtube_guatemala_plus_comments.csv,/@edgarroldan5539,hace 1 año, ,0,False,,@edgarroldan5539,Quorum,Qué rico come tu diputado,@quorumgt/videos,channel,@edgarroldan5539,@edgarroldan5539,,True,0,0,False,False,hace 1 año,1 mes - 1 ano,365.25,Cabal con pisto robado c asen micos y pericos lo de productivo para el país queda muy lejos,cabal pisto robado mico perico productivo quedar lejos,cabal pisto robado asen micos pericos productivo queda lejos,[],[],[],[],0,0,0,0,Cabal con pisto robado c asen micos y pericos lo de productivo para el país queda muy lejos,91,54,18,8,True,False,Qué rico come tu diputado,UCE4rsXcgDb6e1-a9iTbWzfg,Quorum,/@quorumgt,/@quorumgt,News & Politics,Quorum GT,topic,11775,2024-08-27T14:09:51-07:00,2024-08-27 21:09:51+00:00,[],[],"En @ConCriteriogt hablaron hoy sobre nuestro reportaje ""Qué rico come tu diputado"", en el que contamos los almuerzos más caros pagados con fondos públicos entre enero y abril de este año.

Entrevistaron al diputado Nery Rodas, de CABAL, quien asegura que son problemas ""mínimos"".

Si no has leído el repor podés hacerlo acá https://quorum.gt/poder/comida_diputados/",0,https://www.youtube.com/watch?v=n8iP75gIpmw
n8iP75gIpmw,UgykKTDDGdoiNQIuYJd4AaABAg,Qué rico come tu diputado,Quorum,UCE4rsXcgDb6e1-a9iTbWzfg,@CARLOSSTREMS51,UCp4iw5_5SmV9VGTFSNVGOmQ,"Quien no lo conoce que lo compre, este fue mano derecha y achichincle de Baldizón en LIDER. Andaban en helicoptero pagado por los financistas que iban a cobrar con creces si llegaban al poder. Este es un Dipucaco",@quorumgt/videos,channel,quorum_complete_comments.csv | youtube_guatemala_plus_comments.csv,/@CARLOSSTREMS51,hace 2 años, ,0,False,,@CARLOSSTREMS51,Quorum,Qué rico come tu diputado,@quorumgt/videos,channel,@CARLOSSTREMS51,@carlosstrems51,,True,0,0,False,False,hace 2 años,1 - 2 anos,730.5,"Quien no lo conoce que lo compre, este fue mano derecha y achichincle de Baldizón en LIDER. Andaban en helicoptero pagado por los financistas que iban a cobrar con creces si llegaban al poder. Este es un Dipucaco",compre mano derecho achichincle baldizon lider andar helicoptero pagado financista cobrar creces llegar dipucaco,conoce compre mano derecha achichincle baldizon lider andaban helicoptero pagado financistas iban cobrar creces llegaban dipucaco,[],[],[],[],0,0,0,0,"Quien no lo conoce que lo compre, este fue mano derecha y achichincle de Baldizón en LIDER. Andaban en helicoptero pagado por los financistas que iban a cobrar con creces si llegaban al poder. Este es un Dipucaco",212,112,38,14,True,False,Qué rico come tu diputado,UCE4rsXcgDb6e1-a9iTbWzfg,Quorum,/@quorumgt,/@quorumgt,News & Politics,Quorum GT,topic,11775,2024-08-27T14:09:51-07:00,2024-08-27 21:09:51+00:00,[],[],"En @ConCriteriogt hablaron hoy sobre nuestro reportaje ""Qué rico come tu diputado"", en el que contamos los almuerzos más caros pagados con fondos públicos entre enero y abril de este año.

Entrevistaron al diputado Nery Rodas, de CABAL, quien asegura que son problemas ""mínimos"".

Si no has leído el repor podés hacerlo acá https://quorum.gt/poder/comida_diputados/",0,https://www.youtube.com/watch?v=n8iP75gIpmw
lj983NWyAQY,UgymHCpILRINq5oT_7B4AaABAg,Plan 2032 Ciudad de Guatemala,Municipalidad de Guatemala,UCXa6LVjBzUtmcM3cwbd9e2w,@JoseReyes-rn6sh,UCIp19h9igblA2YKfSLPDAug,"FORTALEZCAMOS A NUESTRA BELLÍSIMA GUATEMALA


GUATEMALTECOS Y GUATEMALTECAS UNIDOS


ESTAN CONMIGO?",Municipalidad de Guatemala,topic,lj983NWyAQY_out_comments.csv | youtube_guatemala_plus_comments.csv,/@JoseReyes-rn6sh,hace 6 años,14,1,False,,@JoseReyes-rn6sh,Municipalidad de Guatemala,Plan 2032 Ciudad de Guatemala,Municipalidad de Guatemala,topic,@JoseReyes-rn6sh,@josereyes-rn6sh,14.0,False,14,1,False,False,hace 6 años,>2 anos,2191.5,"FORTALEZCAMOS A NUESTRA BELLÍSIMA GUATEMALA


GUATEMALTECOS Y GUATEMALTECAS UNIDOS


ESTAN CONMIGO?",fortalezcamos bellisimo guatemala guatemalteco guatemalteco unido,fortalezcamos bellisima guatemala guatemaltecos guatemaltecas unidos,[],[],[],[],0,0,0,0,FORTALEZCAMOS A NUESTRA BELLÍSIMA GUATEMALA GUATEMALTECOS Y GUATEMALTECAS UNIDOS ESTAN CONMIGO?,99,65,11,6,True,False,Plan 2032 Ciudad de Guatemala,UCXa6LVjBzUtmcM3cwbd9e2w,Municipalidad de Guatemala,/@MunicipalidaddeGuatemala-1551,/@MunicipalidaddeGuatemala-1551,News & Politics,Municipalidad de Guatemala,topic,304089,2019-02-28T18:31:10-08:00,2019-03-01 02:31:10+00:00,"[""Ricardo"", ""Quiñónez"", ""Administración"", ""Alcalde"", ""Alcaldía"", ""Alcaldías"", ""Municipalidad"", ""Municipal"", ""Muni"", ""Cumple"", ""Equipo"", ""Transparencia"", ""Servicios"", ""Servir"", ""Servidor"", ""Público"", ""Pasión"", ""Todos"", ""Somos"", ""La"", ""Ciudad"", ""Del"", ""Futuro"", ""Para"", ""Vivir"", ""Polos"", ""desarrollo"", ""pasos a desnivel"", ""movilidad urbana"", ""aerometro"", ""Transmetro"", ""metroriel"", ""Plan 2032"", ""transporte público"", ""reciclaje"", ""movilidad""]","[""Ricardo"", ""Quiñónez"", ""Administración"", ""Alcalde"", ""Alcaldía"", ""Alcaldías"", ""Municipalidad"", ""Municipal"", ""Muni"", ""Cumple"", ""Equipo"", ""Transparencia"", ""Servicios"", ""Servir"", ""Servidor"", ""Público"", ""Pasión"", ""Todos"", ""Somos"", ""La"", ""Ciudad"", ""Del"", ""Futuro"", ""Para"", ""Vivir"", ""Polos"", ""desarrollo"", ""pasos a desnivel"", ""movilidad urbana"", ""aerometro"", ""Transmetro"", ""metroriel"", ""Plan 2032"", ""transporte público"", ""reciclaje"", ""movilidad""]",La Municipalidad de Guatemala trabaja en el plan 2032 con proyectos para solventar los actuales y futuros desafíos de la Ciudad.,36,https://www.youtube.com/watch?v=lj983NWyAQY
n8iP75gIpmw,UgymHZwhYtsW9EYkxdl4AaABAg,Qué rico come tu diputado,Quorum,UCE4rsXcgDb6e1-a9iTbWzfg,@nestormendez6216,UCQtICyzWmhC5woCtbNgaSmg,"Nery Rodas entienda. los fondos públicos no son para pagar comida de nadie. En lo privado ok. Es para generar negocios.
En lo público paguen de su sueldo. Punto.",@quorumgt/videos,channel,quorum_complete_comments.csv | youtube_guatemala_plus_comments.csv,/@nestormendez6216,hace 2 años,5,0,False,,@nestormendez6216,Quorum,Qué rico come tu diputado,@quorumgt/videos,channel,@nestormendez6216,@nestormendez6216,5.0,False,5,0,False,False,hace 2 años,1 - 2 anos,730.5,"Nery Rodas entienda. los fondos públicos no son para pagar comida de nadie. En lo privado ok. Es para generar negocios.
En lo público paguen de su sueldo. Punto.",nery roda entender fondo publico pagar comida privado generar negocio publico pagar sueldo punto,nery rodas entienda fondos publicos pagar comida privado generar negocios publico paguen sueldo punto,[],[],[],[],0,0,0,0,Nery Rodas entienda. los fondos públicos no son para pagar comida de nadie. En lo privado ok. Es para generar negocios. En lo público paguen de su sueldo. Punto.,161,96,29,14,True,False,Qué rico come tu diputado,UCE4rsXcgDb6e1-a9iTbWzfg,Quorum,/@quorumgt,/@quorumgt,News & Politics,Quorum GT,topic,11775,2024-08-27T14:09:51-07:00,2024-08-27 21:09:51+00:00,[],[],"En @ConCriteriogt hablaron hoy sobre nuestro reportaje ""Qué rico come tu diputado"", en el que contamos los almuerzos más caros pagados con fondos públicos entre enero y abril de este año.

Entrevistaron al diputado Nery Rodas, de CABAL, quien asegura que son problemas ""mínimos"".

Si no has leído el repor podés hacerlo acá https://quorum.gt/poder/comida_diputados/",0,https://www.youtube.com/watch?v=n8iP75gIpmw
n8iP75gIpmw,Ugynh0Cq17X889qHS0J4AaABAg,Qué rico come tu diputado,Quorum,UCE4rsXcgDb6e1-a9iTbWzfg,@mariasamo8637,UCwha8rxULYMVtNwZWeSkE1A,No sé si todos los del Cabal son corruptos; pero Nery Rodas es un descarado corrupto.,@quorumgt/videos,channel,quorum_complete_comments.csv | youtube_guatemala_plus_comments.csv,/@mariasamo8637,hace 1 año, ,0,False,,@mariasamo8637,Quorum,Qué rico come tu diputado,@quorumgt/videos,channel,@mariasamo8637,@mariasamo8637,,True,0,0,False,False,hace 1 año,1 mes - 1 ano,365.25,No sé si todos los del Cabal son corruptos; pero Nery Rodas es un descarado corrupto.,cabal corrupto nery roda descarar corrupto,cabal corruptos nery rodas descarado corrupto,[],[],[],[],0,0,0,0,No sé si todos los del Cabal son corruptos; pero Nery Rodas es un descarado corrupto.,85,42,16,6,True,False,Qué rico come tu diputado,UCE4rsXcgDb6e1-a9iTbWzfg,Quorum,/@quorumgt,/@quorumgt,News & Politics,Quorum GT,topic,11775,2024-08-27T14:09:51-07:00,2024-08-27 21:09:51+00:00,[],[],"En @ConCriteriogt hablaron hoy sobre nuestro reportaje ""Qué rico come tu diputado"", en el que contamos los almuerzos más caros pagados con fondos públicos entre enero y abril de este año.

Entrevistaron al diputado Nery Rodas, de CABAL, quien asegura que son problemas ""mínimos"".

Si no has leído el repor podés hacerlo acá https://quorum.gt/poder/comida_diputados/",0,https://www.youtube.com/watch?v=n8iP75gIpmw
j43HgwYFKfk,UgyoRKhs1yP8oKoD3uh4AaABAg,La cooptación de Walter Mazariegos en la USAC,Quorum,UCE4rsXcgDb6e1-a9iTbWzfg,@Jel.Awesh.M,UCylqlpsh8ENNM1LqgQ1KbxA,Fuera Mazarriegos,@quorumgt,topic,j43HgwYFKfk_out_comments.csv | quorum_complete_comments.csv | youtube_guatemala_plus_comments.csv,/@Jel.Awesh.M,hace 4 meses, ,0,False,,@Jel.Awesh.M,Quorum,La cooptación de Walter Mazariegos en la USAC,@quorumgt,topic,@Jel.Awesh.M,@jel.awesh.m,,True,0,0,False,False,hace 4 meses,1 mes - 1 ano,121.76,Fuera Mazarriegos,mazarriego,mazarriegos,[],[],[],[],0,0,0,0,Fuera Mazarriegos,17,10,2,1,True,False,La cooptación de Walter Mazariegos en la USAC,UCE4rsXcgDb6e1-a9iTbWzfg,Quorum,/@quorumgt,/@quorumgt,News & Politics,@quorumgt,topic,10156,2024-09-26T15:00:17-07:00,2024-09-26 22:00:17+00:00,"[""USAC"", ""Walter Mazariegos"", ""Mazariegos rector"", ""Fraude USAC"", ""Elecciones USAC"", ""Toma USAC"", ""CSU USAC"", ""Quorum GT"", ""Periodismo Guatemala"", ""Luis Cordón USAC""]","[""USAC"", ""Walter Mazariegos"", ""Mazariegos rector"", ""Fraude USAC"", ""Elecciones USAC"", ""Toma USAC"", ""CSU USAC"", ""Quorum GT"", ""Periodismo Guatemala"", ""Luis Cordón USAC""]","🚨El rector de facto de la #USAC, Walter Mazariegos, tiene una alianza que le permite controlar un presupuesto millonario, quitar a sus opositores del camino y colocar a sus allegados en puestos importantes. Más de la mitad de sus cómplices en el Consejo Superior Universitario (CSU) se han prolongado en el poder y no tienen la intención de soltarlo.

👁️ Aunque las cosas podrían cambiar…

Ayudanos compartiendo, comentando y dándole like a este video.

🔍 También podés leer el reportaje completo en este link👉🏻 https://quorum.gt/poder/captura/usac/mazariegos_csu/

📲 Seguí a Quorum en todas las redes para ver más contenido interesante de #Guatemala.

⚫️ X: https://twitter.com/QuorumGT
🟣 Instagram: https://www.instagram.com/holaquorum?igsh=a2l2MHp6dXA5aGg4
🟠 TikTok:https://www.tiktok.com/@quorumgt?_t=8q3C9YsmOiT&_r=1
🔵 Facebook: https://www.facebook.com/QuorumGT?mibextid=LQQJ4d
🟢 Canal de WhatsApp: https://whatsapp.com/channel/0029Va8IZV65PO0ul2cBdD0l",10,https://www.youtube.com/watch?v=j43HgwYFKfk
j43HgwYFKfk,UgyoglGwyV2PhIAvHdt4AaABAg,La cooptación de Walter Mazariegos en la USAC,Quorum,UCE4rsXcgDb6e1-a9iTbWzfg,@caminoseternos752,UCHbwIx9pmQuf7i-4_xO2EpA,"Excelente información, necesitaba saber y esta bastante claro... Ahora entiendo mejor 😢",@quorumgt,topic,j43HgwYFKfk_out_comments.csv | quorum_complete_comments.csv | youtube_guatemala_plus_comments.csv,/@caminoseternos752,hace 6 meses (editado), ,0,False,,@caminoseternos752,Quorum,La cooptación de Walter Mazariegos en la USAC,@quorumgt,topic,@caminoseternos752,@caminoseternos752,,True,0,0,False,True,hace 6 meses,1 mes - 1 ano,182.64,"Excelente información, necesitaba saber y esta bastante claro... Ahora entiendo mejor 😢",excelente informacion necesitar enteir,excelente informacion necesitaba entiendo,[],[],[],"[""😢""]",0,0,0,1,"Excelente información, necesitaba saber y esta bastante claro... Ahora entiendo mejor emoji cara llorando emoji",87,38,12,4,True,False,La cooptación de Walter Mazariegos en la USAC,UCE4rsXcgDb6e1-a9iTbWzfg,Quorum,/@quorumgt,/@quorumgt,News & Politics,@quorumgt,topic,10156,2024-09-26T15:00:17-07:00,2024-09-26 22:00:17+00:00,"[""USAC"", ""Walter Mazariegos"", ""Mazariegos rector"", ""Fraude USAC"", ""Elecciones USAC"", ""Toma USAC"", ""CSU USAC"", ""Quorum GT"", ""Periodismo Guatemala"", ""Luis Cordón USAC""]","[""USAC"", ""Walter Mazariegos"", ""Mazariegos rector"", ""Fraude USAC"", ""Elecciones USAC"", ""Toma USAC"", ""CSU USAC"", ""Quorum GT"", ""Periodismo Guatemala"", ""Luis Cordón USAC""]","🚨El rector de facto de la #USAC, Walter Mazariegos, tiene una alianza que le permite controlar un presupuesto millonario, quitar a sus opositores del camino y colocar a sus allegados en puestos importantes. Más de la mitad de sus cómplices en el Consejo Superior Universitario (CSU) se han prolongado en el poder y no tienen la intención de soltarlo.

👁️ Aunque las cosas podrían cambiar…

Ayudanos compartiendo, comentando y dándole like a este video.

🔍 También podés leer el reportaje completo en este link👉🏻 https://quorum.gt/poder/captura/usac/mazariegos_csu/

📲 Seguí a Quorum en todas las redes para ver más contenido interesante de #Guatemala.

⚫️ X: https://twitter.com/QuorumGT
🟣 Instagram: https://www.instagram.com/holaquorum?igsh=a2l2MHp6dXA5aGg4
🟠 TikTok:https://www.tiktok.com/@quorumgt?_t=8q3C9YsmOiT&_r=1
🔵 Facebook: https://www.facebook.com/QuorumGT?mibextid=LQQJ4d
🟢 Canal de WhatsApp: https://whatsapp.com/channel/0029Va8IZV65PO0ul2cBdD0l",10,https://www.youtube.com/watch?v=j43HgwYFKfk
j43HgwYFKfk,UgyqA5EpXnBPn_uH-KB4AaABAg,La cooptación de Walter Mazariegos en la USAC,Quorum,UCE4rsXcgDb6e1-a9iTbWzfg,@RolandoCastroPérez-d7y,UCu8_3-Wg-YzNyvHYQDEscfw,Y por que no manifiestan contra toda esa mafia ante los tribunales?. Se que hay mucha suciedad en la justicia pero se debe hacer algo.,@quorumgt,topic,j43HgwYFKfk_out_comments.csv | quorum_complete_comments.csv | youtube_guatemala_plus_comments.csv,/@RolandoCastroP%C3%A9rez-d7y,hace 1 año,2,0,False,,@RolandoCastroPérez-d7y,Quorum,La cooptación de Walter Mazariegos en la USAC,@quorumgt,topic,@RolandoCastroPérez-d7y,@rolandocastroperez-d7y,2.0,False,2,0,False,False,hace 1 año,1 mes - 1 ano,365.25,Y por que no manifiestan contra toda esa mafia ante los tribunales?. Se que hay mucha suciedad en la justicia pero se debe hacer algo.,manifestar mafia tribunal suciedad justicia,manifiestan mafia tribunales suciedad justicia,[],[],[],[],0,0,0,0,Y por que no manifiestan contra toda esa mafia ante los tribunales?. Se que hay mucha suciedad en la justicia pero se debe hacer algo.,134,43,25,5,True,False,La cooptación de Walter Mazariegos en la USAC,UCE4rsXcgDb6e1-a9iTbWzfg,Quorum,/@quorumgt,/@quorumgt,News & Politics,@quorumgt,topic,10156,2024-09-26T15:00:17-07:00,2024-09-26 22:00:17+00:00,"[""USAC"", ""Walter Mazariegos"", ""Mazariegos rector"", ""Fraude USAC"", ""Elecciones USAC"", ""Toma USAC"", ""CSU USAC"", ""Quorum GT"", ""Periodismo Guatemala"", ""Luis Cordón USAC""]","[""USAC"", ""Walter Mazariegos"", ""Mazariegos rector"", ""Fraude USAC"", ""Elecciones USAC"", ""Toma USAC"", ""CSU USAC"", ""Quorum GT"", ""Periodismo Guatemala"", ""Luis Cordón USAC""]","🚨El rector de facto de la #USAC, Walter Mazariegos, tiene una alianza que le permite controlar un presupuesto millonario, quitar a sus opositores del camino y colocar a sus allegados en puestos importantes. Más de la mitad de sus cómplices en el Consejo Superior Universitario (CSU) se han prolongado en el poder y no tienen la intención de soltarlo.

👁️ Aunque las cosas podrían cambiar…

Ayudanos compartiendo, comentando y dándole like a este video.

🔍 También podés leer el reportaje completo en este link👉🏻 https://quorum.gt/poder/captura/usac/mazariegos_csu/

📲 Seguí a Quorum en todas las redes para ver más contenido interesante de #Guatemala.

⚫️ X: https://twitter.com/QuorumGT
🟣 Instagram: https://www.instagram.com/holaquorum?igsh=a2l2MHp6dXA5aGg4
🟠 TikTok:https://www.tiktok.com/@quorumgt?_t=8q3C9YsmOiT&_r=1
🔵 Facebook: https://www.facebook.com/QuorumGT?mibextid=LQQJ4d
🟢 Canal de WhatsApp: https://whatsapp.com/channel/0029Va8IZV65PO0ul2cBdD0l",10,https://www.youtube.com/watch?v=j43HgwYFKfk
OkXlHx0hx-8,Ugyr_-OfFbHlc9uWhg94AaABAg,EE.UU. envía a mexicanos deportados a Guatemala antes de su regreso a México | Noticias Telemundo,Noticias Telemundo,UCRwA1NUcUnwsly35ikGhp0A,@susievidal4134,UCIgoiXdIKJyUGmUoH2Lxdzg,Bueno los otros países tampoco queremos criminal es de México que los mandé a su país donde nacieron. Costa Rica lleva años aguantando gente de otros países ya no necesitamos más crimen en nuestro país.,guatemala noticias,topic,youtube_guatemala_comments.csv | youtube_guatemala_plus_comments.csv,/@susievidal4134,hace 1 día,3,0,False,,@susievidal4134,Noticias Telemundo,EE.UU. envía a mexicanos deportados a Guatemala antes de su regreso a México | Noticias Telemundo,guatemala noticias,topic,@susievidal4134,@susievidal4134,3.0,False,3,0,False,False,hace 1 día,<1 semana,1.0,Bueno los otros países tampoco queremos criminal es de México que los mandé a su país donde nacieron. Costa Rica lleva años aguantando gente de otros países ya no necesitamos más crimen en nuestro país.,criminal mexico mande nacer costa rico ano aguantar necesitar crimar,paises criminal mexico mande nacieron costa rica anos aguantando paises necesitamos crimen,[],[],[],[],0,0,0,0,Bueno los otros países tampoco queremos criminal es de México que los mandé a su país donde nacieron. Costa Rica lleva años aguantando gente de otros países ya no necesitamos más crimen en nuestro país.,202,68,35,10,True,False,EE.UU. envía a mexicanos deportados a Guatemala antes de su regreso a México | Noticias Telemundo,UCRwA1NUcUnwsly35ikGhp0A,Noticias Telemundo,/@noticias,/@noticias,News & Politics,guatemala noticias,topic,14200,2026-08-30T16:38:02-07:00,2026-08-30 23:38:02+00:00,"[""telemundo noticias"", ""noticias telemundo"", ""noticias telemundo de hoy"", ""noticias"", ""noticias en vivo"", ""telemundo"", ""noticias de ultima hora"", ""noticias de hoy"", ""ee uu deporta a miles de mexicanos a traves de guatemala"", ""mexico rechaza uso de guatemala como pais puente"", ""dhs acelera expulsiones de mexicanos por guatemala"", ""polemica por ruta de deportacion de ee uu a tapachula"", ""miles de deportados mexicanos quedan varados en guatemala""]","[""telemundo noticias"", ""noticias telemundo"", ""noticias telemundo de hoy"", ""noticias"", ""noticias en vivo"", ""telemundo"", ""noticias de ultima hora"", ""noticias de hoy"", ""ee uu deporta a miles de mexicanos a traves de guatemala"", ""mexico rechaza uso de guatemala como pais puente"", ""dhs acelera expulsiones de mexicanos por guatemala"", ""polemica por ruta de deportacion de ee uu a tapachula"", ""miles de deportados mexicanos quedan varados en guatemala""]","Video oficial de Noticias Telemundo. Desde abril, casi 2,300 mexicanos han sido enviados a Guatemala, según autoridades de ese país. Al llegar a Tapachula, muchos deben buscar cómo trasladarse a sus estados de origen. DHS justifica el uso de países “puente” para acelerar las expulsiones.

Descarga nuestra App:
https://telemundo.app.link/Mtq7sTKAUtb

SUSCRÍBETE: https://bit.ly/TLMDNoticiasYT

Noticias
Noticias Telemundo es un proveedor líder de noticias para los hispanos de EE.UU. Sus galardonados espacios de noticias, transmitidos desde Telemundo Center, incluyen los noticieros diarios ""Noticias Telemundo"" con Julio Vaqueiro; ""Noticias Telemundo Fin de Semana"", ""Noticias Telemundo Mediodía"" y ""Noticias Telemundo En La Noche"". El ""Equipo Digital de Noticias Telemundo"" ofrece contenido ininterrumpido para los hispanos de EE.UU. a través de sus crecientes plataformas móviles y en línea. ""Noticias Telemundo Investiga"" produce reportes investigativos y documentales en profundidad. ""Noticias Telemundo Planeta Tierra"" ofrece información relacionada con el medio ambiente y el cambio climático. Adicionalmente, ""Noticias Telemundo"" produce galardonados especiales de noticias, documentales y eventos noticiosos como debates políticos, asambleas ciudadanas y foros.

Telemundo
Es una empresa de medios de primera categoría, líder en la industria en la producción y distribución de contenido en español de alta calidad a través de múltiples plataformas para hispanos en los Estados Unidos y alrededor del mundo. La cadena ofrece producciones dramáticas originales de Telemundo Studios – el productor #1 de contenido en español de horario estelar – así como contenido alternativo, películas de cine, especiales, noticias y eventos deportivos de primer nivel, alcanzando el 94% de los televidentes hispanos en los Estados Unidos en 210 mercados a través de 17 estaciones propias y 57 afiliadas de TV abierta. Telemundo también es propietaria de WKAQ, una estación de televisión local que sirve Puerto Rico. Telemundo es parte de NBCUniversal Telemundo Enterprises, una división de NBCUniversal, una de las compañías líderes en el mundo de los medios y entretenimiento. NBCUniversal es una subsidiaria de Comcast Corporation.

SÍGUENOS EN X: https://twitter.com/telemundonews
DANOS ME GUSTA EN FACEBOOK: https://www.facebook.com/NoticiasTelemundo

#NoticiasTelemundo #Deportaciones #Frontera 

EE.UU. envía a mexicanos deportados a Guatemala antes de su regreso a México | Noticias Telemundo
https://www.youtube.com/noticias

Noticias, Telemundo, Noticias Telemundo de hoy, Telemundo Noticias, Noticias, Telemundo, Telemundo Noticias de hoy, Noticias Telemundo de hoy en vivo, Ultima hora, Noticias de hoy, Noticias de Ultima hora",13,https://www.youtube.com/watch?v=OkXlHx0hx-8
06mFNPU0aB8,UgysnIFZt6-_f2iGbid4AaABAg,Capturan a presuntos delincuentes disfrazados de mujer señalados de cometer asalto,Noti7,UCVpSRoZgngfSL03Nlbjtq9A,@edithsan7688,UCXN2s7DwTJm33xO-pNkAdaA,Buen trabajo,guatemala noticias,topic,youtube_guatemala_comments.csv | youtube_guatemala_plus_comments.csv,/@edithsan7688,hace 2 semanas, ,0,False,,@edithsan7688,Noti7,Capturan a presuntos delincuentes disfrazados de mujer señalados de cometer asalto,guatemala noticias,topic,@edithsan7688,@edithsan7688,,True,0,0,False,False,hace 2 semanas,1 sem - 1 mes,14.0,Buen trabajo,trabajo,trabajo,[],[],[],[],0,0,0,0,Buen trabajo,12,7,2,1,True,False,Capturan a presuntos delincuentes disfrazados de mujer señalados de cometer asalto,UCVpSRoZgngfSL03Nlbjtq9A,Noti7,/@Noti7Guatemala,/@Noti7Guatemala,News & Politics,guatemala noticias,topic,6692,2026-08-13T22:00:12-07:00,2026-08-14 05:00:12+00:00,"[""Actualidad"", ""Asaltantes disfrazados"", ""Capturados Escuintla"", ""Guatemala"", ""Noti7"", ""Noticias"", ""PNC"", ""Televisiete"", ""información"", ""noticias"", ""capturas""]","[""Actualidad"", ""Asaltantes disfrazados"", ""Capturados Escuintla"", ""Guatemala"", ""Noti7"", ""Noticias"", ""PNC"", ""Televisiete"", ""información"", ""noticias"", ""capturas""]",La rápida acción policial frustró el plan de los sujetos que usaron minifaldas para huir.,11,https://www.youtube.com/watch?v=06mFNPU0aB8
lj983NWyAQY,UgysqnYM0p-_jyWisMJ4AaABAg,Plan 2032 Ciudad de Guatemala,Municipalidad de Guatemala,UCXa6LVjBzUtmcM3cwbd9e2w,@zetag,UCgLrWFdYitoP-b7-PxtUr-w,Quiero vivir en esa Guatemala :v,Municipalidad de Guatemala,topic,lj983NWyAQY_out_comments.csv | youtube_guatemala_plus_comments.csv,/@zetag,hace 7 años,405,3,False,,@zetag,Municipalidad de Guatemala,Plan 2032 Ciudad de Guatemala,Municipalidad de Guatemala,topic,@zetag,@zetag,405.0,False,405,3,False,False,hace 7 años,>2 anos,2556.75,Quiero vivir en esa Guatemala :v,querer vivir guatemala,quiero vivir guatemala,[],[],[],[],0,0,0,0,Quiero vivir en esa Guatemala :v,32,22,6,3,True,False,Plan 2032 Ciudad de Guatemala,UCXa6LVjBzUtmcM3cwbd9e2w,Municipalidad de Guatemala,/@MunicipalidaddeGuatemala-1551,/@MunicipalidaddeGuatemala-1551,News & Politics,Municipalidad de Guatemala,topic,304089,2019-02-28T18:31:10-08:00,2019-03-01 02:31:10+00:00,"[""Ricardo"", ""Quiñónez"", ""Administración"", ""Alcalde"", ""Alcaldía"", ""Alcaldías"", ""Municipalidad"", ""Municipal"", ""Muni"", ""Cumple"", ""Equipo"", ""Transparencia"", ""Servicios"", ""Servir"", ""Servidor"", ""Público"", ""Pasión"", ""Todos"", ""Somos"", ""La"", ""Ciudad"", ""Del"", ""Futuro"", ""Para"", ""Vivir"", ""Polos"", ""desarrollo"", ""pasos a desnivel"", ""movilidad urbana"", ""aerometro"", ""Transmetro"", ""metroriel"", ""Plan 2032"", ""transporte público"", ""reciclaje"", ""movilidad""]","[""Ricardo"", ""Quiñónez"", ""Administración"", ""Alcalde"", ""Alcaldía"", ""Alcaldías"", ""Municipalidad"", ""Municipal"", ""Muni"", ""Cumple"", ""Equipo"", ""Transparencia"", ""Servicios"", ""Servir"", ""Servidor"", ""Público"", ""Pasión"", ""Todos"", ""Somos"", ""La"", ""Ciudad"", ""Del"", ""Futuro"", ""Para"", ""Vivir"", ""Polos"", ""desarrollo"", ""pasos a desnivel"", ""movilidad urbana"", ""aerometro"", ""Transmetro"", ""metroriel"", ""Plan 2032"", ""transporte público"", ""reciclaje"", ""movilidad""]",La Municipalidad de Guatemala trabaja en el plan 2032 con proyectos para solventar los actuales y futuros desafíos de la Ciudad.,36,https://www.youtube.com/watch?v=lj983NWyAQY
j43HgwYFKfk,UgysslM7dkNnQ1JT7Mh4AaABAg,La cooptación de Walter Mazariegos en la USAC,Quorum,UCE4rsXcgDb6e1-a9iTbWzfg,@melvinlopez7096,UCAKuKvcbfnBD3kF5njNu-IA,Excelente información!,@quorumgt,topic,j43HgwYFKfk_out_comments.csv | quorum_complete_comments.csv | youtube_guatemala_plus_comments.csv,/@melvinlopez7096,hace 1 año, ,0,False,,@melvinlopez7096,Quorum,La cooptación de Walter Mazariegos en la USAC,@quorumgt,topic,@melvinlopez7096,@melvinlopez7096,,True,0,0,False,False,hace 1 año,1 mes - 1 ano,365.25,Excelente información!,excelente informacion,excelente informacion,[],[],[],[],0,0,0,0,Excelente información!,22,21,2,2,True,False,La cooptación de Walter Mazariegos en la USAC,UCE4rsXcgDb6e1-a9iTbWzfg,Quorum,/@quorumgt,/@quorumgt,News & Politics,@quorumgt,topic,10156,2024-09-26T15:00:17-07:00,2024-09-26 22:00:17+00:00,"[""USAC"", ""Walter Mazariegos"", ""Mazariegos rector"", ""Fraude USAC"", ""Elecciones USAC"", ""Toma USAC"", ""CSU USAC"", ""Quorum GT"", ""Periodismo Guatemala"", ""Luis Cordón USAC""]","[""USAC"", ""Walter Mazariegos"", ""Mazariegos rector"", ""Fraude USAC"", ""Elecciones USAC"", ""Toma USAC"", ""CSU USAC"", ""Quorum GT"", ""Periodismo Guatemala"", ""Luis Cordón USAC""]","🚨El rector de facto de la #USAC, Walter Mazariegos, tiene una alianza que le permite controlar un presupuesto millonario, quitar a sus opositores del camino y colocar a sus allegados en puestos importantes. Más de la mitad de sus cómplices en el Consejo Superior Universitario (CSU) se han prolongado en el poder y no tienen la intención de soltarlo.

👁️ Aunque las cosas podrían cambiar…

Ayudanos compartiendo, comentando y dándole like a este video.

🔍 También podés leer el reportaje completo en este link👉🏻 https://quorum.gt/poder/captura/usac/mazariegos_csu/

📲 Seguí a Quorum en todas las redes para ver más contenido interesante de #Guatemala.

⚫️ X: https://twitter.com/QuorumGT
🟣 Instagram: https://www.instagram.com/holaquorum?igsh=a2l2MHp6dXA5aGg4
🟠 TikTok:https://www.tiktok.com/@quorumgt?_t=8q3C9YsmOiT&_r=1
🔵 Facebook: https://www.facebook.com/QuorumGT?mibextid=LQQJ4d
🟢 Canal de WhatsApp: https://whatsapp.com/channel/0029Va8IZV65PO0ul2cBdD0l",10,https://www.youtube.com/watch?v=j43HgwYFKfk
n8iP75gIpmw,UgyuZ00FMdgmao7sNMx4AaABAg,Qué rico come tu diputado,Quorum,UCE4rsXcgDb6e1-a9iTbWzfg,@JuanDavila-qd7qj,UCFxE8GbokBrBsPEKM1xrOjQ,"Todo muy caro,canasta básica,transporte,y que barbaridad ,no tienen conciencia,cuántos pacientes muriendo por medicinas caras,estos diputados no tendrían que ejercer este cargo,pueblo dormido,este es un gran corrupto,vamos,une,vos, valor , todos corruptos",@quorumgt/videos,channel,quorum_complete_comments.csv | youtube_guatemala_plus_comments.csv,/@JuanDavila-qd7qj,hace 2 años (editado),10,0,False,,@JuanDavila-qd7qj,Quorum,Qué rico come tu diputado,@quorumgt/videos,channel,@JuanDavila-qd7qj,@juandavila-qd7qj,10.0,False,10,0,False,True,hace 2 años,1 - 2 anos,730.5,"Todo muy caro,canasta básica,transporte,y que barbaridad ,no tienen conciencia,cuántos pacientes muriendo por medicinas caras,estos diputados no tendrían que ejercer este cargo,pueblo dormido,este es un gran corrupto,vamos,une,vos, valor , todos corruptos",caro canasta basico transporte barbaridad conciencio paciente morir medicina cara diputado ejercer cargo pueblo dormido corrupto unir valor corrupto,caro canasta basica transporte barbaridad conciencia pacientes muriendo medicinas caras diputados ejercer cargo pueblo dormido corrupto une vos valor corruptos,[],[],[],[],0,0,0,0,"Todo muy caro,canasta básica,transporte,y que barbaridad ,no tienen conciencia,cuántos pacientes muriendo por medicinas caras,estos diputados no tendrían que ejercer este cargo,pueblo dormido,este es un gran corrupto,vamos,une,vos, valor , todos corruptos",255,148,30,19,True,False,Qué rico come tu diputado,UCE4rsXcgDb6e1-a9iTbWzfg,Quorum,/@quorumgt,/@quorumgt,News & Politics,Quorum GT,topic,11775,2024-08-27T14:09:51-07:00,2024-08-27 21:09:51+00:00,[],[],"En @ConCriteriogt hablaron hoy sobre nuestro reportaje ""Qué rico come tu diputado"", en el que contamos los almuerzos más caros pagados con fondos públicos entre enero y abril de este año.

Entrevistaron al diputado Nery Rodas, de CABAL, quien asegura que son problemas ""mínimos"".

Si no has leído el repor podés hacerlo acá https://quorum.gt/poder/comida_diputados/",0,https://www.youtube.com/watch?v=n8iP75gIpmw
n8iP75gIpmw,Ugyuk_4Gq9tbJjGZVRl4AaABAg,Qué rico come tu diputado,Quorum,UCE4rsXcgDb6e1-a9iTbWzfg,@andyB5280,UCh5ESQvtzyHDhCA7XyekCFA,"Y las cosas no cambian, ellos siguen haciendo pobrecitos cómo sufren, mientras jenye de muere por la compra de medicamentos y no tienen para comprarla .",@quorumgt/videos,channel,quorum_complete_comments.csv | youtube_guatemala_plus_comments.csv,/@andyB5280,hace 2 años,3,0,False,,@andyB5280,Quorum,Qué rico come tu diputado,@quorumgt/videos,channel,@andyB5280,@andyb5280,3.0,False,3,0,False,False,hace 2 años,1 - 2 anos,730.5,"Y las cosas no cambian, ellos siguen haciendo pobrecitos cómo sufren, mientras jenye de muere por la compra de medicamentos y no tienen para comprarla .",cambiar seguir pobrecito sufrir jenye morir comprar medicamento comprar el,cambian siguen pobrecitos sufren jenye muere compra medicamentos comprarla,[],[],[],[],0,0,0,0,"Y las cosas no cambian, ellos siguen haciendo pobrecitos cómo sufren, mientras jenye de muere por la compra de medicamentos y no tienen para comprarla .",152,74,26,10,True,False,Qué rico come tu diputado,UCE4rsXcgDb6e1-a9iTbWzfg,Quorum,/@quorumgt,/@quorumgt,News & Politics,Quorum GT,topic,11775,2024-08-27T14:09:51-07:00,2024-08-27 21:09:51+00:00,[],[],"En @ConCriteriogt hablaron hoy sobre nuestro reportaje ""Qué rico come tu diputado"", en el que contamos los almuerzos más caros pagados con fondos públicos entre enero y abril de este año.

Entrevistaron al diputado Nery Rodas, de CABAL, quien asegura que son problemas ""mínimos"".

Si no has leído el repor podés hacerlo acá https://quorum.gt/poder/comida_diputados/",0,https://www.youtube.com/watch?v=n8iP75gIpmw
is3Mk5oC19g,UgyvMO5z1LjtvyRIIxd4AaABAg,Capturan a ladrón que había quedado grabado mientras robaba en una parroquia de Retalhuleu,TN23 Guatemala,UCt5Dw7ePnn0AqPqRF8Xpjkw,@lazarobarillas3575,UCk4O-J1BhoqPmig1KLGJePA,Claro....hechor y consentidor pena por igual😮😮😮😮😮😮😮,guatemala noticias,topic,youtube_guatemala_comments.csv | youtube_guatemala_plus_comments.csv,/@lazarobarillas3575,hace 1 día, ,0,False,,@lazarobarillas3575,TN23 Guatemala,Capturan a ladrón que había quedado grabado mientras robaba en una parroquia de Retalhuleu,guatemala noticias,topic,@lazarobarillas3575,@lazarobarillas3575,,True,0,0,False,False,hace 1 día,<1 semana,1.0,Claro....hechor y consentidor pena por igual😮😮😮😮😮😮😮,hechor consentidor pena,hechor consentidor pena,[],[],[],"[""😮"", ""😮"", ""😮"", ""😮"", ""😮"", ""😮"", ""😮""]",0,0,0,7,Claro...hechor y consentidor pena por igual emoji cara con la boca abierta emoji emoji cara con la boca abierta emoji emoji cara con la boca abierta emoji,51,23,6,3,True,False,Capturan a ladrón que había quedado grabado mientras robaba en una parroquia de Retalhuleu,UCt5Dw7ePnn0AqPqRF8Xpjkw,TN23 Guatemala,/@TN23TodoNoticias,/@TN23TodoNoticias,News & Politics,guatemala noticias,topic,4616,2026-08-30T21:30:18-07:00,2026-08-31 04:30:18+00:00,"[""TN23"", ""información"", ""noticias"", ""Guatemala"", ""capturas"", ""presunto ladrón de ventilador"", ""iglesia""]","[""TN23"", ""información"", ""noticias"", ""Guatemala"", ""capturas"", ""presunto ladrón de ventilador"", ""iglesia""]",,7,https://www.youtube.com/watch?v=is3Mk5oC19g
j43HgwYFKfk,UgyvSxtnuw9xRiNU5tl4AaABAg,La cooptación de Walter Mazariegos en la USAC,Quorum,UCE4rsXcgDb6e1-a9iTbWzfg,@AnaDiaz-re9sq,UCUoYsrx1oZnCZ0usbBJn4fA,"Ese Luis Cordón, si que es valiente el resto de consejeros son lame botas",@quorumgt/videos,channel,quorum_complete_comments.csv | youtube_guatemala_plus_comments.csv,/@AnaDiaz-re9sq,hace 1 año,1,0,False,,@AnaDiaz-re9sq,Quorum,La cooptación de Walter Mazariegos en la USAC,@quorumgt/videos,channel,@AnaDiaz-re9sq,@anadiaz-re9sq,1.0,False,1,0,False,False,hace 1 año,1 mes - 1 ano,365.25,"Ese Luis Cordón, si que es valiente el resto de consejeros son lame botas",luis cordon valiente resto consejero lamer bota,luis cordon valiente resto consejeros lame botas,[],[],[],[],0,0,0,0,"Ese Luis Cordón, si que es valiente el resto de consejeros son lame botas",73,47,14,7,True,False,La cooptación de Walter Mazariegos en la USAC,UCE4rsXcgDb6e1-a9iTbWzfg,Quorum,/@quorumgt,/@quorumgt,News & Politics,@quorumgt,topic,10156,2024-09-26T15:00:17-07:00,2024-09-26 22:00:17+00:00,"[""USAC"", ""Walter Mazariegos"", ""Mazariegos rector"", ""Fraude USAC"", ""Elecciones USAC"", ""Toma USAC"", ""CSU USAC"", ""Quorum GT"", ""Periodismo Guatemala"", ""Luis Cordón USAC""]","[""USAC"", ""Walter Mazariegos"", ""Mazariegos rector"", ""Fraude USAC"", ""Elecciones USAC"", ""Toma USAC"", ""CSU USAC"", ""Quorum GT"", ""Periodismo Guatemala"", ""Luis Cordón USAC""]","🚨El rector de facto de la #USAC, Walter Mazariegos, tiene una alianza que le permite controlar un presupuesto millonario, quitar a sus opositores del camino y colocar a sus allegados en puestos importantes. Más de la mitad de sus cómplices en el Consejo Superior Universitario (CSU) se han prolongado en el poder y no tienen la intención de soltarlo.

👁️ Aunque las cosas podrían cambiar…

Ayudanos compartiendo, comentando y dándole like a este video.

🔍 También podés leer el reportaje completo en este link👉🏻 https://quorum.gt/poder/captura/usac/mazariegos_csu/

📲 Seguí a Quorum en todas las redes para ver más contenido interesante de #Guatemala.

⚫️ X: https://twitter.com/QuorumGT
🟣 Instagram: https://www.instagram.com/holaquorum?igsh=a2l2MHp6dXA5aGg4
🟠 TikTok:https://www.tiktok.com/@quorumgt?_t=8q3C9YsmOiT&_r=1
🔵 Facebook: https://www.facebook.com/QuorumGT?mibextid=LQQJ4d
🟢 Canal de WhatsApp: https://whatsapp.com/channel/0029Va8IZV65PO0ul2cBdD0l",10,https://www.youtube.com/watch?v=j43HgwYFKfk
b_Hkrkl3adA,UgyxvyPVCur3jgc_1mx4AaABAg,Bloqueos en Guatemala este 31 de agosto por alza en combustibles afectan rutas principales,PrensaLibreOficial,UCEepOY2svuxbsJ-zsAPT9Fg,@Hernandez-i1o,UCHu8x4MVkayU6VgwVKd--MQ,Asquerosos dilicuentes empresas del belzebu y Buda asqueroso gobierno chueco del Don Arévalo nada hace por la población Guatemalteca y los asquerosas y asquerosos diputados del congreso de la república,guatemala noticias,topic,debug_comments_fixed2_comments.csv | youtube_guatemala_comments.csv | youtube_guatemala_plus_comments.csv,/@Hernandez-i1o,hace 7 horas,1,0,False,,@Hernandez-i1o,PrensaLibreOficial,Bloqueos en Guatemala este 31 de agosto por alza en combustibles afectan rutas principales,guatemala noticias,topic,@Hernandez-i1o,@hernandez-i1o,1.0,False,1,0,False,False,hace 7 horas,<1 semana,0.292,Asquerosos dilicuentes empresas del belzebu y Buda asqueroso gobierno chueco del Don Arévalo nada hace por la población Guatemalteca y los asquerosas y asquerosos diputados del congreso de la república,asqueroso dilicuent empresa belzebu budo asqueroso gobierno chueco don arevalo poblacion guatemalteco asquerosa asqueroso diputado congreso republico,asquerosos dilicuentes empresas belzebu buda asqueroso gobierno chueco don arevalo poblacion guatemalteca asquerosas asquerosos diputados congreso republica,[],[],[],[],0,0,0,0,Asquerosos dilicuentes empresas del belzebu y Buda asqueroso gobierno chueco del Don Arévalo nada hace por la población Guatemalteca y los asquerosas y asquerosos diputados del congreso de la república,201,149,30,17,True,False,Bloqueos en Guatemala este 31 de agosto por alza en combustibles afectan rutas principales,UCEepOY2svuxbsJ-zsAPT9Fg,PrensaLibreOficial,/@PrensaLibreOficial,/@PrensaLibreOficial,News & Politics,guatemala noticias,topic,5469,2026-08-31T08:08:05-07:00,2026-08-31 15:08:05+00:00,"[""noticias Guatemala"", ""noticias Guatemala en vivo"", ""noticias última hora"", ""Guatemala"", ""bloqueos en Guatemala"", ""combustibles"", ""31 de agosto"", ""ruta Interamericana"", ""Provial"", ""transportistas"", ""carreteras"", ""Guatemala roadblocks"", ""fuel prices"", ""Guatemala protests"", ""Interamerican Highway"", ""traffic alert"", ""transport strike"", ""road closures""]","[""noticias Guatemala"", ""noticias Guatemala en vivo"", ""noticias última hora"", ""Guatemala"", ""bloqueos en Guatemala"", ""combustibles"", ""31 de agosto"", ""ruta Interamericana"", ""Provial"", ""transportistas"", ""carreteras"", ""Guatemala roadblocks"", ""fuel prices"", ""Guatemala protests"", ""Interamerican Highway"", ""traffic alert"", ""transport strike"", ""road closures""]","Manifestantes bloquean este lunes 31 de agosto varios tramos carreteros en Guatemala en protesta por el alza en los precios de los combustibles. Según el reporte de Provial, los cierres afectan la ruta Interamericana, la ruta al suroccidente y otros puntos, lo que complica la movilidad de trabajadores, estudiantes y transportistas. 
Lea más en prensalibre.com 
----------------------------
Busque más información de Guatemala y el mundo en  
https://www.prensalibre.com
https://www.facebook.com/prensalibregt
https://twitter.com/prensa_libre
https://www.instagram.com/prensa_libre
https://www.tiktok.com/@prensalibregt",18,https://www.youtube.com/watch?v=b_Hkrkl3adA
n8iP75gIpmw,UgyypM6Ts6Ut_EuFcdN4AaABAg,Qué rico come tu diputado,Quorum,UCE4rsXcgDb6e1-a9iTbWzfg,@simoncreyesc7579,UC-jS_kA9w-OmpupXDx156Rg,Y pueblo muriéndose del ambre ve hijos de su mera madre,@quorumgt/videos,channel,quorum_complete_comments.csv | youtube_guatemala_plus_comments.csv,/@simoncreyesc7579,hace 2 años,2,0,False,,@simoncreyesc7579,Quorum,Qué rico come tu diputado,@quorumgt/videos,channel,@simoncreyesc7579,@simoncreyesc7579,2.0,False,2,0,False,False,hace 2 años,1 - 2 anos,730.5,Y pueblo muriéndose del ambre ve hijos de su mera madre,pueblo morir el ambre hijo mero madre,pueblo muriendose ambre hijos mera madre,[],[],[],[],0,0,0,0,Y pueblo muriéndose del ambre ve hijos de su mera madre,55,37,11,7,True,False,Qué rico come tu diputado,UCE4rsXcgDb6e1-a9iTbWzfg,Quorum,/@quorumgt,/@quorumgt,News & Politics,Quorum GT,topic,11775,2024-08-27T14:09:51-07:00,2024-08-27 21:09:51+00:00,[],[],"En @ConCriteriogt hablaron hoy sobre nuestro reportaje ""Qué rico come tu diputado"", en el que contamos los almuerzos más caros pagados con fondos públicos entre enero y abril de este año.

Entrevistaron al diputado Nery Rodas, de CABAL, quien asegura que son problemas ""mínimos"".

Si no has leído el repor podés hacerlo acá https://quorum.gt/poder/comida_diputados/",0,https://www.youtube.com/watch?v=n8iP75gIpmw
n8iP75gIpmw,Ugyyx5lXrgFXsraCIMh4AaABAg,Qué rico come tu diputado,Quorum,UCE4rsXcgDb6e1-a9iTbWzfg,@ErvinLeonardoCarreraLatín,UC9vMq1YF-e7C-VO0SHkbUTA,P..   si tengo hambre que le quitó un pedazo de ferrocarril mi...,@quorumgt/videos,channel,quorum_complete_comments.csv | youtube_guatemala_plus_comments.csv,/@ErvinLeonardoCarreraLat%C3%ADn,hace 2 años, ,0,False,,@ErvinLeonardoCarreraLatín,Quorum,Qué rico come tu diputado,@quorumgt/videos,channel,@ErvinLeonardoCarreraLatín,@ervinleonardocarreralatin,,True,0,0,False,False,hace 2 años,1 - 2 anos,730.5,P..   si tengo hambre que le quitó un pedazo de ferrocarril mi...,hambre quito pedazo ferrocarril,hambre quito pedazo ferrocarril,[],[],[],[],0,0,0,0,P.. si tengo hambre que le quitó un pedazo de ferrocarril mi...,65,31,12,4,True,False,Qué rico come tu diputado,UCE4rsXcgDb6e1-a9iTbWzfg,Quorum,/@quorumgt,/@quorumgt,News & Politics,Quorum GT,topic,11775,2024-08-27T14:09:51-07:00,2024-08-27 21:09:51+00:00,[],[],"En @ConCriteriogt hablaron hoy sobre nuestro reportaje ""Qué rico come tu diputado"", en el que contamos los almuerzos más caros pagados con fondos públicos entre enero y abril de este año.

Entrevistaron al diputado Nery Rodas, de CABAL, quien asegura que son problemas ""mínimos"".

Si no has leído el repor podés hacerlo acá https://quorum.gt/poder/comida_diputados/",0,https://www.youtube.com/watch?v=n8iP75gIpmw
yLZS3JiEBg8,UgyzKNq94Z4Y2GSth514AaABAg,Arroz con pollo a la MONOPOLIO,Quorum,UCE4rsXcgDb6e1-a9iTbWzfg,@sparkvalkov,UChT7pzGytNd92Nmvi-zuWog,vine del instagram!,@quorumgt/videos,channel,quorum_complete_comments.csv | youtube_guatemala_plus_comments.csv,/@sparkvalkov,hace 2 años,1,0,False,,@sparkvalkov,Quorum,Arroz con pollo a la MONOPOLIO,@quorumgt/videos,channel,@sparkvalkov,@sparkvalkov,1.0,False,1,0,False,False,hace 2 años,1 - 2 anos,730.5,vine del instagram!,venir instagram,vine instagram,[],[],[],[],0,0,0,0,vine del instagram!,19,15,3,2,True,False,Arroz con pollo a la MONOPOLIO,UCE4rsXcgDb6e1-a9iTbWzfg,Quorum,/@quorumgt,/@quorumgt,News & Politics,@quorumgt/videos,channel,1954,2024-05-09T19:15:12-07:00,2024-05-10 02:15:12+00:00,[],[],"🔍 En Guatemala tenemos un mercado no tan “libre” que digamos. 

💸 Unas pocas empresas dominan las diferentes industrias y en algunos sectores no hay una competencia real que favorezca al consumidor.

🎥 Hoy estrenamos #LasMañasDelMercado para hablar de la industria alimenticia y la necesidad de una #LeyDeCompetencia.",0,https://www.youtube.com/watch?v=yLZS3JiEBg8
n8iP75gIpmw,Ugyzgy-Lqlq6CTb4GPB4AaABAg,Qué rico come tu diputado,Quorum,UCE4rsXcgDb6e1-a9iTbWzfg,@OdilioRodríguez-c5w,UChZknRmJkeGeQk0-mQuhDOg,Y porqué no lo hacen  en lugares más sencillos pero como todos estos son iguales solo piensan en hartarse bien por eso salen como Rodriguez arzu  a costillas del pueblo,@quorumgt/videos,channel,quorum_complete_comments.csv | youtube_guatemala_plus_comments.csv,/@OdilioRodr%C3%ADguez-c5w,hace 2 años,1,0,False,,@OdilioRodríguez-c5w,Quorum,Qué rico come tu diputado,@quorumgt/videos,channel,@OdilioRodríguez-c5w,@odiliorodriguez-c5w,1.0,False,1,0,False,False,hace 2 años,1 - 2 anos,730.5,Y porqué no lo hacen  en lugares más sencillos pero como todos estos son iguales solo piensan en hartarse bien por eso salen como Rodriguez arzu  a costillas del pueblo,lugar sencillo pensar hartar el salir rodriguez arzu costilla pueblo,lugares sencillos iguales piensan hartarse salen rodriguez arzu costillas pueblo,[],[],[],[],0,0,0,0,Y porqué no lo hacen en lugares más sencillos pero como todos estos son iguales solo piensan en hartarse bien por eso salen como Rodriguez arzu a costillas del pueblo,168,68,30,10,True,False,Qué rico come tu diputado,UCE4rsXcgDb6e1-a9iTbWzfg,Quorum,/@quorumgt,/@quorumgt,News & Politics,Quorum GT,topic,11775,2024-08-27T14:09:51-07:00,2024-08-27 21:09:51+00:00,[],[],"En @ConCriteriogt hablaron hoy sobre nuestro reportaje ""Qué rico come tu diputado"", en el que contamos los almuerzos más caros pagados con fondos públicos entre enero y abril de este año.

Entrevistaron al diputado Nery Rodas, de CABAL, quien asegura que son problemas ""mínimos"".

Si no has leído el repor podés hacerlo acá https://quorum.gt/poder/comida_diputados/",0,https://www.youtube.com/watch?v=n8iP75gIpmw
WIUZtitfLRw,UgyzzIxBoO0_7kX1EWJ4AaABAg,Caminar en una ciudad hecha para carros,Quorum,UCE4rsXcgDb6e1-a9iTbWzfg,@nicelol5241,UCOARn3hnfkB7-_Rwa8Hoqcw,"Muy cierto, mi mamá en este momento esta incapacitada de una pierna y hemos vivido lo que es caminar en aceras altas, ineptas, absurdamente pequeñas y además dañadas.",@quorumgt/videos,channel,quorum_complete_comments.csv | youtube_guatemala_plus_comments.csv,/@nicelol5241,hace 1 año, ,0,False,,@nicelol5241,Quorum,Caminar en una ciudad hecha para carros,@quorumgt/videos,channel,@nicelol5241,@nicelol5241,,True,0,0,False,False,hace 1 año,1 mes - 1 ano,365.25,"Muy cierto, mi mamá en este momento esta incapacitada de una pierna y hemos vivido lo que es caminar en aceras altas, ineptas, absurdamente pequeñas y además dañadas.",mama momento incapacitado pierna vivido caminar acera alto inepta absurdamente pequena danada,mama momento incapacitada pierna vivido caminar aceras altas ineptas absurdamente pequenas danadas,[],[],[],[],0,0,0,0,"Muy cierto, mi mamá en este momento esta incapacitada de una pierna y hemos vivido lo que es caminar en aceras altas, ineptas, absurdamente pequeñas y además dañadas.",166,93,28,12,True,False,Caminar en una ciudad hecha para carros,UCE4rsXcgDb6e1-a9iTbWzfg,Quorum,/@quorumgt,/@quorumgt,News & Politics,@quorumgt/videos,channel,422,2024-11-20T17:15:06-08:00,2024-11-21 01:15:06+00:00,[],[],"🚗 Caminar por la #CiudaddeGuatemala es un reto de sobrevivencia. ¿Por qué? Porque la infraestructura prioriza a los #carros antes que a las personas.

🫱 Seguí en nuestras redes #ElAtasco, nuestra cobertura sobre #movilidad. Si aún no lo has hecho, entrale al test para ver qué tan caminable es tu barrio: https://ds8l19rhon2.typeform.com/elatasco

↗️ Identifiquemos y hablemos sobre los problemas para empezar a buscar soluciones.",0,https://www.youtube.com/watch?v=WIUZtitfLRw
b_Hkrkl3adA,Ugz-XNtfLx0lzcoHUXN4AaABAg,Bloqueos en Guatemala este 31 de agosto por alza en combustibles afectan rutas principales,PrensaLibreOficial,UCEepOY2svuxbsJ-zsAPT9Fg,@ManuelSanchez-b8q2z,UC9Wp6vL5oCU37qC3Aj94WZA,"Que comando mierd@ mejor de todas maneras tenemos que seguir trabajando, más gasto cuando ellos tapan.",guatemala noticias,topic,debug_comments_fixed2_comments.csv | youtube_guatemala_comments.csv | youtube_guatemala_plus_comments.csv,/@ManuelSanchez-b8q2z,hace 3 horas, ,0,False,,@ManuelSanchez-b8q2z,PrensaLibreOficial,Bloqueos en Guatemala este 31 de agosto por alza en combustibles afectan rutas principales,guatemala noticias,topic,@ManuelSanchez-b8q2z,@manuelsanchez-b8q2z,,True,0,0,False,False,hace 3 horas,<1 semana,0.125,"Que comando mierd@ mejor de todas maneras tenemos que seguir trabajando, más gasto cuando ellos tapan.",comando mierd seguir trabajar gasto tapar,comando mierd maneras seguir trabajando gasto tapan,[],[],[],[],0,0,0,0,"Que comando mierd@ mejor de todas maneras tenemos que seguir trabajando, más gasto cuando ellos tapan.",102,41,16,6,True,False,Bloqueos en Guatemala este 31 de agosto por alza en combustibles afectan rutas principales,UCEepOY2svuxbsJ-zsAPT9Fg,PrensaLibreOficial,/@PrensaLibreOficial,/@PrensaLibreOficial,News & Politics,guatemala noticias,topic,5469,2026-08-31T08:08:05-07:00,2026-08-31 15:08:05+00:00,"[""noticias Guatemala"", ""noticias Guatemala en vivo"", ""noticias última hora"", ""Guatemala"", ""bloqueos en Guatemala"", ""combustibles"", ""31 de agosto"", ""ruta Interamericana"", ""Provial"", ""transportistas"", ""carreteras"", ""Guatemala roadblocks"", ""fuel prices"", ""Guatemala protests"", ""Interamerican Highway"", ""traffic alert"", ""transport strike"", ""road closures""]","[""noticias Guatemala"", ""noticias Guatemala en vivo"", ""noticias última hora"", ""Guatemala"", ""bloqueos en Guatemala"", ""combustibles"", ""31 de agosto"", ""ruta Interamericana"", ""Provial"", ""transportistas"", ""carreteras"", ""Guatemala roadblocks"", ""fuel prices"", ""Guatemala protests"", ""Interamerican Highway"", ""traffic alert"", ""transport strike"", ""road closures""]","Manifestantes bloquean este lunes 31 de agosto varios tramos carreteros en Guatemala en protesta por el alza en los precios de los combustibles. Según el reporte de Provial, los cierres afectan la ruta Interamericana, la ruta al suroccidente y otros puntos, lo que complica la movilidad de trabajadores, estudiantes y transportistas. 
Lea más en prensalibre.com 
----------------------------
Busque más información de Guatemala y el mundo en  
https://www.prensalibre.com
https://www.facebook.com/prensalibregt
https://twitter.com/prensa_libre
https://www.instagram.com/prensa_libre
https://www.tiktok.com/@prensalibregt",18,https://www.youtube.com/watch?v=b_Hkrkl3adA
06mFNPU0aB8,Ugz158DoUO_zyZlglG14AaABAg,Capturan a presuntos delincuentes disfrazados de mujer señalados de cometer asalto,Noti7,UCVpSRoZgngfSL03Nlbjtq9A,@carlitosramirez4739,UCIXLDYqR_syskKRJy_x9W9Q,Inglés,guatemala noticias,topic,youtube_guatemala_comments.csv | youtube_guatemala_plus_comments.csv,/@carlitosramirez4739,hace 2 semanas, ,0,False,,@carlitosramirez4739,Noti7,Capturan a presuntos delincuentes disfrazados de mujer señalados de cometer asalto,guatemala noticias,topic,@carlitosramirez4739,@carlitosramirez4739,,True,0,0,False,False,hace 2 semanas,1 sem - 1 mes,14.0,Inglés,ingl,ingles,[],[],[],[],0,0,0,0,Inglés,6,4,1,1,True,False,Capturan a presuntos delincuentes disfrazados de mujer señalados de cometer asalto,UCVpSRoZgngfSL03Nlbjtq9A,Noti7,/@Noti7Guatemala,/@Noti7Guatemala,News & Politics,guatemala noticias,topic,6692,2026-08-13T22:00:12-07:00,2026-08-14 05:00:12+00:00,"[""Actualidad"", ""Asaltantes disfrazados"", ""Capturados Escuintla"", ""Guatemala"", ""Noti7"", ""Noticias"", ""PNC"", ""Televisiete"", ""información"", ""noticias"", ""capturas""]","[""Actualidad"", ""Asaltantes disfrazados"", ""Capturados Escuintla"", ""Guatemala"", ""Noti7"", ""Noticias"", ""PNC"", ""Televisiete"", ""información"", ""noticias"", ""capturas""]",La rápida acción policial frustró el plan de los sujetos que usaron minifaldas para huir.,11,https://www.youtube.com/watch?v=06mFNPU0aB8
n8iP75gIpmw,Ugz1TFgP101cP3SQAW94AaABAg,Qué rico come tu diputado,Quorum,UCE4rsXcgDb6e1-a9iTbWzfg,@belarminavillatoro6474,UCYN4wSQ1Sx4_LurxLlW7MPg,"Esas no son cosas minuciosas como dice el diputado Nery Rodas ya todos los diputados saben que les dieron orden de no gastar el dinero del pueblo para almuerzos de diputados y el w que quiere que  no nos digan nada porque son cosas como que no vale nada contarlo,si gastaron ese dinero que se los cobren a los diputados,están viendo qué hay personas muriendo de hambre y ellos bien Gracias dándose la gran vida que lo paguen con su sueldo que para eso ganan bien sin vergüenzas vividores,pues que lo paguen para ustedes es poco dos mil quetzales pero para nosotros los pobres es mucho dinero no importa que sea menor gasto pero entiendan que ya no,y si ustedes trabajan que sea en horas adecuadas y no en horas de comidas,y si usted dice que es muy poco el dinero entonces renuncien y busquen otro trabajo porque hay sueldos que ganan el mínimo y de ahí tienen que pagar todo imagínese señor por favor?",@quorumgt/videos,channel,quorum_complete_comments.csv | youtube_guatemala_plus_comments.csv,/@belarminavillatoro6474,hace 2 años, ,0,False,,@belarminavillatoro6474,Quorum,Qué rico come tu diputado,@quorumgt/videos,channel,@belarminavillatoro6474,@belarminavillatoro6474,,True,0,0,False,False,hace 2 años,1 - 2 anos,730.5,"Esas no son cosas minuciosas como dice el diputado Nery Rodas ya todos los diputados saben que les dieron orden de no gastar el dinero del pueblo para almuerzos de diputados y el w que quiere que  no nos digan nada porque son cosas como que no vale nada contarlo,si gastaron ese dinero que se los cobren a los diputados,están viendo qué hay personas muriendo de hambre y ellos bien Gracias dándose la gran vida que lo paguen con su sueldo que para eso ganan bien sin vergüenzas vividores,pues que lo paguen para ustedes es poco dos mil quetzales pero para nosotros los pobres es mucho dinero no importa que sea menor gasto pero entiendan que ya no,y si ustedes trabajan que sea en horas adecuadas y no en horas de comidas,y si usted dice que es muy poco el dinero entonces renuncien y busquen otro trabajo porque hay sueldos que ganan el mínimo y de ahí tienen que pagar todo imagínese señor por favor?",minucioso diputado nery roda diputado ordir gastar dinero pueblo almuerzo diputado valer contar el gastar dinero cobrir diputado persona morir hambre dar el vida pagar sueldo ganar verguenza vividor pagar mil quetzal pobre dinero importar menor gasto entender trabajar hora adecuado hora comida dinero renuncien buscar trabajo sueldo ganar minimo pagar imaginese senor favor,minuciosas diputado nery rodas diputados orden gastar dinero pueblo almuerzos diputados digan vale contarlo gastaron dinero cobren diputados viendo personas muriendo hambre dandose vida paguen sueldo ganan verguenzas vividores paguen mil quetzales pobres dinero importa menor gasto entiendan trabajan horas adecuadas horas comidas dinero renuncien busquen trabajo sueldos ganan minimo pagar imaginese senor favor,[],[],[],[],0,0,0,0,"Esas no son cosas minuciosas como dice el diputado Nery Rodas ya todos los diputados saben que les dieron orden de no gastar el dinero del pueblo para almuerzos de diputados y el w que quiere que no nos digan nada porque son cosas como que no vale nada contarlo,si gastaron ese dinero que se los cobren a los diputados,están viendo qué hay personas muriendo de hambre y ellos bien Gracias dándose la gran vida que lo paguen con su sueldo que para eso ganan bien sin vergüenzas vividores,pues que lo paguen para ustedes es poco dos mil quetzales pero para nosotros los pobres es mucho dinero no importa que sea menor gasto pero entiendan que ya no,y si ustedes trabajan que sea en horas adecuadas y no en horas de comidas,y si usted dice que es muy poco el dinero entonces renuncien y busquen otro trabajo porque hay sueldos que ganan el mínimo y de ahí tienen que pagar todo imagínese señor por favor?",902,374,165,54,True,False,Qué rico come tu diputado,UCE4rsXcgDb6e1-a9iTbWzfg,Quorum,/@quorumgt,/@quorumgt,News & Politics,Quorum GT,topic,11775,2024-08-27T14:09:51-07:00,2024-08-27 21:09:51+00:00,[],[],"En @ConCriteriogt hablaron hoy sobre nuestro reportaje ""Qué rico come tu diputado"", en el que contamos los almuerzos más caros pagados con fondos públicos entre enero y abril de este año.

Entrevistaron al diputado Nery Rodas, de CABAL, quien asegura que son problemas ""mínimos"".

Si no has leído el repor podés hacerlo acá https://quorum.gt/poder/comida_diputados/",0,https://www.youtube.com/watch?v=n8iP75gIpmw
yLZS3JiEBg8,Ugz1VUKAy1iuwk_x2jN4AaABAg,Arroz con pollo a la MONOPOLIO,Quorum,UCE4rsXcgDb6e1-a9iTbWzfg,@3762Jorge,UCTTILH6QCIxbTnEWxwRqs1g,La próxima habla de la harina de trigo.,@quorumgt/videos,channel,quorum_complete_comments.csv | youtube_guatemala_plus_comments.csv,/@3762Jorge,hace 2 años, ,0,False,,@3762Jorge,Quorum,Arroz con pollo a la MONOPOLIO,@quorumgt/videos,channel,@3762Jorge,@3762jorge,,True,0,0,False,False,hace 2 años,1 - 2 anos,730.5,La próxima habla de la harina de trigo.,harina trigo,proxima harina trigo,[],[],[],[],0,0,0,0,La próxima habla de la harina de trigo.,39,12,8,2,True,False,Arroz con pollo a la MONOPOLIO,UCE4rsXcgDb6e1-a9iTbWzfg,Quorum,/@quorumgt,/@quorumgt,News & Politics,@quorumgt/videos,channel,1954,2024-05-09T19:15:12-07:00,2024-05-10 02:15:12+00:00,[],[],"🔍 En Guatemala tenemos un mercado no tan “libre” que digamos. 

💸 Unas pocas empresas dominan las diferentes industrias y en algunos sectores no hay una competencia real que favorezca al consumidor.

🎥 Hoy estrenamos #LasMañasDelMercado para hablar de la industria alimenticia y la necesidad de una #LeyDeCompetencia.",0,https://www.youtube.com/watch?v=yLZS3JiEBg8
n8iP75gIpmw,Ugz1kbHjtN-jQUk3sWd4AaABAg,Qué rico come tu diputado,Quorum,UCE4rsXcgDb6e1-a9iTbWzfg,@giovannirodas4836,UC5bG9nc_JV3FsNP2KseQiYw,Nombre.... Tenía razon el loco Taracena!!!!! Los diputados siempre iban a decir q no les alcanza el salario de 25 mil. Y uno von salario mínimo tiene q ver cómo le hace para q le alcance!!! Entonces q busquen otro trabajo!!! Es el colmo plata hay lo q pasa q los políticos como el se lo gastan en hartazon!!!!😡😡😡😡,@quorumgt/videos,channel,quorum_complete_comments.csv | youtube_guatemala_plus_comments.csv,/@giovannirodas4836,hace 2 años,2,0,False,,@giovannirodas4836,Quorum,Qué rico come tu diputado,@quorumgt/videos,channel,@giovannirodas4836,@giovannirodas4836,2.0,False,2,0,False,False,hace 2 años,1 - 2 anos,730.5,Nombre.... Tenía razon el loco Taracena!!!!! Los diputados siempre iban a decir q no les alcanza el salario de 25 mil. Y uno von salario mínimo tiene q ver cómo le hace para q le alcance!!! Entonces q busquen otro trabajo!!! Es el colmo plata hay lo q pasa q los políticos como el se lo gastan en hartazon!!!!😡😡😡😡,nombre razon loco taracenir diputado alcanzar salario mil von salario minimo alcance buscar trabajo colmo plata pasar politico gastar hartazon,nombre razon loco taracena diputados iban alcanza salario mil von salario minimo alcance busquen trabajo colmo plata pasa politicos gastan hartazon,[],[],[],"[""😡"", ""😡"", ""😡"", ""😡""]",0,0,0,4,Nombre... Tenía razon el loco Taracena!!! Los diputados siempre iban a decir q no les alcanza el salario de 25 mil. Y uno von salario mínimo tiene q ver cómo le hace para q le alcance!!! Entonces q busquen otro trabajo!!! Es el colmo plata hay lo q pasa q los políticos como el se lo gastan en hartazon!!! emoji cara cabreada emoji emoji cara cabreada emoji emoji cara cabreada emoji,313,142,59,20,True,False,Qué rico come tu diputado,UCE4rsXcgDb6e1-a9iTbWzfg,Quorum,/@quorumgt,/@quorumgt,News & Politics,Quorum GT,topic,11775,2024-08-27T14:09:51-07:00,2024-08-27 21:09:51+00:00,[],[],"En @ConCriteriogt hablaron hoy sobre nuestro reportaje ""Qué rico come tu diputado"", en el que contamos los almuerzos más caros pagados con fondos públicos entre enero y abril de este año.

Entrevistaron al diputado Nery Rodas, de CABAL, quien asegura que son problemas ""mínimos"".

Si no has leído el repor podés hacerlo acá https://quorum.gt/poder/comida_diputados/",0,https://www.youtube.com/watch?v=n8iP75gIpmw
n8iP75gIpmw,Ugz200h27x5RIAnswQd4AaABAg,Qué rico come tu diputado,Quorum,UCE4rsXcgDb6e1-a9iTbWzfg,@mireyamorales6595,UCKDR0f2fu2UzWL8mBv5-BHw,"PERO ESTOS QUE ESTAN ENTREVISTANDO AL DIPUTADO NERY RODAS PORQUE 
NO LE PREGUNTARON A LA LEGISLATURA ANTERIOR TODOS LOS GASTOS  QUE HHACIAN.
 :face-blue-smiling: ASI ES LA ANTERIOR LEGISLATURA PAGABAN HASTA PORQUE IBAN AL BAÑO.
SR. RODAS..DEJE A ESTOS QUE LO ESTAN ENTREVISTANDO QUE LE PREGUNTEN
A SU MADRE.
LO QUE AFECTO EN GRANDE EL PAIS,ESOS ROBOS DE  jimmy morales / giammattei.
ALEGANDO POR UNA FACTURA DE Q.2,OOO. O,  MENOS.
  👁giammattei  ROBO MILLONES DE MILLONES Y ESTOS CORRUPTOS ENTREVISTADORES hablando de desnutricion ???  pregunten a giammattei,vive en
el pais todavia...vayan a buscarlo.
JAMAS LE HIZIERON NUNCA UNA PREGUNTA ACERCA DE LOS GASTOS QUE HACIA.
👁 toda empresa privada o gubernamental,PAGAN SUS GASTOS PARA LAS REUNIONESS
QUE LES TOCA HACER.
VAYAN A BUSCAR A allan rodriguez por ej...alvaro arzu...esos si son CORRUPTOS.",@quorumgt/videos,channel,quorum_complete_comments.csv | youtube_guatemala_plus_comments.csv,/@mireyamorales6595,hace 2 años, ,0,False,,@mireyamorales6595,Quorum,Qué rico come tu diputado,@quorumgt/videos,channel,@mireyamorales6595,@mireyamorales6595,,True,0,0,False,False,hace 2 años,1 - 2 anos,730.5,"PERO ESTOS QUE ESTAN ENTREVISTANDO AL DIPUTADO NERY RODAS PORQUE 
NO LE PREGUNTARON A LA LEGISLATURA ANTERIOR TODOS LOS GASTOS  QUE HHACIAN.
 :face-blue-smiling: ASI ES LA ANTERIOR LEGISLATURA PAGABAN HASTA PORQUE IBAN AL BAÑO.
SR. RODAS..DEJE A ESTOS QUE LO ESTAN ENTREVISTANDO QUE LE PREGUNTEN
A SU MADRE.
LO QUE AFECTO EN GRANDE EL PAIS,ESOS ROBOS DE  jimmy morales / giammattei.
ALEGANDO POR UNA FACTURA DE Q.2,OOO. O,  MENOS.
  👁giammattei  ROBO MILLONES DE MILLONES Y ESTOS CORRUPTOS ENTREVISTADORES hablando de desnutricion ???  pregunten a giammattei,vive en
el pais todavia...vayan a buscarlo.
JAMAS LE HIZIERON NUNCA UNA PREGUNTA ACERCA DE LOS GASTOS QUE HACIA.
👁 toda empresa privada o gubernamental,PAGAN SUS GASTOS PARA LAS REUNIONESS
QUE LES TOCA HACER.
VAYAN A BUSCAR A allan rodriguez por ej...alvaro arzu...esos si son CORRUPTOS.",entrevistar diputado nery roda preguntar legislatura gasto hhaciar face blue smiling legislaturar pagar bano roda dejar entrevistar preguntar madre afecto robo jimmy moral giammattei alegar factura giammattei robo millon millon corrupto entrevistador hablar desnutricion preguntar giammattei vivir buscar el jama hizeir pregunta acerca gasto empresa privado gubernamental pagar gasto reunioness toca buscar allan rodriguez alvaro arzu corrupto,entrevistando diputado nery rodas preguntaron legislatura gastos hhacian face blue smiling legislatura pagaban iban bano rodas deje entrevistando pregunten madre afecto robos jimmy morales giammattei alegando factura giammattei robo millones millones corruptos entrevistadores hablando desnutricion pregunten giammattei vive vayan buscarlo jamas hizieron pregunta acerca gastos empresa privada gubernamental pagan gastos reunioness toca vayan buscar allan rodriguez alvaro arzu corruptos,[],[],[],"[""👁"", ""👁""]",0,0,0,2,"PERO ESTOS QUE ESTAN ENTREVISTANDO AL DIPUTADO NERY RODAS PORQUE NO LE PREGUNTARON A LA LEGISLATURA ANTERIOR TODOS LOS GASTOS QUE HHACIAN. :face-blue-smiling: ASI ES LA ANTERIOR LEGISLATURA PAGABAN HASTA PORQUE IBAN AL BAÑO. SR. RODAS..DEJE A ESTOS QUE LO ESTAN ENTREVISTANDO QUE LE PREGUNTEN A SU MADRE. LO QUE AFECTO EN GRANDE EL PAIS,ESOS ROBOS DE jimmy morales / giammattei. ALEGANDO POR UNA FACTURA DE Q.2,OOO. O, MENOS. emoji ojo emoji giammattei ROBO MILLONES DE MILLONES Y ESTOS CORRUPTOS ENTREVISTADORES hablando de desnutricion ??? pregunten a giammattei,vive en el pais todavia...vayan a buscarlo. JAMAS LE HIZIERON NUNCA UNA PREGUNTA ACERCA DE LOS GASTOS QUE HACIA. emoji ojo emoji toda empresa privada o gubernamental,PAGAN SUS GASTOS PARA LAS REUNIONESS QUE LES TOCA HACER. VAYAN A BUSCAR A allan rodriguez por ej...alvaro arzu...esos si son CORRUPTOS.",846,443,130,57,True,False,Qué rico come tu diputado,UCE4rsXcgDb6e1-a9iTbWzfg,Quorum,/@quorumgt,/@quorumgt,News & Politics,Quorum GT,topic,11775,2024-08-27T14:09:51-07:00,2024-08-27 21:09:51+00:00,[],[],"En @ConCriteriogt hablaron hoy sobre nuestro reportaje ""Qué rico come tu diputado"", en el que contamos los almuerzos más caros pagados con fondos públicos entre enero y abril de este año.

Entrevistaron al diputado Nery Rodas, de CABAL, quien asegura que son problemas ""mínimos"".

Si no has leído el repor podés hacerlo acá https://quorum.gt/poder/comida_diputados/",0,https://www.youtube.com/watch?v=n8iP75gIpmw
PjmxCj-a9Hg,Ugz26waEPWK6VtsenFZ4AaABAg,Conferencia de Prensa del Gobierno de Guatemala. #LaRondaGt,Gobierno de la República de Guatemala,UC-ZtFBHzgkYFh7whZkuR_Ag,@juandeleon9060,UCNIeXbV_mEwpa412h1aqUWw,Dios. Los cria. Y El.....los coruptos. Siempre. Van de la Mano....,@GobiernodeGuatemala,topic,PjmxCj-a9Hg_out_comments.csv | youtube_guatemala_plus_comments.csv,/@juandeleon9060,hace 1 año,1,1,False,,@juandeleon9060,Gobierno de la República de Guatemala,Conferencia de Prensa del Gobierno de Guatemala. #LaRondaGt,@GobiernodeGuatemala,topic,@juandeleon9060,@juandeleon9060,1.0,False,1,1,False,False,hace 1 año,1 mes - 1 ano,365.25,Dios. Los cria. Y El.....los coruptos. Siempre. Van de la Mano....,crio corupto mano,dios cria coruptos mano,[],[],[],[],0,0,0,0,Dios. Los cria. Y El...los coruptos. Siempre. Van de la Mano...,66,17,11,3,True,False,Conferencia de Prensa del Gobierno de Guatemala. #LaRondaGt,UC-ZtFBHzgkYFh7whZkuR_Ag,Gobierno de la República de Guatemala,/@GobiernodelaRepublicadeGuatema,/@GobiernodelaRepublicadeGuatema,Entertainment,@GobiernodeGuatemala,topic,3628,2025-08-11T20:14:15-07:00,2025-08-12 03:14:15+00:00,[],[],Conferencia de Prensa del Gobierno de Guatemala. #LaRondaGt,0,https://www.youtube.com/watch?v=PjmxCj-a9Hg
PjmxCj-a9Hg,Ugz26waEPWK6VtsenFZ4AaABAg.ALglV0O_2mtALgq1_mUSB_,Conferencia de Prensa del Gobierno de Guatemala. #LaRondaGt,Gobierno de la República de Guatemala,UC-ZtFBHzgkYFh7whZkuR_Ag,@Luis-gn3fj,UCbYoNG5J3Au5BqtbXogfEFw,Ud y quienes mas😂😂😂😂😂😂😂😂😂😂😂😂😂😂😂😂😂😂,@GobiernodeGuatemala,topic,PjmxCj-a9Hg_out_comments.csv | youtube_guatemala_plus_comments.csv,/@Luis-gn3fj,hace 1 año,1,0,False,,@Luis-gn3fj,Gobierno de la República de Guatemala,Conferencia de Prensa del Gobierno de Guatemala. #LaRondaGt,@GobiernodeGuatemala,topic,@Luis-gn3fj,@luis-gn3fj,1.0,False,1,0,False,False,hace 1 año,1 mes - 1 ano,365.25,Ud y quienes mas😂😂😂😂😂😂😂😂😂😂😂😂😂😂😂😂😂😂,,,[],[],[],"[""😂"", ""😂"", ""😂"", ""😂"", ""😂"", ""😂"", ""😂"", ""😂"", ""😂"", ""😂"", ""😂"", ""😂"", ""😂"", ""😂"", ""😂"", ""😂"", ""😂"", ""😂""]",0,0,0,18,Ud y quienes mas emoji cara llorando de risa emoji emoji cara llorando de risa emoji emoji cara llorando de risa emoji,34,0,4,0,True,True,Conferencia de Prensa del Gobierno de Guatemala. #LaRondaGt,UC-ZtFBHzgkYFh7whZkuR_Ag,Gobierno de la República de Guatemala,/@GobiernodelaRepublicadeGuatema,/@GobiernodelaRepublicadeGuatema,Entertainment,@GobiernodeGuatemala,topic,3628,2025-08-11T20:14:15-07:00,2025-08-12 03:14:15+00:00,[],[],Conferencia de Prensa del Gobierno de Guatemala. #LaRondaGt,0,https://www.youtube.com/watch?v=PjmxCj-a9Hg
n8iP75gIpmw,Ugz2Y0LOPaJfoV8R01d4AaABAg,Qué rico come tu diputado,Quorum,UCE4rsXcgDb6e1-a9iTbWzfg,@monkchapin,UCl0ekS9Tt0jJGtOEM18S63w,paaajaaaasss,@quorumgt/videos,channel,quorum_complete_comments.csv | youtube_guatemala_plus_comments.csv,/@monkchapin,hace 2 años, ,0,False,,@monkchapin,Quorum,Qué rico come tu diputado,@quorumgt/videos,channel,@monkchapin,@monkchapin,,True,0,0,False,False,hace 2 años,1 - 2 anos,730.5,paaajaaaasss,paajaass,paajaass,[],[],[],[],0,0,0,0,paaajaaasss,12,8,1,1,True,False,Qué rico come tu diputado,UCE4rsXcgDb6e1-a9iTbWzfg,Quorum,/@quorumgt,/@quorumgt,News & Politics,Quorum GT,topic,11775,2024-08-27T14:09:51-07:00,2024-08-27 21:09:51+00:00,[],[],"En @ConCriteriogt hablaron hoy sobre nuestro reportaje ""Qué rico come tu diputado"", en el que contamos los almuerzos más caros pagados con fondos públicos entre enero y abril de este año.

Entrevistaron al diputado Nery Rodas, de CABAL, quien asegura que son problemas ""mínimos"".

Si no has leído el repor podés hacerlo acá https://quorum.gt/poder/comida_diputados/",0,https://www.youtube.com/watch?v=n8iP75gIpmw
PjmxCj-a9Hg,Ugz5OziU6YjREVjZJUZ4AaABAg,Conferencia de Prensa del Gobierno de Guatemala. #LaRondaGt,Gobierno de la República de Guatemala,UC-ZtFBHzgkYFh7whZkuR_Ag,@DennisseLopetegi,UCVQf0tzL7xRzFJsABVVULpg,El estado de Colombia fue el verdugo de Uribe.. cuando sienten q alguien les enfrenta con la verdad se acobardan.. igual pasa con el ejecutivo de Guatemala.. bueno en fin arevalo es compadre de petro.  0igo a este presidente y solo mentiras salen de du bocata..  HDP,@GobiernodeGuatemala,topic,PjmxCj-a9Hg_out_comments.csv | youtube_guatemala_plus_comments.csv,/@DennisseLopetegi,hace 1 año, ,0,False,,@DennisseLopetegi,Gobierno de la República de Guatemala,Conferencia de Prensa del Gobierno de Guatemala. #LaRondaGt,@GobiernodeGuatemala,topic,@DennisseLopetegi,@dennisselopetegi,,True,0,0,False,False,hace 1 año,1 mes - 1 ano,365.25,El estado de Colombia fue el verdugo de Uribe.. cuando sienten q alguien les enfrenta con la verdad se acobardan.. igual pasa con el ejecutivo de Guatemala.. bueno en fin arevalo es compadre de petro.  0igo a este presidente y solo mentiras salen de du bocata..  HDP,colombia verdugo uribe sentir alguien enfrentar acobardir pasar ejecutivo guatemala arevalo compadre petro 0igo presidente mentira salir bocata hdp,colombia verdugo uribe sienten alguien enfrenta acobardan pasa ejecutivo guatemala arevalo compadre petro 0igo presidente mentiras salen bocata hdp,[],[],[],[],0,0,0,0,El estado de Colombia fue el verdugo de Uribe.. cuando sienten q alguien les enfrenta con la verdad se acobardan.. igual pasa con el ejecutivo de Guatemala.. bueno en fin arevalo es compadre de petro. 0igo a este presidente y solo mentiras salen de du bocata.. HDP,266,147,47,19,True,False,Conferencia de Prensa del Gobierno de Guatemala. #LaRondaGt,UC-ZtFBHzgkYFh7whZkuR_Ag,Gobierno de la República de Guatemala,/@GobiernodelaRepublicadeGuatema,/@GobiernodelaRepublicadeGuatema,Entertainment,@GobiernodeGuatemala,topic,3628,2025-08-11T20:14:15-07:00,2025-08-12 03:14:15+00:00,[],[],Conferencia de Prensa del Gobierno de Guatemala. #LaRondaGt,0,https://www.youtube.com/watch?v=PjmxCj-a9Hg
b_Hkrkl3adA,Ugz6naDsqtHsbONkRBl4AaABAg,Bloqueos en Guatemala este 31 de agosto por alza en combustibles afectan rutas principales,PrensaLibreOficial,UCEepOY2svuxbsJ-zsAPT9Fg,@moisesvaldez4043,UCsUCN0Yq_UyTvKjOJLmNrnQ,Vamos a paralizar todo el pais talvez asi entiende este gibierno medrioque,guatemala noticias,topic,debug_comments_fixed2_comments.csv,/@moisesvaldez4043,hace 49 minutos, ,0,False,,@moisesvaldez4043,PrensaLibreOficial,Bloqueos en Guatemala este 31 de agosto por alza en combustibles afectan rutas principales,guatemala noticias,topic,@moisesvaldez4043,@moisesvaldez4043,,True,0,0,False,False,hace 49 minutos,<1 semana,0.034,Vamos a paralizar todo el pais talvez asi entiende este gibierno medrioque,paralizar talvez entender gibierno medrioque,paralizar talvez entiende gibierno medrioque,[],[],[],[],0,0,0,0,Vamos a paralizar todo el pais talvez asi entiende este gibierno medrioque,74,44,12,5,True,False,Bloqueos en Guatemala este 31 de agosto por alza en combustibles afectan rutas principales,UCEepOY2svuxbsJ-zsAPT9Fg,PrensaLibreOficial,/@PrensaLibreOficial,/@PrensaLibreOficial,News & Politics,guatemala noticias,topic,5469,2026-08-31T08:08:05-07:00,2026-08-31 15:08:05+00:00,"[""noticias Guatemala"", ""noticias Guatemala en vivo"", ""noticias última hora"", ""Guatemala"", ""bloqueos en Guatemala"", ""combustibles"", ""31 de agosto"", ""ruta Interamericana"", ""Provial"", ""transportistas"", ""carreteras"", ""Guatemala roadblocks"", ""fuel prices"", ""Guatemala protests"", ""Interamerican Highway"", ""traffic alert"", ""transport strike"", ""road closures""]","[""noticias Guatemala"", ""noticias Guatemala en vivo"", ""noticias última hora"", ""Guatemala"", ""bloqueos en Guatemala"", ""combustibles"", ""31 de agosto"", ""ruta Interamericana"", ""Provial"", ""transportistas"", ""carreteras"", ""Guatemala roadblocks"", ""fuel prices"", ""Guatemala protests"", ""Interamerican Highway"", ""traffic alert"", ""transport strike"", ""road closures""]","Manifestantes bloquean este lunes 31 de agosto varios tramos carreteros en Guatemala en protesta por el alza en los precios de los combustibles. Según el reporte de Provial, los cierres afectan la ruta Interamericana, la ruta al suroccidente y otros puntos, lo que complica la movilidad de trabajadores, estudiantes y transportistas. 
Lea más en prensalibre.com 
----------------------------
Busque más información de Guatemala y el mundo en  
https://www.prensalibre.com
https://www.facebook.com/prensalibregt
https://twitter.com/prensa_libre
https://www.instagram.com/prensa_libre
https://www.tiktok.com/@prensalibregt",18,https://www.youtube.com/watch?v=b_Hkrkl3adA
n8iP75gIpmw,Ugz76M4X7jXyiAqAC_d4AaABAg,Qué rico come tu diputado,Quorum,UCE4rsXcgDb6e1-a9iTbWzfg,@IvánPérez-j4j,UCsSXdJct-nsS8DsABoEsaYA,"Pues deberían establecer viáticos cuando los trabajos sean institucionales, eso seria más legal. Ponga una tabla de viáticos, ejemplo: desayuno 60, almuerzo 100, cena 60; hospedaje 150.",@quorumgt/videos,channel,quorum_complete_comments.csv | youtube_guatemala_plus_comments.csv,/@Iv%C3%A1nP%C3%A9rez-j4j,hace 2 años,2,1,False,,@IvánPérez-j4j,Quorum,Qué rico come tu diputado,@quorumgt/videos,channel,@IvánPérez-j4j,@ivanperez-j4j,2.0,False,2,1,False,False,hace 2 años,1 - 2 anos,730.5,"Pues deberían establecer viáticos cuando los trabajos sean institucionales, eso seria más legal. Ponga una tabla de viáticos, ejemplo: desayuno 60, almuerzo 100, cena 60; hospedaje 150.",deberiar establecer viatico trabajo institucional legal tabla viatico ejemplo desayuno almuerzo cena hospedaje,deberian establecer viaticos trabajos institucionales legal ponga tabla viaticos ejemplo desayuno almuerzo cena hospedaje,[],[],[],[],0,0,0,0,"Pues deberían establecer viáticos cuando los trabajos sean institucionales, eso seria más legal. Ponga una tabla de viáticos, ejemplo: desayuno 60, almuerzo 100, cena 60; hospedaje 150.",185,110,27,13,True,False,Qué rico come tu diputado,UCE4rsXcgDb6e1-a9iTbWzfg,Quorum,/@quorumgt,/@quorumgt,News & Politics,Quorum GT,topic,11775,2024-08-27T14:09:51-07:00,2024-08-27 21:09:51+00:00,[],[],"En @ConCriteriogt hablaron hoy sobre nuestro reportaje ""Qué rico come tu diputado"", en el que contamos los almuerzos más caros pagados con fondos públicos entre enero y abril de este año.

Entrevistaron al diputado Nery Rodas, de CABAL, quien asegura que son problemas ""mínimos"".

Si no has leído el repor podés hacerlo acá https://quorum.gt/poder/comida_diputados/",0,https://www.youtube.com/watch?v=n8iP75gIpmw
n8iP75gIpmw,Ugz76M4X7jXyiAqAC_d4AaABAg.A7j4tx1RMDbA7oQQlZnZR4,Qué rico come tu diputado,Quorum,UCE4rsXcgDb6e1-a9iTbWzfg,@MariaaliciaColonmorales,UC9xr9QvIcDvoZNUX5f-jaZw,"Es que ellos tienen un rubro para comidas hasta por 10,000quetzales pero ellos principalmente los de junta directiva dijeron que  no tocarían ese dinero que ellos comerían de su bolsillo",@quorumgt/videos,channel,quorum_complete_comments.csv | youtube_guatemala_plus_comments.csv,/@MariaaliciaColonmorales,hace 2 años, ,0,False,,@MariaaliciaColonmorales,Quorum,Qué rico come tu diputado,@quorumgt/videos,channel,@MariaaliciaColonmorales,@mariaaliciacolonmorales,,True,0,0,False,False,hace 2 años,1 - 2 anos,730.5,"Es que ellos tienen un rubro para comidas hasta por 10,000quetzales pero ellos principalmente los de junta directiva dijeron que  no tocarían ese dinero que ellos comerían de su bolsillo",rubro comida 00quetzal principalmente directivo tocariar dinero comeriar bolsillo,rubro comidas 00quetzales principalmente junta directiva tocarian dinero comerian bolsillo,[],[],[],[],0,0,0,0,"Es que ellos tienen un rubro para comidas hasta por 10,000quetzales pero ellos principalmente los de junta directiva dijeron que no tocarían ese dinero que ellos comerían de su bolsillo",186,81,30,9,True,False,Qué rico come tu diputado,UCE4rsXcgDb6e1-a9iTbWzfg,Quorum,/@quorumgt,/@quorumgt,News & Politics,Quorum GT,topic,11775,2024-08-27T14:09:51-07:00,2024-08-27 21:09:51+00:00,[],[],"En @ConCriteriogt hablaron hoy sobre nuestro reportaje ""Qué rico come tu diputado"", en el que contamos los almuerzos más caros pagados con fondos públicos entre enero y abril de este año.

Entrevistaron al diputado Nery Rodas, de CABAL, quien asegura que son problemas ""mínimos"".

Si no has leído el repor podés hacerlo acá https://quorum.gt/poder/comida_diputados/",0,https://www.youtube.com/watch?v=n8iP75gIpmw
n8iP75gIpmw,Ugz7WPxTOQEwmZpnx_V4AaABAg,Qué rico come tu diputado,Quorum,UCE4rsXcgDb6e1-a9iTbWzfg,@davidisraelesquitsaquil,UCi1b_TRQfgO1Z9O2gNGGWNA,"Ahora se destapo la CORRUPCION Q EXISTIA Y AHORA SE CONTAMINO despues de ampliacion ahora DEUDAS a la Comunidad Internacional por PRESTAMOS para carreteras, ademas CONCESIONES A AEROPUERTOS, PUERTOS, LAS MISMAS CARRETERAS, todos millonario, EUROBONOS, vender al pais y CANASTA BASICA A Q10,000 todo lo van hacer PERO ESE DINERO QUE OBTENGAN SERA REGALO DEL 👹👹👹 Xq DIOS dara justicia en su momento la JUSTICIA DE DIOS con sus hijitos sera IMPLACABLE y omnipotente🇬🇹🇬🇹🇬🇹🇬🇹",@quorumgt/videos,channel,quorum_complete_comments.csv | youtube_guatemala_plus_comments.csv,/@davidisraelesquitsaquil,hace 2 años, ,0,False,,@davidisraelesquitsaquil,Quorum,Qué rico come tu diputado,@quorumgt/videos,channel,@davidisraelesquitsaquil,@davidisraelesquitsaquil,,True,0,0,False,False,hace 2 años,1 - 2 anos,730.5,"Ahora se destapo la CORRUPCION Q EXISTIA Y AHORA SE CONTAMINO despues de ampliacion ahora DEUDAS a la Comunidad Internacional por PRESTAMOS para carreteras, ademas CONCESIONES A AEROPUERTOS, PUERTOS, LAS MISMAS CARRETERAS, todos millonario, EUROBONOS, vender al pais y CANASTA BASICA A Q10,000 todo lo van hacer PERO ESE DINERO QUE OBTENGAN SERA REGALO DEL 👹👹👹 Xq DIOS dara justicia en su momento la JUSTICIA DE DIOS con sus hijitos sera IMPLACABLE y omnipotente🇬🇹🇬🇹🇬🇹🇬🇹",destapo corrupcion existia contamino ampliacion deuda comunidad internacional prestar carretero concesion aeropuerto puerto carretero millonario eurobo yo vender canasta basico q10 dinero obtengar regalo dios justicia momento justicia dios hijito implacable omnipotente,destapo corrupcion existia contamino ampliacion deudas comunidad internacional prestamos carreteras concesiones aeropuertos puertos carreteras millonario eurobonos vender canasta basica q10 dinero obtengan regalo dios dara justicia momento justicia dios hijitos implacable omnipotente,[],[],[],"[""👹"", ""👹"", ""👹"", ""🇬🇹"", ""🇬🇹"", ""🇬🇹"", ""🇬🇹""]",0,0,0,7,"Ahora se destapo la CORRUPCION Q EXISTIA Y AHORA SE CONTAMINO despues de ampliacion ahora DEUDAS a la Comunidad Internacional por PRESTAMOS para carreteras, ademas CONCESIONES A AEROPUERTOS, PUERTOS, LAS MISMAS CARRETERAS, todos millonario, EUROBONOS, vender al pais y CANASTA BASICA A Q10,000 todo lo van hacer PERO ESE DINERO QUE OBTENGAN SERA REGALO DEL emoji demonio japonés oni emoji emoji demonio japonés oni emoji emoji demonio japonés oni emoji Xq DIOS dara justicia en su momento la JUSTICIA DE DIOS con sus hijitos sera IMPLACABLE y omnipotente emoji bandera guatemala emoji emoji bandera guatemala emoji emoji bandera guatemala emoji emoji bandera guatemala emoji",470,269,74,32,True,False,Qué rico come tu diputado,UCE4rsXcgDb6e1-a9iTbWzfg,Quorum,/@quorumgt,/@quorumgt,News & Politics,Quorum GT,topic,11775,2024-08-27T14:09:51-07:00,2024-08-27 21:09:51+00:00,[],[],"En @ConCriteriogt hablaron hoy sobre nuestro reportaje ""Qué rico come tu diputado"", en el que contamos los almuerzos más caros pagados con fondos públicos entre enero y abril de este año.

Entrevistaron al diputado Nery Rodas, de CABAL, quien asegura que son problemas ""mínimos"".

Si no has leído el repor podés hacerlo acá https://quorum.gt/poder/comida_diputados/",0,https://www.youtube.com/watch?v=n8iP75gIpmw
n8iP75gIpmw,Ugz8BbgcucTeHAjfvqJ4AaABAg,Qué rico come tu diputado,Quorum,UCE4rsXcgDb6e1-a9iTbWzfg,@SergioGarcia-z9c,UCpl8rF8uv_8uui-QRvuJaRA,Señores con el salario de este señor almuerzo asta las ocho dela noche y me como un tortrix que vale la pena,@quorumgt/videos,channel,quorum_complete_comments.csv | youtube_guatemala_plus_comments.csv,/@SergioGarcia-z9c,hace 1 año, ,0,False,,@SergioGarcia-z9c,Quorum,Qué rico come tu diputado,@quorumgt/videos,channel,@SergioGarcia-z9c,@sergiogarcia-z9c,,True,0,0,False,False,hace 1 año,1 mes - 1 ano,365.25,Señores con el salario de este señor almuerzo asta las ocho dela noche y me como un tortrix que vale la pena,senor salario senor almuerzo asta dela noche tortrix valer pena,senores salario senor almuerzo asta dela noche tortrix vale pena,[],[],[],[],0,0,0,0,Señores con el salario de este señor almuerzo asta las ocho dela noche y me como un tortrix que vale la pena,108,63,22,10,True,False,Qué rico come tu diputado,UCE4rsXcgDb6e1-a9iTbWzfg,Quorum,/@quorumgt,/@quorumgt,News & Politics,Quorum GT,topic,11775,2024-08-27T14:09:51-07:00,2024-08-27 21:09:51+00:00,[],[],"En @ConCriteriogt hablaron hoy sobre nuestro reportaje ""Qué rico come tu diputado"", en el que contamos los almuerzos más caros pagados con fondos públicos entre enero y abril de este año.

Entrevistaron al diputado Nery Rodas, de CABAL, quien asegura que son problemas ""mínimos"".

Si no has leído el repor podés hacerlo acá https://quorum.gt/poder/comida_diputados/",0,https://www.youtube.com/watch?v=n8iP75gIpmw
j43HgwYFKfk,Ugz8fJcHTKHoEWJPwWt4AaABAg,La cooptación de Walter Mazariegos en la USAC,Quorum,UCE4rsXcgDb6e1-a9iTbWzfg,@EcPerez-zz9oh,UClhMWQ7XKWywYvbRnuf8QsA,"Como sabes que son pajas, si las tienes dwvuelvelas.",@quorumgt/videos,channel,quorum_complete_comments.csv | youtube_guatemala_plus_comments.csv,/@EcPerez-zz9oh,hace 1 año, ,0,False,,@EcPerez-zz9oh,Quorum,La cooptación de Walter Mazariegos en la USAC,@quorumgt/videos,channel,@EcPerez-zz9oh,@ecperez-zz9oh,,True,0,0,False,False,hace 1 año,1 mes - 1 ano,365.25,"Como sabes que son pajas, si las tienes dwvuelvelas.",paja dwvuelvela,pajas dwvuelvelas,[],[],[],[],0,0,0,0,"Como sabes que son pajas, si las tienes dwvuelvelas.",52,15,9,2,True,False,La cooptación de Walter Mazariegos en la USAC,UCE4rsXcgDb6e1-a9iTbWzfg,Quorum,/@quorumgt,/@quorumgt,News & Politics,@quorumgt,topic,10156,2024-09-26T15:00:17-07:00,2024-09-26 22:00:17+00:00,"[""USAC"", ""Walter Mazariegos"", ""Mazariegos rector"", ""Fraude USAC"", ""Elecciones USAC"", ""Toma USAC"", ""CSU USAC"", ""Quorum GT"", ""Periodismo Guatemala"", ""Luis Cordón USAC""]","[""USAC"", ""Walter Mazariegos"", ""Mazariegos rector"", ""Fraude USAC"", ""Elecciones USAC"", ""Toma USAC"", ""CSU USAC"", ""Quorum GT"", ""Periodismo Guatemala"", ""Luis Cordón USAC""]","🚨El rector de facto de la #USAC, Walter Mazariegos, tiene una alianza que le permite controlar un presupuesto millonario, quitar a sus opositores del camino y colocar a sus allegados en puestos importantes. Más de la mitad de sus cómplices en el Consejo Superior Universitario (CSU) se han prolongado en el poder y no tienen la intención de soltarlo.

👁️ Aunque las cosas podrían cambiar…

Ayudanos compartiendo, comentando y dándole like a este video.

🔍 También podés leer el reportaje completo en este link👉🏻 https://quorum.gt/poder/captura/usac/mazariegos_csu/

📲 Seguí a Quorum en todas las redes para ver más contenido interesante de #Guatemala.

⚫️ X: https://twitter.com/QuorumGT
🟣 Instagram: https://www.instagram.com/holaquorum?igsh=a2l2MHp6dXA5aGg4
🟠 TikTok:https://www.tiktok.com/@quorumgt?_t=8q3C9YsmOiT&_r=1
🔵 Facebook: https://www.facebook.com/QuorumGT?mibextid=LQQJ4d
🟢 Canal de WhatsApp: https://whatsapp.com/channel/0029Va8IZV65PO0ul2cBdD0l",10,https://www.youtube.com/watch?v=j43HgwYFKfk
is3Mk5oC19g,Ugz8hBV9j2KQGtMhPUR4AaABAg,Capturan a ladrón que había quedado grabado mientras robaba en una parroquia de Retalhuleu,TN23 Guatemala,UCt5Dw7ePnn0AqPqRF8Xpjkw,@zoilagarcia9019,UC4kg7zuTfqQKLd2bkZrSYBA,Sinverguenza la ley maya y luego preso.,guatemala noticias,topic,youtube_guatemala_comments.csv | youtube_guatemala_plus_comments.csv,/@zoilagarcia9019,hace 20 horas, ,0,False,,@zoilagarcia9019,TN23 Guatemala,Capturan a ladrón que había quedado grabado mientras robaba en una parroquia de Retalhuleu,guatemala noticias,topic,@zoilagarcia9019,@zoilagarcia9019,,True,0,0,False,False,hace 20 horas,<1 semana,0.833,Sinverguenza la ley maya y luego preso.,sinverguenza ley maya preso,sinverguenza ley maya preso,[],[],[],[],0,0,0,0,Sinverguenza la ley maya y luego preso.,39,27,7,4,True,False,Capturan a ladrón que había quedado grabado mientras robaba en una parroquia de Retalhuleu,UCt5Dw7ePnn0AqPqRF8Xpjkw,TN23 Guatemala,/@TN23TodoNoticias,/@TN23TodoNoticias,News & Politics,guatemala noticias,topic,4616,2026-08-30T21:30:18-07:00,2026-08-31 04:30:18+00:00,"[""TN23"", ""información"", ""noticias"", ""Guatemala"", ""capturas"", ""presunto ladrón de ventilador"", ""iglesia""]","[""TN23"", ""información"", ""noticias"", ""Guatemala"", ""capturas"", ""presunto ladrón de ventilador"", ""iglesia""]",,7,https://www.youtube.com/watch?v=is3Mk5oC19g
n8iP75gIpmw,Ugz8pKFUmjVv-zF8lvJ4AaABAg,Qué rico come tu diputado,Quorum,UCE4rsXcgDb6e1-a9iTbWzfg,@welfrealdana5559,UCOLGv5Pf6BF2wFcwUzgcvHg,La única que se filtro el mismo lo dijo son unos muertos de amber todos lis diputados tienen que pagar con su dinero para eso tienen un sueldo  no sean sucios,@quorumgt/videos,channel,quorum_complete_comments.csv | youtube_guatemala_plus_comments.csv,/@welfrealdana5559,hace 2 años, ,0,False,,@welfrealdana5559,Quorum,Qué rico come tu diputado,@quorumgt/videos,channel,@welfrealdana5559,@welfrealdana5559,,True,0,0,False,False,hace 2 años,1 - 2 anos,730.5,La única que se filtro el mismo lo dijo son unos muertos de amber todos lis diputados tienen que pagar con su dinero para eso tienen un sueldo  no sean sucios,unico filtro muerto amber diputado pagar dinero sueldo sucio,unica filtro muertos amber lis diputados pagar dinero sueldo sucios,[],[],[],[],0,0,0,0,La única que se filtro el mismo lo dijo son unos muertos de amber todos lis diputados tienen que pagar con su dinero para eso tienen un sueldo no sean sucios,158,60,31,9,True,False,Qué rico come tu diputado,UCE4rsXcgDb6e1-a9iTbWzfg,Quorum,/@quorumgt,/@quorumgt,News & Politics,Quorum GT,topic,11775,2024-08-27T14:09:51-07:00,2024-08-27 21:09:51+00:00,[],[],"En @ConCriteriogt hablaron hoy sobre nuestro reportaje ""Qué rico come tu diputado"", en el que contamos los almuerzos más caros pagados con fondos públicos entre enero y abril de este año.

Entrevistaron al diputado Nery Rodas, de CABAL, quien asegura que son problemas ""mínimos"".

Si no has leído el repor podés hacerlo acá https://quorum.gt/poder/comida_diputados/",0,https://www.youtube.com/watch?v=n8iP75gIpmw
OkXlHx0hx-8,UgzBnKyfiTTp9djPTh54AaABAg,EE.UU. envía a mexicanos deportados a Guatemala antes de su regreso a México | Noticias Telemundo,Noticias Telemundo,UCRwA1NUcUnwsly35ikGhp0A,@RosaMontesdeOca777,UCbNanjFI51cwGqMAb2rOrBw,Fe esperanza oración perseverantes diariamente paz bien verdad amor claridad sabiduría justicia divina ❤😊,guatemala noticias,topic,youtube_guatemala_comments.csv | youtube_guatemala_plus_comments.csv,/@RosaMontesdeOca777,hace 1 día, ,0,False,,@RosaMontesdeOca777,Noticias Telemundo,EE.UU. envía a mexicanos deportados a Guatemala antes de su regreso a México | Noticias Telemundo,guatemala noticias,topic,@RosaMontesdeOca777,@rosamontesdeoca777,,True,0,0,False,False,hace 1 día,<1 semana,1.0,Fe esperanza oración perseverantes diariamente paz bien verdad amor claridad sabiduría justicia divina ❤😊,esperanza oracion perseverant diariamente paz amor claridad sabidurio justicia divino,esperanza oracion perseverantes diariamente paz amor claridad sabiduria justicia divina,[],[],[],"[""❤"", ""😊""]",0,0,0,2,Fe esperanza oración perseverantes diariamente paz bien verdad amor claridad sabiduría justicia divina emoji corazón rojo emoji emoji cara feliz con ojos sonrientes emoji,105,85,14,10,True,False,EE.UU. envía a mexicanos deportados a Guatemala antes de su regreso a México | Noticias Telemundo,UCRwA1NUcUnwsly35ikGhp0A,Noticias Telemundo,/@noticias,/@noticias,News & Politics,guatemala noticias,topic,14200,2026-08-30T16:38:02-07:00,2026-08-30 23:38:02+00:00,"[""telemundo noticias"", ""noticias telemundo"", ""noticias telemundo de hoy"", ""noticias"", ""noticias en vivo"", ""telemundo"", ""noticias de ultima hora"", ""noticias de hoy"", ""ee uu deporta a miles de mexicanos a traves de guatemala"", ""mexico rechaza uso de guatemala como pais puente"", ""dhs acelera expulsiones de mexicanos por guatemala"", ""polemica por ruta de deportacion de ee uu a tapachula"", ""miles de deportados mexicanos quedan varados en guatemala""]","[""telemundo noticias"", ""noticias telemundo"", ""noticias telemundo de hoy"", ""noticias"", ""noticias en vivo"", ""telemundo"", ""noticias de ultima hora"", ""noticias de hoy"", ""ee uu deporta a miles de mexicanos a traves de guatemala"", ""mexico rechaza uso de guatemala como pais puente"", ""dhs acelera expulsiones de mexicanos por guatemala"", ""polemica por ruta de deportacion de ee uu a tapachula"", ""miles de deportados mexicanos quedan varados en guatemala""]","Video oficial de Noticias Telemundo. Desde abril, casi 2,300 mexicanos han sido enviados a Guatemala, según autoridades de ese país. Al llegar a Tapachula, muchos deben buscar cómo trasladarse a sus estados de origen. DHS justifica el uso de países “puente” para acelerar las expulsiones.

Descarga nuestra App:
https://telemundo.app.link/Mtq7sTKAUtb

SUSCRÍBETE: https://bit.ly/TLMDNoticiasYT

Noticias
Noticias Telemundo es un proveedor líder de noticias para los hispanos de EE.UU. Sus galardonados espacios de noticias, transmitidos desde Telemundo Center, incluyen los noticieros diarios ""Noticias Telemundo"" con Julio Vaqueiro; ""Noticias Telemundo Fin de Semana"", ""Noticias Telemundo Mediodía"" y ""Noticias Telemundo En La Noche"". El ""Equipo Digital de Noticias Telemundo"" ofrece contenido ininterrumpido para los hispanos de EE.UU. a través de sus crecientes plataformas móviles y en línea. ""Noticias Telemundo Investiga"" produce reportes investigativos y documentales en profundidad. ""Noticias Telemundo Planeta Tierra"" ofrece información relacionada con el medio ambiente y el cambio climático. Adicionalmente, ""Noticias Telemundo"" produce galardonados especiales de noticias, documentales y eventos noticiosos como debates políticos, asambleas ciudadanas y foros.

Telemundo
Es una empresa de medios de primera categoría, líder en la industria en la producción y distribución de contenido en español de alta calidad a través de múltiples plataformas para hispanos en los Estados Unidos y alrededor del mundo. La cadena ofrece producciones dramáticas originales de Telemundo Studios – el productor #1 de contenido en español de horario estelar – así como contenido alternativo, películas de cine, especiales, noticias y eventos deportivos de primer nivel, alcanzando el 94% de los televidentes hispanos en los Estados Unidos en 210 mercados a través de 17 estaciones propias y 57 afiliadas de TV abierta. Telemundo también es propietaria de WKAQ, una estación de televisión local que sirve Puerto Rico. Telemundo es parte de NBCUniversal Telemundo Enterprises, una división de NBCUniversal, una de las compañías líderes en el mundo de los medios y entretenimiento. NBCUniversal es una subsidiaria de Comcast Corporation.

SÍGUENOS EN X: https://twitter.com/telemundonews
DANOS ME GUSTA EN FACEBOOK: https://www.facebook.com/NoticiasTelemundo

#NoticiasTelemundo #Deportaciones #Frontera 

EE.UU. envía a mexicanos deportados a Guatemala antes de su regreso a México | Noticias Telemundo
https://www.youtube.com/noticias

Noticias, Telemundo, Noticias Telemundo de hoy, Telemundo Noticias, Noticias, Telemundo, Telemundo Noticias de hoy, Noticias Telemundo de hoy en vivo, Ultima hora, Noticias de hoy, Noticias de Ultima hora",13,https://www.youtube.com/watch?v=OkXlHx0hx-8
n8iP75gIpmw,UgzBpiHQkRpqfeyCDwd4AaABAg,Qué rico come tu diputado,Quorum,UCE4rsXcgDb6e1-a9iTbWzfg,@katerynsantiago2907,UC2weSE8rpqkGMOp6StYtVfg,que verguenza de jente..esto esto lo que logran parir las universidades..y estos corruptos nunca han hecho nada bueno x el pais..lo unico que han hecho es artarse caro a costillas del pueblo...que de aposol...,@quorumgt/videos,channel,quorum_complete_comments.csv | youtube_guatemala_plus_comments.csv,/@katerynsantiago2907,hace 2 años,1,0,False,,@katerynsantiago2907,Quorum,Qué rico come tu diputado,@quorumgt/videos,channel,@katerynsantiago2907,@katerynsantiago2907,1.0,False,1,0,False,False,hace 2 años,1 - 2 anos,730.5,que verguenza de jente..esto esto lo que logran parir las universidades..y estos corruptos nunca han hecho nada bueno x el pais..lo unico que han hecho es artarse caro a costillas del pueblo...que de aposol...,verguenza jente lograr parir universidad corrupto unico artar el caro costilla pueblo aposol,verguenza jente logran parir universidades corruptos unico artarse caro costillas pueblo aposol,[],[],[],[],0,0,0,0,que verguenza de jente..esto esto lo que logran parir las universidades..y estos corruptos nunca han hecho nada bueno x el pais..lo unico que han hecho es artarse caro a costillas del pueblo...que de aposol...,209,92,34,13,True,False,Qué rico come tu diputado,UCE4rsXcgDb6e1-a9iTbWzfg,Quorum,/@quorumgt,/@quorumgt,News & Politics,Quorum GT,topic,11775,2024-08-27T14:09:51-07:00,2024-08-27 21:09:51+00:00,[],[],"En @ConCriteriogt hablaron hoy sobre nuestro reportaje ""Qué rico come tu diputado"", en el que contamos los almuerzos más caros pagados con fondos públicos entre enero y abril de este año.

Entrevistaron al diputado Nery Rodas, de CABAL, quien asegura que son problemas ""mínimos"".

Si no has leído el repor podés hacerlo acá https://quorum.gt/poder/comida_diputados/",0,https://www.youtube.com/watch?v=n8iP75gIpmw
lj983NWyAQY,UgzDFSLs4n_6XtQjgjZ4AaABAg,Plan 2032 Ciudad de Guatemala,Municipalidad de Guatemala,UCXa6LVjBzUtmcM3cwbd9e2w,@carlosoliva9249,UCyzf29IYjNw67gGIfsjgtxA,"Impresionante 👏🏻👏🏻 la ciudad de Guatemala siempre ha tenido alcaldes de visión, Arzú siempre quizo ver una ciudad cosmopolita y de gran desarrollo, esperemos eso siga.",Municipalidad de Guatemala,topic,lj983NWyAQY_out_comments.csv | youtube_guatemala_plus_comments.csv,/@carlosoliva9249,hace 7 años,45,0,False,,@carlosoliva9249,Municipalidad de Guatemala,Plan 2032 Ciudad de Guatemala,Municipalidad de Guatemala,topic,@carlosoliva9249,@carlosoliva9249,45.0,False,45,0,False,False,hace 7 años,>2 anos,2556.75,"Impresionante 👏🏻👏🏻 la ciudad de Guatemala siempre ha tenido alcaldes de visión, Arzú siempre quizo ver una ciudad cosmopolita y de gran desarrollo, esperemos eso siga.",impresionante ciudad guatemala alcaldes vision arzu quizo ciudad cosmopolita desarrollo esperar seguir,impresionante ciudad guatemala alcaldes vision arzu quizo ciudad cosmopolita desarrollo esperemos siga,[],[],[],"[""👏🏻"", ""👏🏻""]",0,0,0,2,"Impresionante emoji manos aplaudiendo tono de piel claro emoji emoji manos aplaudiendo tono de piel claro emoji la ciudad de Guatemala siempre ha tenido alcaldes de visión, Arzú siempre quizo ver una ciudad cosmopolita y de gran desarrollo, esperemos eso siga.",167,102,26,12,True,False,Plan 2032 Ciudad de Guatemala,UCXa6LVjBzUtmcM3cwbd9e2w,Municipalidad de Guatemala,/@MunicipalidaddeGuatemala-1551,/@MunicipalidaddeGuatemala-1551,News & Politics,Municipalidad de Guatemala,topic,304089,2019-02-28T18:31:10-08:00,2019-03-01 02:31:10+00:00,"[""Ricardo"", ""Quiñónez"", ""Administración"", ""Alcalde"", ""Alcaldía"", ""Alcaldías"", ""Municipalidad"", ""Municipal"", ""Muni"", ""Cumple"", ""Equipo"", ""Transparencia"", ""Servicios"", ""Servir"", ""Servidor"", ""Público"", ""Pasión"", ""Todos"", ""Somos"", ""La"", ""Ciudad"", ""Del"", ""Futuro"", ""Para"", ""Vivir"", ""Polos"", ""desarrollo"", ""pasos a desnivel"", ""movilidad urbana"", ""aerometro"", ""Transmetro"", ""metroriel"", ""Plan 2032"", ""transporte público"", ""reciclaje"", ""movilidad""]","[""Ricardo"", ""Quiñónez"", ""Administración"", ""Alcalde"", ""Alcaldía"", ""Alcaldías"", ""Municipalidad"", ""Municipal"", ""Muni"", ""Cumple"", ""Equipo"", ""Transparencia"", ""Servicios"", ""Servir"", ""Servidor"", ""Público"", ""Pasión"", ""Todos"", ""Somos"", ""La"", ""Ciudad"", ""Del"", ""Futuro"", ""Para"", ""Vivir"", ""Polos"", ""desarrollo"", ""pasos a desnivel"", ""movilidad urbana"", ""aerometro"", ""Transmetro"", ""metroriel"", ""Plan 2032"", ""transporte público"", ""reciclaje"", ""movilidad""]",La Municipalidad de Guatemala trabaja en el plan 2032 con proyectos para solventar los actuales y futuros desafíos de la Ciudad.,36,https://www.youtube.com/watch?v=lj983NWyAQY
PjmxCj-a9Hg,UgzDK8qo7Il1yafNllJ4AaABAg,Conferencia de Prensa del Gobierno de Guatemala. #LaRondaGt,Gobierno de la República de Guatemala,UC-ZtFBHzgkYFh7whZkuR_Ag,@josegil3813,UCzZ6dDCEsLMXbc5pCFXIprw,Adelante Excelentisimo Senor Presidente  Bernardo Arevalo de Leo'n   2028 - 2030.-,@GobiernodeGuatemala,topic,PjmxCj-a9Hg_out_comments.csv | youtube_guatemala_plus_comments.csv,/@josegil3813,hace 1 año, ,0,False,,@josegil3813,Gobierno de la República de Guatemala,Conferencia de Prensa del Gobierno de Guatemala. #LaRondaGt,@GobiernodeGuatemala,topic,@josegil3813,@josegil3813,,True,0,0,False,False,hace 1 año,1 mes - 1 ano,365.25,Adelante Excelentisimo Senor Presidente  Bernardo Arevalo de Leo'n   2028 - 2030.-,excelentisimo senor presidente bernardo arevalo leo,excelentisimo senor presidente bernardo arevalo leo,[],[],[],[],0,0,0,0,Adelante Excelentisimo Senor Presidente Bernardo Arevalo de Leo'n 2028 - 2030.-,82,51,11,6,True,False,Conferencia de Prensa del Gobierno de Guatemala. #LaRondaGt,UC-ZtFBHzgkYFh7whZkuR_Ag,Gobierno de la República de Guatemala,/@GobiernodelaRepublicadeGuatema,/@GobiernodelaRepublicadeGuatema,Entertainment,@GobiernodeGuatemala,topic,3628,2025-08-11T20:14:15-07:00,2025-08-12 03:14:15+00:00,[],[],Conferencia de Prensa del Gobierno de Guatemala. #LaRondaGt,0,https://www.youtube.com/watch?v=PjmxCj-a9Hg
lj983NWyAQY,UgzESrzC3abcN60poBF4AaABAg,Plan 2032 Ciudad de Guatemala,Municipalidad de Guatemala,UCXa6LVjBzUtmcM3cwbd9e2w,@alexarcos8349,UCaT6M2zp7X6r6Whd8Vv3kHQ,Me encanta poner un negocio en Guatemala en un futuro no muy lejano.,Municipalidad de Guatemala,topic,lj983NWyAQY_out_comments.csv | youtube_guatemala_plus_comments.csv,/@alexarcos8349,hace 5 años,1,0,False,,@alexarcos8349,Municipalidad de Guatemala,Plan 2032 Ciudad de Guatemala,Municipalidad de Guatemala,topic,@alexarcos8349,@alexarcos8349,1.0,False,1,0,False,False,hace 5 años,>2 anos,1826.25,Me encanta poner un negocio en Guatemala en un futuro no muy lejano.,encantar negocio guatemala futuro lejano,encanta negocio guatemala futuro lejano,[],[],[],[],0,0,0,0,Me encanta poner un negocio en Guatemala en un futuro no muy lejano.,68,40,13,5,True,False,Plan 2032 Ciudad de Guatemala,UCXa6LVjBzUtmcM3cwbd9e2w,Municipalidad de Guatemala,/@MunicipalidaddeGuatemala-1551,/@MunicipalidaddeGuatemala-1551,News & Politics,Municipalidad de Guatemala,topic,304089,2019-02-28T18:31:10-08:00,2019-03-01 02:31:10+00:00,"[""Ricardo"", ""Quiñónez"", ""Administración"", ""Alcalde"", ""Alcaldía"", ""Alcaldías"", ""Municipalidad"", ""Municipal"", ""Muni"", ""Cumple"", ""Equipo"", ""Transparencia"", ""Servicios"", ""Servir"", ""Servidor"", ""Público"", ""Pasión"", ""Todos"", ""Somos"", ""La"", ""Ciudad"", ""Del"", ""Futuro"", ""Para"", ""Vivir"", ""Polos"", ""desarrollo"", ""pasos a desnivel"", ""movilidad urbana"", ""aerometro"", ""Transmetro"", ""metroriel"", ""Plan 2032"", ""transporte público"", ""reciclaje"", ""movilidad""]","[""Ricardo"", ""Quiñónez"", ""Administración"", ""Alcalde"", ""Alcaldía"", ""Alcaldías"", ""Municipalidad"", ""Municipal"", ""Muni"", ""Cumple"", ""Equipo"", ""Transparencia"", ""Servicios"", ""Servir"", ""Servidor"", ""Público"", ""Pasión"", ""Todos"", ""Somos"", ""La"", ""Ciudad"", ""Del"", ""Futuro"", ""Para"", ""Vivir"", ""Polos"", ""desarrollo"", ""pasos a desnivel"", ""movilidad urbana"", ""aerometro"", ""Transmetro"", ""metroriel"", ""Plan 2032"", ""transporte público"", ""reciclaje"", ""movilidad""]",La Municipalidad de Guatemala trabaja en el plan 2032 con proyectos para solventar los actuales y futuros desafíos de la Ciudad.,36,https://www.youtube.com/watch?v=lj983NWyAQY
n8iP75gIpmw,UgzFOdujc0-cy9W1Uv14AaABAg,Qué rico come tu diputado,Quorum,UCE4rsXcgDb6e1-a9iTbWzfg,@marisosa7832,UC3NMzdMYryaw82kPTnsaljg,Mientras los Guatemaltecos  muriendo de hambre,@quorumgt/videos,channel,quorum_complete_comments.csv | youtube_guatemala_plus_comments.csv,/@marisosa7832,hace 2 años, ,0,False,,@marisosa7832,Quorum,Qué rico come tu diputado,@quorumgt/videos,channel,@marisosa7832,@marisosa7832,,True,0,0,False,False,hace 2 años,1 - 2 anos,730.5,Mientras los Guatemaltecos  muriendo de hambre,guatemalteco morir hambre,guatemaltecos muriendo hambre,[],[],[],[],0,0,0,0,Mientras los Guatemaltecos muriendo de hambre,46,25,6,3,True,False,Qué rico come tu diputado,UCE4rsXcgDb6e1-a9iTbWzfg,Quorum,/@quorumgt,/@quorumgt,News & Politics,Quorum GT,topic,11775,2024-08-27T14:09:51-07:00,2024-08-27 21:09:51+00:00,[],[],"En @ConCriteriogt hablaron hoy sobre nuestro reportaje ""Qué rico come tu diputado"", en el que contamos los almuerzos más caros pagados con fondos públicos entre enero y abril de este año.

Entrevistaron al diputado Nery Rodas, de CABAL, quien asegura que son problemas ""mínimos"".

Si no has leído el repor podés hacerlo acá https://quorum.gt/poder/comida_diputados/",0,https://www.youtube.com/watch?v=n8iP75gIpmw
n8iP75gIpmw,UgzGYzecKVZyDzajKPV4AaABAg,Qué rico come tu diputado,Quorum,UCE4rsXcgDb6e1-a9iTbWzfg,@guillermogonzalez5153,UCLggDc_a5HriXv7I1h02sOA,"Cuando comen  puyaso,,,,,,y un niño  del campo come tortilla con sal  ,,,que es lo relevante  ,,,??",@quorumgt/videos,channel,quorum_complete_comments.csv | youtube_guatemala_plus_comments.csv,/@guillermogonzalez5153,hace 2 años,4,0,False,,@guillermogonzalez5153,Quorum,Qué rico come tu diputado,@quorumgt/videos,channel,@guillermogonzalez5153,@guillermogonzalez5153,4.0,False,4,0,False,False,hace 2 años,1 - 2 anos,730.5,"Cuando comen  puyaso,,,,,,y un niño  del campo come tortilla con sal  ,,,que es lo relevante  ,,,??",comar puyaso nino campo comar tortilla sal relevante,comen puyaso nino campo come tortilla sal relevante,[],[],[],[],0,0,0,0,"Cuando comen puyaso,,,y un niño del campo come tortilla con sal ,,,que es lo relevante ,,,??",99,52,16,8,True,False,Qué rico come tu diputado,UCE4rsXcgDb6e1-a9iTbWzfg,Quorum,/@quorumgt,/@quorumgt,News & Politics,Quorum GT,topic,11775,2024-08-27T14:09:51-07:00,2024-08-27 21:09:51+00:00,[],[],"En @ConCriteriogt hablaron hoy sobre nuestro reportaje ""Qué rico come tu diputado"", en el que contamos los almuerzos más caros pagados con fondos públicos entre enero y abril de este año.

Entrevistaron al diputado Nery Rodas, de CABAL, quien asegura que son problemas ""mínimos"".

Si no has leído el repor podés hacerlo acá https://quorum.gt/poder/comida_diputados/",0,https://www.youtube.com/watch?v=n8iP75gIpmw
n8iP75gIpmw,UgzH_SOr2gGO_dDna5J4AaABAg,Qué rico come tu diputado,Quorum,UCE4rsXcgDb6e1-a9iTbWzfg,@FranciscoRivera-sf7ne,UCSou6a2OuYGSvPjm5psquyA,Qué descaro de ese vividor,@quorumgt/videos,channel,quorum_complete_comments.csv | youtube_guatemala_plus_comments.csv,/@FranciscoRivera-sf7ne,hace 2 años, ,0,False,,@FranciscoRivera-sf7ne,Quorum,Qué rico come tu diputado,@quorumgt/videos,channel,@FranciscoRivera-sf7ne,@franciscorivera-sf7ne,,True,0,0,False,False,hace 2 años,1 - 2 anos,730.5,Qué descaro de ese vividor,descaro vividor,descaro vividor,[],[],[],[],0,0,0,0,Qué descaro de ese vividor,26,15,5,2,True,False,Qué rico come tu diputado,UCE4rsXcgDb6e1-a9iTbWzfg,Quorum,/@quorumgt,/@quorumgt,News & Politics,Quorum GT,topic,11775,2024-08-27T14:09:51-07:00,2024-08-27 21:09:51+00:00,[],[],"En @ConCriteriogt hablaron hoy sobre nuestro reportaje ""Qué rico come tu diputado"", en el que contamos los almuerzos más caros pagados con fondos públicos entre enero y abril de este año.

Entrevistaron al diputado Nery Rodas, de CABAL, quien asegura que son problemas ""mínimos"".

Si no has leído el repor podés hacerlo acá https://quorum.gt/poder/comida_diputados/",0,https://www.youtube.com/watch?v=n8iP75gIpmw
PjmxCj-a9Hg,UgzJ85lM1ogkB4KOk2d4AaABAg,Conferencia de Prensa del Gobierno de Guatemala. #LaRondaGt,Gobierno de la República de Guatemala,UC-ZtFBHzgkYFh7whZkuR_Ag,@aureliomaldonado4793,UCtNyHmRZtvGF2hSvI2dUBWw,Este presidente pendejo no va aser nada si no van a tapar baches menos van a avanzar en otras cosas ya están igual a México con la mañanera y no asen nada solo son abla mierda,@GobiernodeGuatemala,topic,PjmxCj-a9Hg_out_comments.csv | youtube_guatemala_plus_comments.csv,/@aureliomaldonado4793,hace 1 año, ,0,False,,@aureliomaldonado4793,Gobierno de la República de Guatemala,Conferencia de Prensa del Gobierno de Guatemala. #LaRondaGt,@GobiernodeGuatemala,topic,@aureliomaldonado4793,@aureliomaldonado4793,,True,0,0,False,False,hace 1 año,1 mes - 1 ano,365.25,Este presidente pendejo no va aser nada si no van a tapar baches menos van a avanzar en otras cosas ya están igual a México con la mañanera y no asen nada solo son abla mierda,presidente pendejo aser tapar bache avanzar mexico mananera abla mierdo,presidente pendejo aser tapar baches avanzar mexico mananera asen abla mierda,[],[],[],[],0,0,0,0,Este presidente pendejo no va aser nada si no van a tapar baches menos van a avanzar en otras cosas ya están igual a México con la mañanera y no asen nada solo son abla mierda,175,71,36,10,True,False,Conferencia de Prensa del Gobierno de Guatemala. #LaRondaGt,UC-ZtFBHzgkYFh7whZkuR_Ag,Gobierno de la República de Guatemala,/@GobiernodelaRepublicadeGuatema,/@GobiernodelaRepublicadeGuatema,Entertainment,@GobiernodeGuatemala,topic,3628,2025-08-11T20:14:15-07:00,2025-08-12 03:14:15+00:00,[],[],Conferencia de Prensa del Gobierno de Guatemala. #LaRondaGt,0,https://www.youtube.com/watch?v=PjmxCj-a9Hg
lj983NWyAQY,UgzKcy6Zr6Ele2EAo6J4AaABAg,Plan 2032 Ciudad de Guatemala,Municipalidad de Guatemala,UCXa6LVjBzUtmcM3cwbd9e2w,@samuelaguilar529,UCGqKxQS-z3NZzZF-2w338AA,"Me encantaría vivir por un tiempo en Guatemala.
Saludos desde México. :)",Municipalidad de Guatemala,topic,lj983NWyAQY_out_comments.csv | youtube_guatemala_plus_comments.csv,/@samuelaguilar529,hace 7 años,211,3,False,,@samuelaguilar529,Municipalidad de Guatemala,Plan 2032 Ciudad de Guatemala,Municipalidad de Guatemala,topic,@samuelaguilar529,@samuelaguilar529,211.0,False,211,3,False,False,hace 7 años,>2 anos,2556.75,"Me encantaría vivir por un tiempo en Guatemala.
Saludos desde México. :)",encantario vivir tiempo guatemala saludo mexico,encantaria vivir tiempo guatemala saludos mexico,[],[],[],[],0,0,0,0,Me encantaría vivir por un tiempo en Guatemala. Saludos desde México. :),72,47,12,6,True,False,Plan 2032 Ciudad de Guatemala,UCXa6LVjBzUtmcM3cwbd9e2w,Municipalidad de Guatemala,/@MunicipalidaddeGuatemala-1551,/@MunicipalidaddeGuatemala-1551,News & Politics,Municipalidad de Guatemala,topic,304089,2019-02-28T18:31:10-08:00,2019-03-01 02:31:10+00:00,"[""Ricardo"", ""Quiñónez"", ""Administración"", ""Alcalde"", ""Alcaldía"", ""Alcaldías"", ""Municipalidad"", ""Municipal"", ""Muni"", ""Cumple"", ""Equipo"", ""Transparencia"", ""Servicios"", ""Servir"", ""Servidor"", ""Público"", ""Pasión"", ""Todos"", ""Somos"", ""La"", ""Ciudad"", ""Del"", ""Futuro"", ""Para"", ""Vivir"", ""Polos"", ""desarrollo"", ""pasos a desnivel"", ""movilidad urbana"", ""aerometro"", ""Transmetro"", ""metroriel"", ""Plan 2032"", ""transporte público"", ""reciclaje"", ""movilidad""]","[""Ricardo"", ""Quiñónez"", ""Administración"", ""Alcalde"", ""Alcaldía"", ""Alcaldías"", ""Municipalidad"", ""Municipal"", ""Muni"", ""Cumple"", ""Equipo"", ""Transparencia"", ""Servicios"", ""Servir"", ""Servidor"", ""Público"", ""Pasión"", ""Todos"", ""Somos"", ""La"", ""Ciudad"", ""Del"", ""Futuro"", ""Para"", ""Vivir"", ""Polos"", ""desarrollo"", ""pasos a desnivel"", ""movilidad urbana"", ""aerometro"", ""Transmetro"", ""metroriel"", ""Plan 2032"", ""transporte público"", ""reciclaje"", ""movilidad""]",La Municipalidad de Guatemala trabaja en el plan 2032 con proyectos para solventar los actuales y futuros desafíos de la Ciudad.,36,https://www.youtube.com/watch?v=lj983NWyAQY
yLZS3JiEBg8,UgzL_lyzP1gwPdnVQ3Z4AaABAg,Arroz con pollo a la MONOPOLIO,Quorum,UCE4rsXcgDb6e1-a9iTbWzfg,@JBFlute92,UCXO1BBohNWXkK9SBDAG2ySg,Excelente trabajo !!,@quorumgt/videos,channel,quorum_complete_comments.csv | youtube_guatemala_plus_comments.csv,/@JBFlute92,hace 2 años, ,0,False,,@JBFlute92,Quorum,Arroz con pollo a la MONOPOLIO,@quorumgt/videos,channel,@JBFlute92,@jbflute92,,True,0,0,False,False,hace 2 años,1 - 2 anos,730.5,Excelente trabajo !!,excelente trabajo,excelente trabajo,[],[],[],[],0,0,0,0,Excelente trabajo !!,20,17,3,2,True,False,Arroz con pollo a la MONOPOLIO,UCE4rsXcgDb6e1-a9iTbWzfg,Quorum,/@quorumgt,/@quorumgt,News & Politics,@quorumgt/videos,channel,1954,2024-05-09T19:15:12-07:00,2024-05-10 02:15:12+00:00,[],[],"🔍 En Guatemala tenemos un mercado no tan “libre” que digamos. 

💸 Unas pocas empresas dominan las diferentes industrias y en algunos sectores no hay una competencia real que favorezca al consumidor.

🎥 Hoy estrenamos #LasMañasDelMercado para hablar de la industria alimenticia y la necesidad de una #LeyDeCompetencia.",0,https://www.youtube.com/watch?v=yLZS3JiEBg8
6W4u8sGEnGM,UgzMXsCXt9Lh-tk3fZd4AaABAg,Inician los trabajos de recuperación del Puente Belice II.,Gobierno de la República de Guatemala,UC-ZtFBHzgkYFh7whZkuR_Ag,@maydamorales4395,UChyps3dqY-VY1_wLeq-2lhw,"Despues de tanta corrpcion y desfalco por los anteriores gobiernos ladrones que esperaba Rolando? ahora si se puede ver que los fondos de nuestros impuestos se estan usando en lo que deberian de haberse usado hace 40 anios, es muy bueno ver que al fin hay un presidente que esta trabajando no sentado atras de un escritorio llenandose las bolsas!",Gobierno de la República de Guatemala,topic,youtube_guatemala_plus_comments.csv | youtube_lab_targets_small_comments.csv,/@maydamorales4395,hace 6 días,14,1,False,,@maydamorales4395,Gobierno de la República de Guatemala,Inician los trabajos de recuperación del Puente Belice II.,Gobierno de la República de Guatemala,topic,@maydamorales4395,@maydamorales4395,14.0,False,14,1,False,False,hace 6 días,<1 semana,6.0,"Despues de tanta corrpcion y desfalco por los anteriores gobiernos ladrones que esperaba Rolando? ahora si se puede ver que los fondos de nuestros impuestos se estan usando en lo que deberian de haberse usado hace 40 anios, es muy bueno ver que al fin hay un presidente que esta trabajando no sentado atras de un escritorio llenandose las bolsas!",corrpcion desfalco gobierno ladron esperar rolar fondo impuesto deberiar haber el anio presidente trabajar sentado escritorio llenar el bolsa,tanta corrpcion desfalco anteriores gobiernos ladrones esperaba rolando fondos impuestos usando deberian haberse usado anios presidente trabajando sentado escritorio llenandose bolsas,[],[],[],[],0,0,0,0,"Despues de tanta corrpcion y desfalco por los anteriores gobiernos ladrones que esperaba Rolando? ahora si se puede ver que los fondos de nuestros impuestos se estan usando en lo que deberian de haberse usado hace 40 anios, es muy bueno ver que al fin hay un presidente que esta trabajando no sentado atras de un escritorio llenandose las bolsas!",346,141,60,19,True,False,Inician los trabajos de recuperación del Puente Belice II.,UC-ZtFBHzgkYFh7whZkuR_Ag,Gobierno de la República de Guatemala,/@GobiernodelaRepublicadeGuatema,/@GobiernodelaRepublicadeGuatema,Entertainment,Gobierno de la República de Guatemala,topic,11670,2026-08-26T21:00:47-07:00,2026-08-27 04:00:47+00:00,[],[],Inician los trabajos de recuperación del Puente Belice II.,0,https://www.youtube.com/watch?v=6W4u8sGEnGM
6W4u8sGEnGM,UgzMXsCXt9Lh-tk3fZd4AaABAg.A_zGMKwFBhPA_zWhjiGKb7,Inician los trabajos de recuperación del Puente Belice II.,Gobierno de la República de Guatemala,UC-ZtFBHzgkYFh7whZkuR_Ag,@Murmullodelbarrio,UCyJhqmMbsvjpoarBBStA2kg,"Esoooooo 
Así mero es",Gobierno de la República de Guatemala,topic,youtube_guatemala_plus_comments.csv | youtube_lab_targets_small_comments.csv,/@Murmullodelbarrio,hace 6 días,1,0,False,,@Murmullodelbarrio,Gobierno de la República de Guatemala,Inician los trabajos de recuperación del Puente Belice II.,Gobierno de la República de Guatemala,topic,@Murmullodelbarrio,@murmullodelbarrio,1.0,False,1,0,False,False,hace 6 días,<1 semana,6.0,"Esoooooo 
Así mero es",esoo mero,esoo mero,[],[],[],[],0,0,0,0,Esooo Así mero es,21,9,4,2,True,False,Inician los trabajos de recuperación del Puente Belice II.,UC-ZtFBHzgkYFh7whZkuR_Ag,Gobierno de la República de Guatemala,/@GobiernodelaRepublicadeGuatema,/@GobiernodelaRepublicadeGuatema,Entertainment,Gobierno de la República de Guatemala,topic,11670,2026-08-26T21:00:47-07:00,2026-08-27 04:00:47+00:00,[],[],Inician los trabajos de recuperación del Puente Belice II.,0,https://www.youtube.com/watch?v=6W4u8sGEnGM
n8iP75gIpmw,UgzM_dw7xZDkJJ8eYQ94AaABAg,Qué rico come tu diputado,Quorum,UCE4rsXcgDb6e1-a9iTbWzfg,@Rogergh-nw4oj,UCXgr7vXlRrsaskPdo097kGA,asi o mas envelequero...,@quorumgt/videos,channel,quorum_complete_comments.csv | youtube_guatemala_plus_comments.csv,/@Rogergh-nw4oj,hace 2 años, ,0,False,,@Rogergh-nw4oj,Quorum,Qué rico come tu diputado,@quorumgt/videos,channel,@Rogergh-nw4oj,@rogergh-nw4oj,,True,0,0,False,False,hace 2 años,1 - 2 anos,730.5,asi o mas envelequero...,envelequero,envelequero,[],[],[],[],0,0,0,0,asi o mas envelequero...,24,11,4,1,True,False,Qué rico come tu diputado,UCE4rsXcgDb6e1-a9iTbWzfg,Quorum,/@quorumgt,/@quorumgt,News & Politics,Quorum GT,topic,11775,2024-08-27T14:09:51-07:00,2024-08-27 21:09:51+00:00,[],[],"En @ConCriteriogt hablaron hoy sobre nuestro reportaje ""Qué rico come tu diputado"", en el que contamos los almuerzos más caros pagados con fondos públicos entre enero y abril de este año.

Entrevistaron al diputado Nery Rodas, de CABAL, quien asegura que son problemas ""mínimos"".

Si no has leído el repor podés hacerlo acá https://quorum.gt/poder/comida_diputados/",0,https://www.youtube.com/watch?v=n8iP75gIpmw
n8iP75gIpmw,UgzMppllQcjsXkBLgiZ4AaABAg,Qué rico come tu diputado,Quorum,UCE4rsXcgDb6e1-a9iTbWzfg,@Jel.Awesh.M,UCylqlpsh8ENNM1LqgQ1KbxA,Y eso es a lo que sale a luz ¿qué más  nos esconderán?,@quorumgt/videos,channel,quorum_complete_comments.csv | youtube_guatemala_plus_comments.csv,/@Jel.Awesh.M,hace 1 año, ,0,False,,@Jel.Awesh.M,Quorum,Qué rico come tu diputado,@quorumgt/videos,channel,@Jel.Awesh.M,@jel.awesh.m,,True,0,0,False,False,hace 1 año,1 mes - 1 ano,365.25,Y eso es a lo que sale a luz ¿qué más  nos esconderán?,salir luz esconderan,sale luz esconderan,[],[],[],[],0,0,0,0,Y eso es a lo que sale a luz ¿qué más nos esconderán?,54,20,13,3,True,False,Qué rico come tu diputado,UCE4rsXcgDb6e1-a9iTbWzfg,Quorum,/@quorumgt,/@quorumgt,News & Politics,Quorum GT,topic,11775,2024-08-27T14:09:51-07:00,2024-08-27 21:09:51+00:00,[],[],"En @ConCriteriogt hablaron hoy sobre nuestro reportaje ""Qué rico come tu diputado"", en el que contamos los almuerzos más caros pagados con fondos públicos entre enero y abril de este año.

Entrevistaron al diputado Nery Rodas, de CABAL, quien asegura que son problemas ""mínimos"".

Si no has leído el repor podés hacerlo acá https://quorum.gt/poder/comida_diputados/",0,https://www.youtube.com/watch?v=n8iP75gIpmw
n8iP75gIpmw,UgzOB-KAGGElQGAPxEZ4AaABAg,Qué rico come tu diputado,Quorum,UCE4rsXcgDb6e1-a9iTbWzfg,@aluxdel4792,UC4cXueR2bKGFJV0Fk76gwmA,"Por qué hay 160 diPUTAdos ? Máximo deberían ser 80 diPUTAdos , hambrientos porque saben que el pueblo paga y hasta da propina. Y mientras tanto en el corredor seco la gente se está muriendo de hambre",@quorumgt/videos,channel,quorum_complete_comments.csv | youtube_guatemala_plus_comments.csv,/@aluxdel4792,hace 1 año, ,0,False,,@aluxdel4792,Quorum,Qué rico come tu diputado,@quorumgt/videos,channel,@aluxdel4792,@aluxdel4792,,True,0,0,False,False,hace 1 año,1 mes - 1 ano,365.25,"Por qué hay 160 diPUTAdos ? Máximo deberían ser 80 diPUTAdos , hambrientos porque saben que el pueblo paga y hasta da propina. Y mientras tanto en el corredor seco la gente se está muriendo de hambre",diputado maximo deberiar diputado hambriento pueblo pagar propin corredor seco morir hambre,diputados maximo deberian diputados hambrientos pueblo paga propina corredor seco muriendo hambre,[],[],[],[],0,0,0,0,"Por qué hay 160 diPUTAdos ? Máximo deberían ser 80 diPUTAdos , hambrientos porque saben que el pueblo paga y hasta da propina. Y mientras tanto en el corredor seco la gente se está muriendo de hambre",199,91,37,12,True,False,Qué rico come tu diputado,UCE4rsXcgDb6e1-a9iTbWzfg,Quorum,/@quorumgt,/@quorumgt,News & Politics,Quorum GT,topic,11775,2024-08-27T14:09:51-07:00,2024-08-27 21:09:51+00:00,[],[],"En @ConCriteriogt hablaron hoy sobre nuestro reportaje ""Qué rico come tu diputado"", en el que contamos los almuerzos más caros pagados con fondos públicos entre enero y abril de este año.

Entrevistaron al diputado Nery Rodas, de CABAL, quien asegura que son problemas ""mínimos"".

Si no has leído el repor podés hacerlo acá https://quorum.gt/poder/comida_diputados/",0,https://www.youtube.com/watch?v=n8iP75gIpmw
n8iP75gIpmw,UgzOGr7KGQ9pa-CJdgN4AaABAg,Qué rico come tu diputado,Quorum,UCE4rsXcgDb6e1-a9iTbWzfg,@LE_A22,UCNBnKqWf4d-rS4HwJRQljmQ,"Ósea que por ser diputados TIENEN QUE TENER PRIVILEGIOS A HUEVOS?  25 mil al mes más dietas,mocos etc. pero hablemos de 25 mil,ese ese el salario de 5 ó 6 meses de un ciudadano de a pie… y no tiene carro comida,tel etc gratis como estas ratas,y entre esos diputados los de la junta,los jefes de bloque son los más chuchos,pero quiere justificar todo como que fuese un derecho  y ellos fuesen reyes del país",@quorumgt/videos,channel,quorum_complete_comments.csv | youtube_guatemala_plus_comments.csv,/@LE_A22,hace 2 años, ,0,False,,@LE_A22,Quorum,Qué rico come tu diputado,@quorumgt/videos,channel,@LE_A22,@le_a22,,True,0,0,False,False,hace 2 años,1 - 2 anos,730.5,"Ósea que por ser diputados TIENEN QUE TENER PRIVILEGIOS A HUEVOS?  25 mil al mes más dietas,mocos etc. pero hablemos de 25 mil,ese ese el salario de 5 ó 6 meses de un ciudadano de a pie… y no tiene carro comida,tel etc gratis como estas ratas,y entre esos diputados los de la junta,los jefes de bloque son los más chuchos,pero quiere justificar todo como que fuese un derecho  y ellos fuesen reyes del país",osear diputado privilegio huevo mil mes dieta moco etc hablar mil salario mes ciudadano pie carro comida tel etc gratis rata diputado jefe blocar chucho justificar derecho reyes,osea diputados privilegios huevos mil mes dietas mocos etc hablemos mil salario meses ciudadano pie carro comida tel etc gratis ratas diputados junta jefes bloque chuchos justificar derecho reyes,[],[],[],[],0,0,0,0,"Ósea que por ser diputados TIENEN QUE TENER PRIVILEGIOS A HUEVOS? 25 mil al mes más dietas,mocos etc. pero hablemos de 25 mil,ese ese el salario de 5 ó 6 meses de un ciudadano de a pie… y no tiene carro comida,tel etc gratis como estas ratas,y entre esos diputados los de la junta,los jefes de bloque son los más chuchos,pero quiere justificar todo como que fuese un derecho y ellos fuesen reyes del país",406,177,75,28,True,False,Qué rico come tu diputado,UCE4rsXcgDb6e1-a9iTbWzfg,Quorum,/@quorumgt,/@quorumgt,News & Politics,Quorum GT,topic,11775,2024-08-27T14:09:51-07:00,2024-08-27 21:09:51+00:00,[],[],"En @ConCriteriogt hablaron hoy sobre nuestro reportaje ""Qué rico come tu diputado"", en el que contamos los almuerzos más caros pagados con fondos públicos entre enero y abril de este año.

Entrevistaron al diputado Nery Rodas, de CABAL, quien asegura que son problemas ""mínimos"".

Si no has leído el repor podés hacerlo acá https://quorum.gt/poder/comida_diputados/",0,https://www.youtube.com/watch?v=n8iP75gIpmw
n8iP75gIpmw,UgzOYjc2Ii04ZArW7vF4AaABAg,Qué rico come tu diputado,Quorum,UCE4rsXcgDb6e1-a9iTbWzfg,@mariorodas593,UCmvOgzmmXbjUthHy-WJ52hQ,Eso del ferrogaril nunca se va a realisar.,@quorumgt/videos,channel,quorum_complete_comments.csv | youtube_guatemala_plus_comments.csv,/@mariorodas593,hace 2 años,1,0,False,,@mariorodas593,Quorum,Qué rico come tu diputado,@quorumgt/videos,channel,@mariorodas593,@mariorodas593,1.0,False,1,0,False,False,hace 2 años,1 - 2 anos,730.5,Eso del ferrogaril nunca se va a realisar.,ferrogaril realisar,ferrogaril realisar,[],[],[],[],0,0,0,0,Eso del ferrogaril nunca se va a realisar.,42,19,8,2,True,False,Qué rico come tu diputado,UCE4rsXcgDb6e1-a9iTbWzfg,Quorum,/@quorumgt,/@quorumgt,News & Politics,Quorum GT,topic,11775,2024-08-27T14:09:51-07:00,2024-08-27 21:09:51+00:00,[],[],"En @ConCriteriogt hablaron hoy sobre nuestro reportaje ""Qué rico come tu diputado"", en el que contamos los almuerzos más caros pagados con fondos públicos entre enero y abril de este año.

Entrevistaron al diputado Nery Rodas, de CABAL, quien asegura que son problemas ""mínimos"".

Si no has leído el repor podés hacerlo acá https://quorum.gt/poder/comida_diputados/",0,https://www.youtube.com/watch?v=n8iP75gIpmw
s0eco-BofOs,UgzOeIbOqa0dhaWyj_B4AaABAg,¿Quiénes pagan más en Centroamérica?,Quorum,UCE4rsXcgDb6e1-a9iTbWzfg,@jahirdiaz5862,UC6xI_MOaxajIWpoP8BH6E_Q,wooow,@quorumgt/videos,channel,quorum_complete_comments.csv | youtube_guatemala_plus_comments.csv,/@jahirdiaz5862,hace 1 año, ,0,False,,@jahirdiaz5862,Quorum,¿Quiénes pagan más en Centroamérica?,@quorumgt/videos,channel,@jahirdiaz5862,@jahirdiaz5862,,True,0,0,False,False,hace 1 año,1 mes - 1 ano,365.25,wooow,woow,woow,[],[],[],[],0,0,0,0,wooow,5,4,1,1,True,False,¿Quiénes pagan más en Centroamérica?,UCE4rsXcgDb6e1-a9iTbWzfg,Quorum,/@quorumgt,/@quorumgt,News & Politics,Quorum GT,topic,220,2025-05-29T15:28:07-07:00,2025-05-29 22:28:07+00:00,"[""justicia fiscal"", ""centroamerica"", ""guatemala"", ""honduras"", ""nicaragua"", ""costa rica"", ""panamá"", ""desigualdad"", ""impuestos"", ""millonarios"", ""pobreza"", ""políticas regresivas"", ""impuestos al consumo""]","[""justicia fiscal"", ""centroamerica"", ""guatemala"", ""honduras"", ""nicaragua"", ""costa rica"", ""panamá"", ""desigualdad"", ""impuestos"", ""millonarios"", ""pobreza"", ""políticas regresivas"", ""impuestos al consumo""]","🌏 En Centroamérica, la riqueza está concentrada en pocas manos: 1,120 millonarios acumulan fortunas que, juntas, podrían comprar todos los clubes top de Europa. 💵 Este video expone cómo, a pesar de esa abundancia, la mayoría de las personas viven en pobreza extrema. ⚖️ Explicamos por qué el problema no es la existencia de ricos, sino un sistema desigual que no logra redistribuir oportunidades ni beneficios.

👉 Descarga el informe ""Más recursos para más derechos"", elaborado por Oxfam, para conocer más hallazgos importantes. https://bit.ly/masrecursosmasderechos

👉 Consulta la tabla de los más ricos de Centroamérica https://bit.ly/fortunasCA

👉 Visitá Quorum https://quorum.gt/el-dilema-de-los-impuestos-en-centroamerica/(abre en una nueva pestaña)",13,https://www.youtube.com/watch?v=s0eco-BofOs
lj983NWyAQY,UgzPExq20lnf7-8d7_p4AaABAg,Plan 2032 Ciudad de Guatemala,Municipalidad de Guatemala,UCXa6LVjBzUtmcM3cwbd9e2w,@mynorgudiel8646,UCtMBF_1O2jY2INlb_luuB_A,Que Bonita ciudad mi Guatemala como te extraño algún día regresaremos saludos a todos los paisanos que estamos en el extranjero,Municipalidad de Guatemala,topic,lj983NWyAQY_out_comments.csv | youtube_guatemala_plus_comments.csv,/@mynorgudiel8646,hace 7 años,15,0,False,,@mynorgudiel8646,Municipalidad de Guatemala,Plan 2032 Ciudad de Guatemala,Municipalidad de Guatemala,topic,@mynorgudiel8646,@mynorgudiel8646,15.0,False,15,0,False,False,hace 7 años,>2 anos,2556.75,Que Bonita ciudad mi Guatemala como te extraño algún día regresaremos saludos a todos los paisanos que estamos en el extranjero,bonito ciudad guatemala extrano regresarer saludo paisano extranjero,bonita ciudad guatemala extrano regresaremos saludos paisanos extranjero,[],[],[],[],0,0,0,0,Que Bonita ciudad mi Guatemala como te extraño algún día regresaremos saludos a todos los paisanos que estamos en el extranjero,127,68,21,8,True,False,Plan 2032 Ciudad de Guatemala,UCXa6LVjBzUtmcM3cwbd9e2w,Municipalidad de Guatemala,/@MunicipalidaddeGuatemala-1551,/@MunicipalidaddeGuatemala-1551,News & Politics,Municipalidad de Guatemala,topic,304089,2019-02-28T18:31:10-08:00,2019-03-01 02:31:10+00:00,"[""Ricardo"", ""Quiñónez"", ""Administración"", ""Alcalde"", ""Alcaldía"", ""Alcaldías"", ""Municipalidad"", ""Municipal"", ""Muni"", ""Cumple"", ""Equipo"", ""Transparencia"", ""Servicios"", ""Servir"", ""Servidor"", ""Público"", ""Pasión"", ""Todos"", ""Somos"", ""La"", ""Ciudad"", ""Del"", ""Futuro"", ""Para"", ""Vivir"", ""Polos"", ""desarrollo"", ""pasos a desnivel"", ""movilidad urbana"", ""aerometro"", ""Transmetro"", ""metroriel"", ""Plan 2032"", ""transporte público"", ""reciclaje"", ""movilidad""]","[""Ricardo"", ""Quiñónez"", ""Administración"", ""Alcalde"", ""Alcaldía"", ""Alcaldías"", ""Municipalidad"", ""Municipal"", ""Muni"", ""Cumple"", ""Equipo"", ""Transparencia"", ""Servicios"", ""Servir"", ""Servidor"", ""Público"", ""Pasión"", ""Todos"", ""Somos"", ""La"", ""Ciudad"", ""Del"", ""Futuro"", ""Para"", ""Vivir"", ""Polos"", ""desarrollo"", ""pasos a desnivel"", ""movilidad urbana"", ""aerometro"", ""Transmetro"", ""metroriel"", ""Plan 2032"", ""transporte público"", ""reciclaje"", ""movilidad""]",La Municipalidad de Guatemala trabaja en el plan 2032 con proyectos para solventar los actuales y futuros desafíos de la Ciudad.,36,https://www.youtube.com/watch?v=lj983NWyAQY
OkXlHx0hx-8,UgzQTWwjC_XVPUNxuXp4AaABAg,EE.UU. envía a mexicanos deportados a Guatemala antes de su regreso a México | Noticias Telemundo,Noticias Telemundo,UCRwA1NUcUnwsly35ikGhp0A,@flornolberto2425,UCrqXyRsg-_hTosURZ-uvoKg,Que desgraciados sin Corazón y porque mandarlos a un pais del que no pertenesen ???? Si los  deportan por lo menos deverian de hacerlo al pais que pertenesen haci la familia puede verlos y ver sus nesecidad.,guatemala noticias,topic,youtube_guatemala_comments.csv | youtube_guatemala_plus_comments.csv,/@flornolberto2425,hace 1 día, ,0,False,,@flornolberto2425,Noticias Telemundo,EE.UU. envía a mexicanos deportados a Guatemala antes de su regreso a México | Noticias Telemundo,guatemala noticias,topic,@flornolberto2425,@flornolberto2425,,True,0,0,False,False,hace 1 día,<1 semana,1.0,Que desgraciados sin Corazón y porque mandarlos a un pais del que no pertenesen ???? Si los  deportan por lo menos deverian de hacerlo al pais que pertenesen haci la familia puede verlos y ver sus nesecidad.,desgraciado corazon mandarlo pertenesen deportar deveriar pertenesen haci familia verlo nesecidad,desgraciados corazon mandarlos pertenesen deportan deverian pertenesen haci familia verlos nesecidad,[],[],[],[],0,0,0,0,Que desgraciados sin Corazón y porque mandarlos a un pais del que no pertenesen ??? Si los deportan por lo menos deverian de hacerlo al pais que pertenesen haci la familia puede verlos y ver sus nesecidad.,207,97,37,11,True,False,EE.UU. envía a mexicanos deportados a Guatemala antes de su regreso a México | Noticias Telemundo,UCRwA1NUcUnwsly35ikGhp0A,Noticias Telemundo,/@noticias,/@noticias,News & Politics,guatemala noticias,topic,14200,2026-08-30T16:38:02-07:00,2026-08-30 23:38:02+00:00,"[""telemundo noticias"", ""noticias telemundo"", ""noticias telemundo de hoy"", ""noticias"", ""noticias en vivo"", ""telemundo"", ""noticias de ultima hora"", ""noticias de hoy"", ""ee uu deporta a miles de mexicanos a traves de guatemala"", ""mexico rechaza uso de guatemala como pais puente"", ""dhs acelera expulsiones de mexicanos por guatemala"", ""polemica por ruta de deportacion de ee uu a tapachula"", ""miles de deportados mexicanos quedan varados en guatemala""]","[""telemundo noticias"", ""noticias telemundo"", ""noticias telemundo de hoy"", ""noticias"", ""noticias en vivo"", ""telemundo"", ""noticias de ultima hora"", ""noticias de hoy"", ""ee uu deporta a miles de mexicanos a traves de guatemala"", ""mexico rechaza uso de guatemala como pais puente"", ""dhs acelera expulsiones de mexicanos por guatemala"", ""polemica por ruta de deportacion de ee uu a tapachula"", ""miles de deportados mexicanos quedan varados en guatemala""]","Video oficial de Noticias Telemundo. Desde abril, casi 2,300 mexicanos han sido enviados a Guatemala, según autoridades de ese país. Al llegar a Tapachula, muchos deben buscar cómo trasladarse a sus estados de origen. DHS justifica el uso de países “puente” para acelerar las expulsiones.

Descarga nuestra App:
https://telemundo.app.link/Mtq7sTKAUtb

SUSCRÍBETE: https://bit.ly/TLMDNoticiasYT

Noticias
Noticias Telemundo es un proveedor líder de noticias para los hispanos de EE.UU. Sus galardonados espacios de noticias, transmitidos desde Telemundo Center, incluyen los noticieros diarios ""Noticias Telemundo"" con Julio Vaqueiro; ""Noticias Telemundo Fin de Semana"", ""Noticias Telemundo Mediodía"" y ""Noticias Telemundo En La Noche"". El ""Equipo Digital de Noticias Telemundo"" ofrece contenido ininterrumpido para los hispanos de EE.UU. a través de sus crecientes plataformas móviles y en línea. ""Noticias Telemundo Investiga"" produce reportes investigativos y documentales en profundidad. ""Noticias Telemundo Planeta Tierra"" ofrece información relacionada con el medio ambiente y el cambio climático. Adicionalmente, ""Noticias Telemundo"" produce galardonados especiales de noticias, documentales y eventos noticiosos como debates políticos, asambleas ciudadanas y foros.

Telemundo
Es una empresa de medios de primera categoría, líder en la industria en la producción y distribución de contenido en español de alta calidad a través de múltiples plataformas para hispanos en los Estados Unidos y alrededor del mundo. La cadena ofrece producciones dramáticas originales de Telemundo Studios – el productor #1 de contenido en español de horario estelar – así como contenido alternativo, películas de cine, especiales, noticias y eventos deportivos de primer nivel, alcanzando el 94% de los televidentes hispanos en los Estados Unidos en 210 mercados a través de 17 estaciones propias y 57 afiliadas de TV abierta. Telemundo también es propietaria de WKAQ, una estación de televisión local que sirve Puerto Rico. Telemundo es parte de NBCUniversal Telemundo Enterprises, una división de NBCUniversal, una de las compañías líderes en el mundo de los medios y entretenimiento. NBCUniversal es una subsidiaria de Comcast Corporation.

SÍGUENOS EN X: https://twitter.com/telemundonews
DANOS ME GUSTA EN FACEBOOK: https://www.facebook.com/NoticiasTelemundo

#NoticiasTelemundo #Deportaciones #Frontera 

EE.UU. envía a mexicanos deportados a Guatemala antes de su regreso a México | Noticias Telemundo
https://www.youtube.com/noticias

Noticias, Telemundo, Noticias Telemundo de hoy, Telemundo Noticias, Noticias, Telemundo, Telemundo Noticias de hoy, Noticias Telemundo de hoy en vivo, Ultima hora, Noticias de hoy, Noticias de Ultima hora",13,https://www.youtube.com/watch?v=OkXlHx0hx-8
OkXlHx0hx-8,UgzRlz8OqalaHh8EnUl4AaABAg,EE.UU. envía a mexicanos deportados a Guatemala antes de su regreso a México | Noticias Telemundo,Noticias Telemundo,UCRwA1NUcUnwsly35ikGhp0A,@pasionpornada,UCGZMgmM92E3njyXNe9-kjAQ,""" Ayudanos a luchar contra el racismo y los malos tratos; vete de regreso a tu pais""
                                              Someone.",guatemala noticias,topic,youtube_guatemala_comments.csv | youtube_guatemala_plus_comments.csv,/@pasionpornada,hace 1 día (editado),2,1,False,,@pasionpornada,Noticias Telemundo,EE.UU. envía a mexicanos deportados a Guatemala antes de su regreso a México | Noticias Telemundo,guatemala noticias,topic,@pasionpornada,@pasionpornada,2.0,False,2,1,False,True,hace 1 día,<1 semana,1.0,""" Ayudanos a luchar contra el racismo y los malos tratos; vete de regreso a tu pais""
                                              Someone.",ayudano luchar racismo malo trato vetir regreso someonir,ayudanos luchar racismo malos tratos vete regreso someone,[],[],[],[],0,0,0,0,""" Ayudanos a luchar contra el racismo y los malos tratos; vete de regreso a tu pais"" Someone.",139,56,18,8,True,False,EE.UU. envía a mexicanos deportados a Guatemala antes de su regreso a México | Noticias Telemundo,UCRwA1NUcUnwsly35ikGhp0A,Noticias Telemundo,/@noticias,/@noticias,News & Politics,guatemala noticias,topic,14200,2026-08-30T16:38:02-07:00,2026-08-30 23:38:02+00:00,"[""telemundo noticias"", ""noticias telemundo"", ""noticias telemundo de hoy"", ""noticias"", ""noticias en vivo"", ""telemundo"", ""noticias de ultima hora"", ""noticias de hoy"", ""ee uu deporta a miles de mexicanos a traves de guatemala"", ""mexico rechaza uso de guatemala como pais puente"", ""dhs acelera expulsiones de mexicanos por guatemala"", ""polemica por ruta de deportacion de ee uu a tapachula"", ""miles de deportados mexicanos quedan varados en guatemala""]","[""telemundo noticias"", ""noticias telemundo"", ""noticias telemundo de hoy"", ""noticias"", ""noticias en vivo"", ""telemundo"", ""noticias de ultima hora"", ""noticias de hoy"", ""ee uu deporta a miles de mexicanos a traves de guatemala"", ""mexico rechaza uso de guatemala como pais puente"", ""dhs acelera expulsiones de mexicanos por guatemala"", ""polemica por ruta de deportacion de ee uu a tapachula"", ""miles de deportados mexicanos quedan varados en guatemala""]","Video oficial de Noticias Telemundo. Desde abril, casi 2,300 mexicanos han sido enviados a Guatemala, según autoridades de ese país. Al llegar a Tapachula, muchos deben buscar cómo trasladarse a sus estados de origen. DHS justifica el uso de países “puente” para acelerar las expulsiones.

Descarga nuestra App:
https://telemundo.app.link/Mtq7sTKAUtb

SUSCRÍBETE: https://bit.ly/TLMDNoticiasYT

Noticias
Noticias Telemundo es un proveedor líder de noticias para los hispanos de EE.UU. Sus galardonados espacios de noticias, transmitidos desde Telemundo Center, incluyen los noticieros diarios ""Noticias Telemundo"" con Julio Vaqueiro; ""Noticias Telemundo Fin de Semana"", ""Noticias Telemundo Mediodía"" y ""Noticias Telemundo En La Noche"". El ""Equipo Digital de Noticias Telemundo"" ofrece contenido ininterrumpido para los hispanos de EE.UU. a través de sus crecientes plataformas móviles y en línea. ""Noticias Telemundo Investiga"" produce reportes investigativos y documentales en profundidad. ""Noticias Telemundo Planeta Tierra"" ofrece información relacionada con el medio ambiente y el cambio climático. Adicionalmente, ""Noticias Telemundo"" produce galardonados especiales de noticias, documentales y eventos noticiosos como debates políticos, asambleas ciudadanas y foros.

Telemundo
Es una empresa de medios de primera categoría, líder en la industria en la producción y distribución de contenido en español de alta calidad a través de múltiples plataformas para hispanos en los Estados Unidos y alrededor del mundo. La cadena ofrece producciones dramáticas originales de Telemundo Studios – el productor #1 de contenido en español de horario estelar – así como contenido alternativo, películas de cine, especiales, noticias y eventos deportivos de primer nivel, alcanzando el 94% de los televidentes hispanos en los Estados Unidos en 210 mercados a través de 17 estaciones propias y 57 afiliadas de TV abierta. Telemundo también es propietaria de WKAQ, una estación de televisión local que sirve Puerto Rico. Telemundo es parte de NBCUniversal Telemundo Enterprises, una división de NBCUniversal, una de las compañías líderes en el mundo de los medios y entretenimiento. NBCUniversal es una subsidiaria de Comcast Corporation.

SÍGUENOS EN X: https://twitter.com/telemundonews
DANOS ME GUSTA EN FACEBOOK: https://www.facebook.com/NoticiasTelemundo

#NoticiasTelemundo #Deportaciones #Frontera 

EE.UU. envía a mexicanos deportados a Guatemala antes de su regreso a México | Noticias Telemundo
https://www.youtube.com/noticias

Noticias, Telemundo, Noticias Telemundo de hoy, Telemundo Noticias, Noticias, Telemundo, Telemundo Noticias de hoy, Noticias Telemundo de hoy en vivo, Ultima hora, Noticias de hoy, Noticias de Ultima hora",13,https://www.youtube.com/watch?v=OkXlHx0hx-8
OkXlHx0hx-8,UgzRlz8OqalaHh8EnUl4AaABAg.Aa9hqaKl_ywAaB_OUjpKKh,EE.UU. envía a mexicanos deportados a Guatemala antes de su regreso a México | Noticias Telemundo,Noticias Telemundo,UCRwA1NUcUnwsly35ikGhp0A,@eugeneramirez4405,UCi2KiZq63sRq8Mfbcp-MelQ,"It ghe LAW 
You don't make your own rules!",guatemala noticias,topic,youtube_guatemala_comments.csv | youtube_guatemala_plus_comments.csv,/@eugeneramirez4405,hace 20 horas, ,0,False,,@eugeneramirez4405,Noticias Telemundo,EE.UU. envía a mexicanos deportados a Guatemala antes de su regreso a México | Noticias Telemundo,guatemala noticias,topic,@eugeneramirez4405,@eugeneramirez4405,,True,0,0,False,False,hace 20 horas,<1 semana,0.833,"It ghe LAW 
You don't make your own rules!",ghe law don make your own rul,ghe law don make your own rules,[],[],[],[],0,0,0,0,It ghe LAW You don't make your own rules!,42,29,9,7,True,False,EE.UU. envía a mexicanos deportados a Guatemala antes de su regreso a México | Noticias Telemundo,UCRwA1NUcUnwsly35ikGhp0A,Noticias Telemundo,/@noticias,/@noticias,News & Politics,guatemala noticias,topic,14200,2026-08-30T16:38:02-07:00,2026-08-30 23:38:02+00:00,"[""telemundo noticias"", ""noticias telemundo"", ""noticias telemundo de hoy"", ""noticias"", ""noticias en vivo"", ""telemundo"", ""noticias de ultima hora"", ""noticias de hoy"", ""ee uu deporta a miles de mexicanos a traves de guatemala"", ""mexico rechaza uso de guatemala como pais puente"", ""dhs acelera expulsiones de mexicanos por guatemala"", ""polemica por ruta de deportacion de ee uu a tapachula"", ""miles de deportados mexicanos quedan varados en guatemala""]","[""telemundo noticias"", ""noticias telemundo"", ""noticias telemundo de hoy"", ""noticias"", ""noticias en vivo"", ""telemundo"", ""noticias de ultima hora"", ""noticias de hoy"", ""ee uu deporta a miles de mexicanos a traves de guatemala"", ""mexico rechaza uso de guatemala como pais puente"", ""dhs acelera expulsiones de mexicanos por guatemala"", ""polemica por ruta de deportacion de ee uu a tapachula"", ""miles de deportados mexicanos quedan varados en guatemala""]","Video oficial de Noticias Telemundo. Desde abril, casi 2,300 mexicanos han sido enviados a Guatemala, según autoridades de ese país. Al llegar a Tapachula, muchos deben buscar cómo trasladarse a sus estados de origen. DHS justifica el uso de países “puente” para acelerar las expulsiones.

Descarga nuestra App:
https://telemundo.app.link/Mtq7sTKAUtb

SUSCRÍBETE: https://bit.ly/TLMDNoticiasYT

Noticias
Noticias Telemundo es un proveedor líder de noticias para los hispanos de EE.UU. Sus galardonados espacios de noticias, transmitidos desde Telemundo Center, incluyen los noticieros diarios ""Noticias Telemundo"" con Julio Vaqueiro; ""Noticias Telemundo Fin de Semana"", ""Noticias Telemundo Mediodía"" y ""Noticias Telemundo En La Noche"". El ""Equipo Digital de Noticias Telemundo"" ofrece contenido ininterrumpido para los hispanos de EE.UU. a través de sus crecientes plataformas móviles y en línea. ""Noticias Telemundo Investiga"" produce reportes investigativos y documentales en profundidad. ""Noticias Telemundo Planeta Tierra"" ofrece información relacionada con el medio ambiente y el cambio climático. Adicionalmente, ""Noticias Telemundo"" produce galardonados especiales de noticias, documentales y eventos noticiosos como debates políticos, asambleas ciudadanas y foros.

Telemundo
Es una empresa de medios de primera categoría, líder en la industria en la producción y distribución de contenido en español de alta calidad a través de múltiples plataformas para hispanos en los Estados Unidos y alrededor del mundo. La cadena ofrece producciones dramáticas originales de Telemundo Studios – el productor #1 de contenido en español de horario estelar – así como contenido alternativo, películas de cine, especiales, noticias y eventos deportivos de primer nivel, alcanzando el 94% de los televidentes hispanos en los Estados Unidos en 210 mercados a través de 17 estaciones propias y 57 afiliadas de TV abierta. Telemundo también es propietaria de WKAQ, una estación de televisión local que sirve Puerto Rico. Telemundo es parte de NBCUniversal Telemundo Enterprises, una división de NBCUniversal, una de las compañías líderes en el mundo de los medios y entretenimiento. NBCUniversal es una subsidiaria de Comcast Corporation.

SÍGUENOS EN X: https://twitter.com/telemundonews
DANOS ME GUSTA EN FACEBOOK: https://www.facebook.com/NoticiasTelemundo

#NoticiasTelemundo #Deportaciones #Frontera 

EE.UU. envía a mexicanos deportados a Guatemala antes de su regreso a México | Noticias Telemundo
https://www.youtube.com/noticias

Noticias, Telemundo, Noticias Telemundo de hoy, Telemundo Noticias, Noticias, Telemundo, Telemundo Noticias de hoy, Noticias Telemundo de hoy en vivo, Ultima hora, Noticias de hoy, Noticias de Ultima hora",13,https://www.youtube.com/watch?v=OkXlHx0hx-8
yLZS3JiEBg8,UgzRyWsi9Ed1wsXKgwd4AaABAg,Arroz con pollo a la MONOPOLIO,Quorum,UCE4rsXcgDb6e1-a9iTbWzfg,@franciscorodas9686,UCOY3XpD9qMCRSA8AA8c4CAw,Muy buena explicación para entender los carteles y la necesidad de una Ley de Competencia. Felicitaciones.,@quorumgt/videos,channel,quorum_complete_comments.csv | youtube_guatemala_plus_comments.csv,/@franciscorodas9686,hace 2 años,1,0,False,,@franciscorodas9686,Quorum,Arroz con pollo a la MONOPOLIO,@quorumgt/videos,channel,@franciscorodas9686,@franciscorodas9686,1.0,False,1,0,False,False,hace 2 años,1 - 2 anos,730.5,Muy buena explicación para entender los carteles y la necesidad de una Ley de Competencia. Felicitaciones.,explicacion entender cartel necesidad ley competencia felicitacion,explicacion entender carteles necesidad ley competencia felicitaciones,[],[],[],[],0,0,0,0,Muy buena explicación para entender los carteles y la necesidad de una Ley de Competencia. Felicitaciones.,106,66,16,7,True,False,Arroz con pollo a la MONOPOLIO,UCE4rsXcgDb6e1-a9iTbWzfg,Quorum,/@quorumgt,/@quorumgt,News & Politics,@quorumgt/videos,channel,1954,2024-05-09T19:15:12-07:00,2024-05-10 02:15:12+00:00,[],[],"🔍 En Guatemala tenemos un mercado no tan “libre” que digamos. 

💸 Unas pocas empresas dominan las diferentes industrias y en algunos sectores no hay una competencia real que favorezca al consumidor.

🎥 Hoy estrenamos #LasMañasDelMercado para hablar de la industria alimenticia y la necesidad de una #LeyDeCompetencia.",0,https://www.youtube.com/watch?v=yLZS3JiEBg8
is3Mk5oC19g,UgzSjpcAY2zvJ6i-poh4AaABAg,Capturan a ladrón que había quedado grabado mientras robaba en una parroquia de Retalhuleu,TN23 Guatemala,UCt5Dw7ePnn0AqPqRF8Xpjkw,@Williams-Garcia67E,UCfRqgt2O-vjzUDMZY_tnxQw,Robando en una iglesia eso es un gran pecado,guatemala noticias,topic,youtube_guatemala_comments.csv | youtube_guatemala_plus_comments.csv,/@Williams-Garcia67E,hace 23 horas, ,0,False,,@Williams-Garcia67E,TN23 Guatemala,Capturan a ladrón que había quedado grabado mientras robaba en una parroquia de Retalhuleu,guatemala noticias,topic,@Williams-Garcia67E,@williams-garcia67e,,True,0,0,False,False,hace 23 horas,<1 semana,0.958,Robando en una iglesia eso es un gran pecado,robar iglesia pecado,robando iglesia pecado,[],[],[],[],0,0,0,0,Robando en una iglesia eso es un gran pecado,44,20,9,3,True,False,Capturan a ladrón que había quedado grabado mientras robaba en una parroquia de Retalhuleu,UCt5Dw7ePnn0AqPqRF8Xpjkw,TN23 Guatemala,/@TN23TodoNoticias,/@TN23TodoNoticias,News & Politics,guatemala noticias,topic,4616,2026-08-30T21:30:18-07:00,2026-08-31 04:30:18+00:00,"[""TN23"", ""información"", ""noticias"", ""Guatemala"", ""capturas"", ""presunto ladrón de ventilador"", ""iglesia""]","[""TN23"", ""información"", ""noticias"", ""Guatemala"", ""capturas"", ""presunto ladrón de ventilador"", ""iglesia""]",,7,https://www.youtube.com/watch?v=is3Mk5oC19g
n8iP75gIpmw,UgzSu6dFpC7PrEYl7AF4AaABAg,Qué rico come tu diputado,Quorum,UCE4rsXcgDb6e1-a9iTbWzfg,@ErvinLeonardoCarreraLatín,UC9vMq1YF-e7C-VO0SHkbUTA,Este señor le vale cuánto es el valor del almuerzo de un pobre y cuánto gana la población  más pobre,@quorumgt/videos,channel,quorum_complete_comments.csv | youtube_guatemala_plus_comments.csv,/@ErvinLeonardoCarreraLat%C3%ADn,hace 2 años, ,0,False,,@ErvinLeonardoCarreraLatín,Quorum,Qué rico come tu diputado,@quorumgt/videos,channel,@ErvinLeonardoCarreraLatín,@ervinleonardocarreralatin,,True,0,0,False,False,hace 2 años,1 - 2 anos,730.5,Este señor le vale cuánto es el valor del almuerzo de un pobre y cuánto gana la población  más pobre,senor valer valor almuerzo pobre ganar poblacion pobre,senor vale valor almuerzo pobre gana poblacion pobre,[],[],[],[],0,0,0,0,Este señor le vale cuánto es el valor del almuerzo de un pobre y cuánto gana la población más pobre,100,54,20,8,True,False,Qué rico come tu diputado,UCE4rsXcgDb6e1-a9iTbWzfg,Quorum,/@quorumgt,/@quorumgt,News & Politics,Quorum GT,topic,11775,2024-08-27T14:09:51-07:00,2024-08-27 21:09:51+00:00,[],[],"En @ConCriteriogt hablaron hoy sobre nuestro reportaje ""Qué rico come tu diputado"", en el que contamos los almuerzos más caros pagados con fondos públicos entre enero y abril de este año.

Entrevistaron al diputado Nery Rodas, de CABAL, quien asegura que son problemas ""mínimos"".

Si no has leído el repor podés hacerlo acá https://quorum.gt/poder/comida_diputados/",0,https://www.youtube.com/watch?v=n8iP75gIpmw
6W4u8sGEnGM,UgzT_1dx4pvgJTFMsnZ4AaABAg,Inician los trabajos de recuperación del Puente Belice II.,Gobierno de la República de Guatemala,UC-ZtFBHzgkYFh7whZkuR_Ag,@robertoescobar5507,UCp29O_C7cchZV8IxV7Crdag,"Parafraseando a Bukele, cuando no hay hueveo el pisto alcanza.",Gobierno de la República de Guatemala,topic,youtube_guatemala_plus_comments.csv | youtube_lab_targets_small_comments.csv,/@robertoescobar5507,hace 5 días (editado), ,0,False,,@robertoescobar5507,Gobierno de la República de Guatemala,Inician los trabajos de recuperación del Puente Belice II.,Gobierno de la República de Guatemala,topic,@robertoescobar5507,@robertoescobar5507,,True,0,0,False,True,hace 5 días,<1 semana,5.0,"Parafraseando a Bukele, cuando no hay hueveo el pisto alcanza.",parafrasear bukele hueveo pisto alcanzar,parafraseando bukele hueveo pisto alcanza,[],[],[],[],0,0,0,0,"Parafraseando a Bukele, cuando no hay hueveo el pisto alcanza.",62,40,10,5,True,False,Inician los trabajos de recuperación del Puente Belice II.,UC-ZtFBHzgkYFh7whZkuR_Ag,Gobierno de la República de Guatemala,/@GobiernodelaRepublicadeGuatema,/@GobiernodelaRepublicadeGuatema,Entertainment,Gobierno de la República de Guatemala,topic,11670,2026-08-26T21:00:47-07:00,2026-08-27 04:00:47+00:00,[],[],Inician los trabajos de recuperación del Puente Belice II.,0,https://www.youtube.com/watch?v=6W4u8sGEnGM
n8iP75gIpmw,UgzTqBd3og9IPuVu3o94AaABAg,Qué rico come tu diputado,Quorum,UCE4rsXcgDb6e1-a9iTbWzfg,@josecarrera9623,UCrJn_rbo_ENAdeqneS-RmRw,se be q ese neri rodas kiere seguir comiendo acostillas de los pobres de guatemala verguenza no conose,@quorumgt/videos,channel,quorum_complete_comments.csv | youtube_guatemala_plus_comments.csv,/@josecarrera9623,hace 2 años,1,0,False,,@josecarrera9623,Quorum,Qué rico come tu diputado,@quorumgt/videos,channel,@josecarrera9623,@josecarrera9623,1.0,False,1,0,False,False,hace 2 años,1 - 2 anos,730.5,se be q ese neri rodas kiere seguir comiendo acostillas de los pobres de guatemala verguenza no conose,neri roda kierir seguir comer acostilla pobre guatemala verguenzar cono el,neri rodas kiere seguir comiendo acostillas pobres guatemala verguenza conose,[],[],[],[],0,0,0,0,se be q ese neri rodas kiere seguir comiendo acostillas de los pobres de guatemala verguenza no conose,102,74,18,11,True,False,Qué rico come tu diputado,UCE4rsXcgDb6e1-a9iTbWzfg,Quorum,/@quorumgt,/@quorumgt,News & Politics,Quorum GT,topic,11775,2024-08-27T14:09:51-07:00,2024-08-27 21:09:51+00:00,[],[],"En @ConCriteriogt hablaron hoy sobre nuestro reportaje ""Qué rico come tu diputado"", en el que contamos los almuerzos más caros pagados con fondos públicos entre enero y abril de este año.

Entrevistaron al diputado Nery Rodas, de CABAL, quien asegura que son problemas ""mínimos"".

Si no has leído el repor podés hacerlo acá https://quorum.gt/poder/comida_diputados/",0,https://www.youtube.com/watch?v=n8iP75gIpmw
ndAZjHqzzT8,UgzU2eLo006-Cz6rYLZ4AaABAg,Internet: escoger el menos malo,Quorum,UCE4rsXcgDb6e1-a9iTbWzfg,@2jose82,UCjJf-AJKRFFWtiN-CSwkDmA,En Tigo tienen una práctica que se llama falla programada y como lo dice el nombre lo hacen para obligar a los a clientes a migrar a nuevos servicios que seguramente podrían llegar a ser más caros o para que paguen x adelantado en el caso del internet residencial sin contrato,@quorumgt/videos,channel,quorum_complete_comments.csv | youtube_guatemala_plus_comments.csv,/@2jose82,hace 1 año, ,0,False,,@2jose82,Quorum,Internet: escoger el menos malo,@quorumgt/videos,channel,@2jose82,@2jose82,,True,0,0,False,False,hace 1 año,1 mes - 1 ano,365.25,En Tigo tienen una práctica que se llama falla programada y como lo dice el nombre lo hacen para obligar a los a clientes a migrar a nuevos servicios que seguramente podrían llegar a ser más caros o para que paguen x adelantado en el caso del internet residencial sin contrato,tigo practica llamar falla programado nombre obligar cliente migrar servicio seguramente llegar caro pagar adelantado caso internet residencial contrato,tigo practica llama falla programada nombre obligar clientes migrar servicios seguramente llegar caros paguen adelantado caso internet residencial contrato,[],[],[],[],0,0,0,0,En Tigo tienen una práctica que se llama falla programada y como lo dice el nombre lo hacen para obligar a los a clientes a migrar a nuevos servicios que seguramente podrían llegar a ser más caros o para que paguen x adelantado en el caso del internet residencial sin contrato,276,152,51,19,True,False,Internet: escoger el menos malo,UCE4rsXcgDb6e1-a9iTbWzfg,Quorum,/@quorumgt,/@quorumgt,News & Politics,@quorumgt/videos,channel,717,2024-05-16T18:15:07-07:00,2024-05-17 01:15:07+00:00,"[""economía"", ""principiantes"", ""ley de competencia"", ""duopolios"", ""guatemala"", ""tigo"", ""claro"", ""internet"", ""telefonía""]","[""economía"", ""principiantes"", ""ley de competencia"", ""duopolios"", ""guatemala"", ""tigo"", ""claro"", ""internet"", ""telefonía""]","📱Cuando vas a elegir un plan de internet o de llamadas te toca preguntarte ¿Cuál será el menos malo? o bien conformarte con la única de las dos compañías que tenga cobertura en tu zona.

💸 Hablamos de #LasMañasDelNegocio de las telecomunicaciones. Merecemos un buen servicio.",9,https://www.youtube.com/watch?v=ndAZjHqzzT8
is3Mk5oC19g,UgzVRaRar_M-cPPi92x4AaABAg,Capturan a ladrón que había quedado grabado mientras robaba en una parroquia de Retalhuleu,TN23 Guatemala,UCt5Dw7ePnn0AqPqRF8Xpjkw,@alexmonzon4257,UCBtB5dIyx-C16UN8ClUD2UA,Parece hijo del policia que esta a su lado...,guatemala noticias,topic,youtube_guatemala_comments.csv | youtube_guatemala_plus_comments.csv,/@alexmonzon4257,hace 17 horas, ,0,False,,@alexmonzon4257,TN23 Guatemala,Capturan a ladrón que había quedado grabado mientras robaba en una parroquia de Retalhuleu,guatemala noticias,topic,@alexmonzon4257,@alexmonzon4257,,True,0,0,False,False,hace 17 horas,<1 semana,0.708,Parece hijo del policia que esta a su lado...,hijo policia,hijo policia,[],[],[],[],0,0,0,0,Parece hijo del policia que esta a su lado...,45,12,9,2,True,False,Capturan a ladrón que había quedado grabado mientras robaba en una parroquia de Retalhuleu,UCt5Dw7ePnn0AqPqRF8Xpjkw,TN23 Guatemala,/@TN23TodoNoticias,/@TN23TodoNoticias,News & Politics,guatemala noticias,topic,4616,2026-08-30T21:30:18-07:00,2026-08-31 04:30:18+00:00,"[""TN23"", ""información"", ""noticias"", ""Guatemala"", ""capturas"", ""presunto ladrón de ventilador"", ""iglesia""]","[""TN23"", ""información"", ""noticias"", ""Guatemala"", ""capturas"", ""presunto ladrón de ventilador"", ""iglesia""]",,7,https://www.youtube.com/watch?v=is3Mk5oC19g
n8iP75gIpmw,UgzVSZ19e2Cc28bFi-94AaABAg,Qué rico come tu diputado,Quorum,UCE4rsXcgDb6e1-a9iTbWzfg,@luisletona2842,UCDUffaruH6dyUnUGwsTKpgg,Pobrecito dipucaco,@quorumgt/videos,channel,quorum_complete_comments.csv | youtube_guatemala_plus_comments.csv,/@luisletona2842,hace 2 años,2,0,False,,@luisletona2842,Quorum,Qué rico come tu diputado,@quorumgt/videos,channel,@luisletona2842,@luisletona2842,2.0,False,2,0,False,False,hace 2 años,1 - 2 anos,730.5,Pobrecito dipucaco,pobrecito dipucaco,pobrecito dipucaco,[],[],[],[],0,0,0,0,Pobrecito dipucaco,18,18,2,2,True,False,Qué rico come tu diputado,UCE4rsXcgDb6e1-a9iTbWzfg,Quorum,/@quorumgt,/@quorumgt,News & Politics,Quorum GT,topic,11775,2024-08-27T14:09:51-07:00,2024-08-27 21:09:51+00:00,[],[],"En @ConCriteriogt hablaron hoy sobre nuestro reportaje ""Qué rico come tu diputado"", en el que contamos los almuerzos más caros pagados con fondos públicos entre enero y abril de este año.

Entrevistaron al diputado Nery Rodas, de CABAL, quien asegura que son problemas ""mínimos"".

Si no has leído el repor podés hacerlo acá https://quorum.gt/poder/comida_diputados/",0,https://www.youtube.com/watch?v=n8iP75gIpmw
6W4u8sGEnGM,UgzVsPOuFAogocL8wKB4AaABAg,Inician los trabajos de recuperación del Puente Belice II.,Gobierno de la República de Guatemala,UC-ZtFBHzgkYFh7whZkuR_Ag,@pattyfigueroa5609,UCgGqw4aqMdMVSGkKiMgrJRQ,Interesante 😊 de haya cosas buenas en el país de guatemala.con el puente Belice dos.,Gobierno de la República de Guatemala,topic,youtube_guatemala_plus_comments.csv | youtube_lab_targets_small_comments.csv,/@pattyfigueroa5609,hace 4 días, ,0,False,,@pattyfigueroa5609,Gobierno de la República de Guatemala,Inician los trabajos de recuperación del Puente Belice II.,Gobierno de la República de Guatemala,topic,@pattyfigueroa5609,@pattyfigueroa5609,,True,0,0,False,False,hace 4 días,<1 semana,4.0,Interesante 😊 de haya cosas buenas en el país de guatemala.con el puente Belice dos.,interesante guatemala puente belice,interesante guatemala puente belice,[],[],[],"[""😊""]",0,0,0,1,Interesante emoji cara feliz con ojos sonrientes emoji de haya cosas buenas en el país de guatemala.con el puente Belice dos.,84,35,15,4,True,False,Inician los trabajos de recuperación del Puente Belice II.,UC-ZtFBHzgkYFh7whZkuR_Ag,Gobierno de la República de Guatemala,/@GobiernodelaRepublicadeGuatema,/@GobiernodelaRepublicadeGuatema,Entertainment,Gobierno de la República de Guatemala,topic,11670,2026-08-26T21:00:47-07:00,2026-08-27 04:00:47+00:00,[],[],Inician los trabajos de recuperación del Puente Belice II.,0,https://www.youtube.com/watch?v=6W4u8sGEnGM
j43HgwYFKfk,UgzWNBqTQMz8ba4pbUd4AaABAg,La cooptación de Walter Mazariegos en la USAC,Quorum,UCE4rsXcgDb6e1-a9iTbWzfg,@RauldejesusOlivagonzalez,UC32oozucwCF3q8d4m8fyOUg,La pregunta  es.quetanto poder tiene ese delicuente de. Masariego  porque es impone ese indibidodespierte amigo unibersitarios que pasa,@quorumgt/videos,channel,quorum_complete_comments.csv | youtube_guatemala_plus_comments.csv,/@RauldejesusOlivagonzalez,hace 6 meses, ,0,False,,@RauldejesusOlivagonzalez,Quorum,La cooptación de Walter Mazariegos en la USAC,@quorumgt/videos,channel,@RauldejesusOlivagonzalez,@rauldejesusolivagonzalez,,True,0,0,False,False,hace 6 meses,1 mes - 1 ano,182.64,La pregunta  es.quetanto poder tiene ese delicuente de. Masariego  porque es impone ese indibidodespierte amigo unibersitarios que pasa,preguntar quetanto delicuente masariego imponer indibidodespierte amigo unibersitarios pasar,pregunta quetanto delicuente masariego impone indibidodespierte amigo unibersitarios pasa,[],[],[],[],0,0,0,0,La pregunta es.quetanto poder tiene ese delicuente de. Masariego porque es impone ese indibidodespierte amigo unibersitarios que pasa,135,92,18,9,True,False,La cooptación de Walter Mazariegos en la USAC,UCE4rsXcgDb6e1-a9iTbWzfg,Quorum,/@quorumgt,/@quorumgt,News & Politics,@quorumgt,topic,10156,2024-09-26T15:00:17-07:00,2024-09-26 22:00:17+00:00,"[""USAC"", ""Walter Mazariegos"", ""Mazariegos rector"", ""Fraude USAC"", ""Elecciones USAC"", ""Toma USAC"", ""CSU USAC"", ""Quorum GT"", ""Periodismo Guatemala"", ""Luis Cordón USAC""]","[""USAC"", ""Walter Mazariegos"", ""Mazariegos rector"", ""Fraude USAC"", ""Elecciones USAC"", ""Toma USAC"", ""CSU USAC"", ""Quorum GT"", ""Periodismo Guatemala"", ""Luis Cordón USAC""]","🚨El rector de facto de la #USAC, Walter Mazariegos, tiene una alianza que le permite controlar un presupuesto millonario, quitar a sus opositores del camino y colocar a sus allegados en puestos importantes. Más de la mitad de sus cómplices en el Consejo Superior Universitario (CSU) se han prolongado en el poder y no tienen la intención de soltarlo.

👁️ Aunque las cosas podrían cambiar…

Ayudanos compartiendo, comentando y dándole like a este video.

🔍 También podés leer el reportaje completo en este link👉🏻 https://quorum.gt/poder/captura/usac/mazariegos_csu/

📲 Seguí a Quorum en todas las redes para ver más contenido interesante de #Guatemala.

⚫️ X: https://twitter.com/QuorumGT
🟣 Instagram: https://www.instagram.com/holaquorum?igsh=a2l2MHp6dXA5aGg4
🟠 TikTok:https://www.tiktok.com/@quorumgt?_t=8q3C9YsmOiT&_r=1
🔵 Facebook: https://www.facebook.com/QuorumGT?mibextid=LQQJ4d
🟢 Canal de WhatsApp: https://whatsapp.com/channel/0029Va8IZV65PO0ul2cBdD0l",10,https://www.youtube.com/watch?v=j43HgwYFKfk
n8iP75gIpmw,UgzWNJK42U_F1IKlwwh4AaABAg,Qué rico come tu diputado,Quorum,UCE4rsXcgDb6e1-a9iTbWzfg,@davidgaher9550,UCvApqeCbLod-wejtT4CcVuA,"Prepotente todavía, ni vergüenza tienen, gastar como no les cuesta nada deberían pagarlo con sus propio sueldo",@quorumgt/videos,channel,quorum_complete_comments.csv | youtube_guatemala_plus_comments.csv,/@davidgaher9550,hace 2 años,15,0,False,,@davidgaher9550,Quorum,Qué rico come tu diputado,@quorumgt/videos,channel,@davidgaher9550,@davidgaher9550,15.0,False,15,0,False,False,hace 2 años,1 - 2 anos,730.5,"Prepotente todavía, ni vergüenza tienen, gastar como no les cuesta nada deberían pagarlo con sus propio sueldo",prepotente verguenza gastar cuesta deberiar pagar el sueldo,prepotente verguenza gastar cuesta deberian pagarlo sueldo,[],[],[],[],0,0,0,0,"Prepotente todavía, ni vergüenza tienen, gastar como no les cuesta nada deberían pagarlo con sus propio sueldo",110,59,17,8,True,False,Qué rico come tu diputado,UCE4rsXcgDb6e1-a9iTbWzfg,Quorum,/@quorumgt,/@quorumgt,News & Politics,Quorum GT,topic,11775,2024-08-27T14:09:51-07:00,2024-08-27 21:09:51+00:00,[],[],"En @ConCriteriogt hablaron hoy sobre nuestro reportaje ""Qué rico come tu diputado"", en el que contamos los almuerzos más caros pagados con fondos públicos entre enero y abril de este año.

Entrevistaron al diputado Nery Rodas, de CABAL, quien asegura que son problemas ""mínimos"".

Si no has leído el repor podés hacerlo acá https://quorum.gt/poder/comida_diputados/",0,https://www.youtube.com/watch?v=n8iP75gIpmw
JkpVO1hx2f8,UgzWs20muY6Ghm9Z7094AaABAg,10 Preguntas a un año del Paro Nacional,Quorum,UCE4rsXcgDb6e1-a9iTbWzfg,@noemiherrera3152,UCHGd14aYuZZShLD73dkk6mg,Fue emocionante! ❤🥹,@quorumgt/videos,channel,quorum_complete_comments.csv | youtube_guatemala_plus_comments.csv,/@noemiherrera3152,hace 1 año, ,0,False,,@noemiherrera3152,Quorum,10 Preguntas a un año del Paro Nacional,@quorumgt/videos,channel,@noemiherrera3152,@noemiherrera3152,,True,0,0,False,False,hace 1 año,1 mes - 1 ano,365.25,Fue emocionante! ❤🥹,emocionante,emocionante,[],[],[],"[""❤"", ""🥹""]",0,0,0,2,Fue emocionante! emoji corazón rojo emoji emoji cara aguantándose las lágrimas emoji,19,11,3,1,True,False,10 Preguntas a un año del Paro Nacional,UCE4rsXcgDb6e1-a9iTbWzfg,Quorum,/@quorumgt,/@quorumgt,News & Politics,@quorumgt/videos,channel,673,2024-10-02T17:00:06-07:00,2024-10-03 00:00:06+00:00,"[""guatemala"", ""periodismo"", ""quorum"", ""paro nacional 2023""]","[""guatemala"", ""periodismo"", ""quorum"", ""paro nacional 2023""]","📅 ¿Dónde estabas hace un año cuando comenzó el Paro Nacional? ✊Pia Flores y Jeanelly Vásquez, estuvieron largas jornadas cubriendo las protestas, los operativos del Ministerio Público y toda la tensión que se vino tras las elecciones y el sorpresivo triunfo de Bernardo Arévalo y Semilla. En este video reflexionan sobre aquellas protestas que serán claves en la historia de Guatemala.

Ayudanos compartiendo, comentando y dándole like a este video.

📲 Seguí a Quorum en todas las redes para ver más contenido interesante de #Guatemala.

⚫️ X:   / quorumgt  
🟣 Instagram: https://www.instagram.com/holaquorum?...
🟠 TikTok:https://www.tiktok.com/@quorumgt?_t=8...
🔵 Facebook: https://www.facebook.com/QuorumGT?mib...
🟢 Canal de WhatsApp: https://whatsapp.com/channel/0029Va8I...",4,https://www.youtube.com/watch?v=JkpVO1hx2f8
n8iP75gIpmw,UgzXDN6uNEworKy3uqZ4AaABAg,Qué rico come tu diputado,Quorum,UCE4rsXcgDb6e1-a9iTbWzfg,@JavierBecerra-h6x,UCiMythXHsw7eQEMykCdmMUA,"Con la venta de fertilizantes se repone todo lo gastado y queda ganancia todavía, dice que tiene 40 agroservicios.",@quorumgt/videos,channel,quorum_complete_comments.csv | youtube_guatemala_plus_comments.csv,/@JavierBecerra-h6x,hace 2 años,2,0,False,,@JavierBecerra-h6x,Quorum,Qué rico come tu diputado,@quorumgt/videos,channel,@JavierBecerra-h6x,@javierbecerra-h6x,2.0,False,2,0,False,False,hace 2 años,1 - 2 anos,730.5,"Con la venta de fertilizantes se repone todo lo gastado y queda ganancia todavía, dice que tiene 40 agroservicios.",ventar fertilizant reponer gastado quedar ganancia agroservicio,venta fertilizantes repone gastado queda ganancia agroservicios,[],[],[],[],0,0,0,0,"Con la venta de fertilizantes se repone todo lo gastado y queda ganancia todavía, dice que tiene 40 agroservicios.",114,63,19,7,True,False,Qué rico come tu diputado,UCE4rsXcgDb6e1-a9iTbWzfg,Quorum,/@quorumgt,/@quorumgt,News & Politics,Quorum GT,topic,11775,2024-08-27T14:09:51-07:00,2024-08-27 21:09:51+00:00,[],[],"En @ConCriteriogt hablaron hoy sobre nuestro reportaje ""Qué rico come tu diputado"", en el que contamos los almuerzos más caros pagados con fondos públicos entre enero y abril de este año.

Entrevistaron al diputado Nery Rodas, de CABAL, quien asegura que son problemas ""mínimos"".

Si no has leído el repor podés hacerlo acá https://quorum.gt/poder/comida_diputados/",0,https://www.youtube.com/watch?v=n8iP75gIpmw
j43HgwYFKfk,UgzYz6n8mPI0dBWsP2h4AaABAg,La cooptación de Walter Mazariegos en la USAC,Quorum,UCE4rsXcgDb6e1-a9iTbWzfg,@Tommii.10,UC-fiZBS5Gp1eCJd9ucgWnCg,Hay que sacar a como de lugar a estos 37 miembros del consejo que cumplieron su tiempo y colocar una denuncia penal contra estos que están usurpado los cargos en el CSU,@quorumgt,topic,j43HgwYFKfk_out_comments.csv | quorum_complete_comments.csv | youtube_guatemala_plus_comments.csv,/@Tommii.10,hace 1 año,6,0,False,,@Tommii.10,Quorum,La cooptación de Walter Mazariegos en la USAC,@quorumgt,topic,@Tommii.10,@tommii.10,6.0,False,6,0,False,False,hace 1 año,1 mes - 1 ano,365.25,Hay que sacar a como de lugar a estos 37 miembros del consejo que cumplieron su tiempo y colocar una denuncia penal contra estos que están usurpado los cargos en el CSU,sacar lugar miembro consejo cumplir tiempo colocar denuncia penal usurpado cargos csu,sacar lugar miembros consejo cumplieron tiempo colocar denuncia penal usurpado cargos csu,[],[],[],[],0,0,0,0,Hay que sacar a como de lugar a estos 37 miembros del consejo que cumplieron su tiempo y colocar una denuncia penal contra estos que están usurpado los cargos en el CSU,168,85,32,12,True,False,La cooptación de Walter Mazariegos en la USAC,UCE4rsXcgDb6e1-a9iTbWzfg,Quorum,/@quorumgt,/@quorumgt,News & Politics,@quorumgt,topic,10156,2024-09-26T15:00:17-07:00,2024-09-26 22:00:17+00:00,"[""USAC"", ""Walter Mazariegos"", ""Mazariegos rector"", ""Fraude USAC"", ""Elecciones USAC"", ""Toma USAC"", ""CSU USAC"", ""Quorum GT"", ""Periodismo Guatemala"", ""Luis Cordón USAC""]","[""USAC"", ""Walter Mazariegos"", ""Mazariegos rector"", ""Fraude USAC"", ""Elecciones USAC"", ""Toma USAC"", ""CSU USAC"", ""Quorum GT"", ""Periodismo Guatemala"", ""Luis Cordón USAC""]","🚨El rector de facto de la #USAC, Walter Mazariegos, tiene una alianza que le permite controlar un presupuesto millonario, quitar a sus opositores del camino y colocar a sus allegados en puestos importantes. Más de la mitad de sus cómplices en el Consejo Superior Universitario (CSU) se han prolongado en el poder y no tienen la intención de soltarlo.

👁️ Aunque las cosas podrían cambiar…

Ayudanos compartiendo, comentando y dándole like a este video.

🔍 También podés leer el reportaje completo en este link👉🏻 https://quorum.gt/poder/captura/usac/mazariegos_csu/

📲 Seguí a Quorum en todas las redes para ver más contenido interesante de #Guatemala.

⚫️ X: https://twitter.com/QuorumGT
🟣 Instagram: https://www.instagram.com/holaquorum?igsh=a2l2MHp6dXA5aGg4
🟠 TikTok:https://www.tiktok.com/@quorumgt?_t=8q3C9YsmOiT&_r=1
🔵 Facebook: https://www.facebook.com/QuorumGT?mibextid=LQQJ4d
🟢 Canal de WhatsApp: https://whatsapp.com/channel/0029Va8IZV65PO0ul2cBdD0l",10,https://www.youtube.com/watch?v=j43HgwYFKfk
b_Hkrkl3adA,UgzZMPOIKJlwEpgh7zd4AaABAg,Bloqueos en Guatemala este 31 de agosto por alza en combustibles afectan rutas principales,PrensaLibreOficial,UCEepOY2svuxbsJ-zsAPT9Fg,@lazarochavez8269,UC5PrBbmUlQolwqmiru7yZhw,Porque estan aciendo protestas si la gasolina aun subira mas de precio yo claro les edicho que si Nosotros perdemos la guerra Con Irán 🇮🇷 ustedes países como Mexico Guatemala todos los países del mundo 🌎no podrán comprar gasolina porque el galón subira $10. por galón cuánto es esto en tu país es mucho dinero saludos desde mi hermoso país 🇺🇸🇺🇸💵🦅🇺🇸🇺🇸♥️,guatemala noticias,topic,debug_comments_fixed2_comments.csv | youtube_guatemala_comments.csv | youtube_guatemala_plus_comments.csv,/@lazarochavez8269,hace 5 horas, ,1,False,,@lazarochavez8269,PrensaLibreOficial,Bloqueos en Guatemala este 31 de agosto por alza en combustibles afectan rutas principales,guatemala noticias,topic,@lazarochavez8269,@lazarochavez8269,,True,0,1,False,False,hace 5 horas,<1 semana,0.208,Porque estan aciendo protestas si la gasolina aun subira mas de precio yo claro les edicho que si Nosotros perdemos la guerra Con Irán 🇮🇷 ustedes países como Mexico Guatemala todos los países del mundo 🌎no podrán comprar gasolina porque el galón subira $10. por galón cuánto es esto en tu país es mucho dinero saludos desde mi hermoso país 🇺🇸🇺🇸💵🦅🇺🇸🇺🇸♥️,aceir protesta gasolina subirir precio edicho perder guerra iran mexico guatemala mundir comprar gasolina galon subira galon dinero saludo hermoso,aciendo protestas gasolina subira precio edicho perdemos guerra iran paises mexico guatemala paises mundo comprar gasolina galon subira galon dinero saludos hermoso,[],[],[],"[""🇮🇷"", ""🌎"", ""🇺🇸"", ""🇺🇸"", ""💵"", ""🦅"", ""🇺🇸"", ""🇺🇸"", ""♥️""]",0,0,0,9,Porque estan aciendo protestas si la gasolina aun subira mas de precio yo claro les edicho que si Nosotros perdemos la guerra Con Irán emoji bandera irán emoji ustedes países como Mexico Guatemala todos los países del mundo emoji globo terráqueo mostrando américa emoji no podrán comprar gasolina porque el galón subira $10. por galón cuánto es esto en tu país es mucho dinero saludos desde mi hermoso país emoji bandera estados unidos emoji emoji bandera estados unidos emoji emoji billete de dólar emoji emoji águila emoji emoji bandera estados unidos emoji emoji bandera estados unidos emoji emoji palo de corazones emoji,352,146,61,20,True,False,Bloqueos en Guatemala este 31 de agosto por alza en combustibles afectan rutas principales,UCEepOY2svuxbsJ-zsAPT9Fg,PrensaLibreOficial,/@PrensaLibreOficial,/@PrensaLibreOficial,News & Politics,guatemala noticias,topic,5469,2026-08-31T08:08:05-07:00,2026-08-31 15:08:05+00:00,"[""noticias Guatemala"", ""noticias Guatemala en vivo"", ""noticias última hora"", ""Guatemala"", ""bloqueos en Guatemala"", ""combustibles"", ""31 de agosto"", ""ruta Interamericana"", ""Provial"", ""transportistas"", ""carreteras"", ""Guatemala roadblocks"", ""fuel prices"", ""Guatemala protests"", ""Interamerican Highway"", ""traffic alert"", ""transport strike"", ""road closures""]","[""noticias Guatemala"", ""noticias Guatemala en vivo"", ""noticias última hora"", ""Guatemala"", ""bloqueos en Guatemala"", ""combustibles"", ""31 de agosto"", ""ruta Interamericana"", ""Provial"", ""transportistas"", ""carreteras"", ""Guatemala roadblocks"", ""fuel prices"", ""Guatemala protests"", ""Interamerican Highway"", ""traffic alert"", ""transport strike"", ""road closures""]","Manifestantes bloquean este lunes 31 de agosto varios tramos carreteros en Guatemala en protesta por el alza en los precios de los combustibles. Según el reporte de Provial, los cierres afectan la ruta Interamericana, la ruta al suroccidente y otros puntos, lo que complica la movilidad de trabajadores, estudiantes y transportistas. 
Lea más en prensalibre.com 
----------------------------
Busque más información de Guatemala y el mundo en  
https://www.prensalibre.com
https://www.facebook.com/prensalibregt
https://twitter.com/prensa_libre
https://www.instagram.com/prensa_libre
https://www.tiktok.com/@prensalibregt",18,https://www.youtube.com/watch?v=b_Hkrkl3adA
b_Hkrkl3adA,UgzZMPOIKJlwEpgh7zd4AaABAg.AaB6SZj2UadAaBRkGrUAJI,Bloqueos en Guatemala este 31 de agosto por alza en combustibles afectan rutas principales,PrensaLibreOficial,UCEepOY2svuxbsJ-zsAPT9Fg,@CelestinoQuej-j7k,UC094EFEmMSdwVa8NQjjYBXg,Pero ay que entender esta a 10 o un poco MAs de impuesto x galon en en Guatemala,guatemala noticias,topic,debug_comments_fixed2_comments.csv | youtube_guatemala_comments.csv | youtube_guatemala_plus_comments.csv,/@CelestinoQuej-j7k,hace 2 horas, ,0,False,,@CelestinoQuej-j7k,PrensaLibreOficial,Bloqueos en Guatemala este 31 de agosto por alza en combustibles afectan rutas principales,guatemala noticias,topic,@CelestinoQuej-j7k,@celestinoquej-j7k,,True,0,0,False,False,hace 2 horas,<1 semana,0.083,Pero ay que entender esta a 10 o un poco MAs de impuesto x galon en en Guatemala,entender impuesto galon guatemala,entender impuesto galon guatemala,[],[],[],[],0,0,0,0,Pero ay que entender esta a 10 o un poco MAs de impuesto x galon en en Guatemala,80,33,18,4,True,False,Bloqueos en Guatemala este 31 de agosto por alza en combustibles afectan rutas principales,UCEepOY2svuxbsJ-zsAPT9Fg,PrensaLibreOficial,/@PrensaLibreOficial,/@PrensaLibreOficial,News & Politics,guatemala noticias,topic,5469,2026-08-31T08:08:05-07:00,2026-08-31 15:08:05+00:00,"[""noticias Guatemala"", ""noticias Guatemala en vivo"", ""noticias última hora"", ""Guatemala"", ""bloqueos en Guatemala"", ""combustibles"", ""31 de agosto"", ""ruta Interamericana"", ""Provial"", ""transportistas"", ""carreteras"", ""Guatemala roadblocks"", ""fuel prices"", ""Guatemala protests"", ""Interamerican Highway"", ""traffic alert"", ""transport strike"", ""road closures""]","[""noticias Guatemala"", ""noticias Guatemala en vivo"", ""noticias última hora"", ""Guatemala"", ""bloqueos en Guatemala"", ""combustibles"", ""31 de agosto"", ""ruta Interamericana"", ""Provial"", ""transportistas"", ""carreteras"", ""Guatemala roadblocks"", ""fuel prices"", ""Guatemala protests"", ""Interamerican Highway"", ""traffic alert"", ""transport strike"", ""road closures""]","Manifestantes bloquean este lunes 31 de agosto varios tramos carreteros en Guatemala en protesta por el alza en los precios de los combustibles. Según el reporte de Provial, los cierres afectan la ruta Interamericana, la ruta al suroccidente y otros puntos, lo que complica la movilidad de trabajadores, estudiantes y transportistas. 
Lea más en prensalibre.com 
----------------------------
Busque más información de Guatemala y el mundo en  
https://www.prensalibre.com
https://www.facebook.com/prensalibregt
https://twitter.com/prensa_libre
https://www.instagram.com/prensa_libre
https://www.tiktok.com/@prensalibregt",18,https://www.youtube.com/watch?v=b_Hkrkl3adA
b_Hkrkl3adA,UgzZMPOIKJlwEpgh7zd4AaABAg.AaB6SZj2UadAaCH5adXxCo,Bloqueos en Guatemala este 31 de agosto por alza en combustibles afectan rutas principales,PrensaLibreOficial,UCEepOY2svuxbsJ-zsAPT9Fg,@JoséLopez-g6k,UCGm3gRBEHGRJYmtCryZLtDw,Pues  dile a tu presidente que deje de andar haciendo guerra a lo baboseo .,guatemala noticias,topic,youtube_guatemala_comments.csv | youtube_guatemala_plus_comments.csv,/@Jos%C3%A9Lopez-g6k,hace 13 horas, ,0,False,,@JoséLopez-g6k,PrensaLibreOficial,Bloqueos en Guatemala este 31 de agosto por alza en combustibles afectan rutas principales,guatemala noticias,topic,@JoséLopez-g6k,@joselopez-g6k,,True,0,0,False,False,hace 13 horas,<1 semana,0.542,Pues  dile a tu presidente que deje de andar haciendo guerra a lo baboseo .,dile presidente dejar andar guerra baboseo,dile presidente deje andar guerra baboseo,[],[],[],[],0,0,0,0,Pues dile a tu presidente que deje de andar haciendo guerra a lo baboseo .,75,42,15,6,True,False,Bloqueos en Guatemala este 31 de agosto por alza en combustibles afectan rutas principales,UCEepOY2svuxbsJ-zsAPT9Fg,PrensaLibreOficial,/@PrensaLibreOficial,/@PrensaLibreOficial,News & Politics,guatemala noticias,topic,5469,2026-08-31T08:08:05-07:00,2026-08-31 15:08:05+00:00,"[""noticias Guatemala"", ""noticias Guatemala en vivo"", ""noticias última hora"", ""Guatemala"", ""bloqueos en Guatemala"", ""combustibles"", ""31 de agosto"", ""ruta Interamericana"", ""Provial"", ""transportistas"", ""carreteras"", ""Guatemala roadblocks"", ""fuel prices"", ""Guatemala protests"", ""Interamerican Highway"", ""traffic alert"", ""transport strike"", ""road closures""]","[""noticias Guatemala"", ""noticias Guatemala en vivo"", ""noticias última hora"", ""Guatemala"", ""bloqueos en Guatemala"", ""combustibles"", ""31 de agosto"", ""ruta Interamericana"", ""Provial"", ""transportistas"", ""carreteras"", ""Guatemala roadblocks"", ""fuel prices"", ""Guatemala protests"", ""Interamerican Highway"", ""traffic alert"", ""transport strike"", ""road closures""]","Manifestantes bloquean este lunes 31 de agosto varios tramos carreteros en Guatemala en protesta por el alza en los precios de los combustibles. Según el reporte de Provial, los cierres afectan la ruta Interamericana, la ruta al suroccidente y otros puntos, lo que complica la movilidad de trabajadores, estudiantes y transportistas. 
Lea más en prensalibre.com 
----------------------------
Busque más información de Guatemala y el mundo en  
https://www.prensalibre.com
https://www.facebook.com/prensalibregt
https://twitter.com/prensa_libre
https://www.instagram.com/prensa_libre
https://www.tiktok.com/@prensalibregt",18,https://www.youtube.com/watch?v=b_Hkrkl3adA
lj983NWyAQY,UgzZc-W-gVj1t4SXc-54AaABAg,Plan 2032 Ciudad de Guatemala,Municipalidad de Guatemala,UCXa6LVjBzUtmcM3cwbd9e2w,@kingr4706,UCwUAv3_LpWVtTIi7lkmTL7A,"Sería muy bueno que hicieran eso, y que también mejoren muchas cosas no solo en la capital. Ojalá antes lo hagan.
Vamos Guate, saldremos adelante con pasos pequeño pero firmes 🇬🇹❤️🇬🇹",Municipalidad de Guatemala,topic,lj983NWyAQY_out_comments.csv | youtube_guatemala_plus_comments.csv,/@kingr4706,hace 6 años,16,0,False,,@kingr4706,Municipalidad de Guatemala,Plan 2032 Ciudad de Guatemala,Municipalidad de Guatemala,topic,@kingr4706,@kingr4706,16.0,False,16,0,False,False,hace 6 años,>2 anos,2191.5,"Sería muy bueno que hicieran eso, y que también mejoren muchas cosas no solo en la capital. Ojalá antes lo hagan.
Vamos Guate, saldremos adelante con pasos pequeño pero firmes 🇬🇹❤️🇬🇹",mejorar capital ojala guate salir paso pequeno firme,hicieran mejoren capital ojala hagan guate saldremos pasos pequeno firmes,[],[],[],"[""🇬🇹"", ""❤️"", ""🇬🇹""]",0,0,0,3,"Sería muy bueno que hicieran eso, y que también mejoren muchas cosas no solo en la capital. Ojalá antes lo hagan. Vamos Guate, saldremos adelante con pasos pequeño pero firmes emoji bandera guatemala emoji emoji corazón rojo emoji emoji bandera guatemala emoji",182,52,31,8,True,False,Plan 2032 Ciudad de Guatemala,UCXa6LVjBzUtmcM3cwbd9e2w,Municipalidad de Guatemala,/@MunicipalidaddeGuatemala-1551,/@MunicipalidaddeGuatemala-1551,News & Politics,Municipalidad de Guatemala,topic,304089,2019-02-28T18:31:10-08:00,2019-03-01 02:31:10+00:00,"[""Ricardo"", ""Quiñónez"", ""Administración"", ""Alcalde"", ""Alcaldía"", ""Alcaldías"", ""Municipalidad"", ""Municipal"", ""Muni"", ""Cumple"", ""Equipo"", ""Transparencia"", ""Servicios"", ""Servir"", ""Servidor"", ""Público"", ""Pasión"", ""Todos"", ""Somos"", ""La"", ""Ciudad"", ""Del"", ""Futuro"", ""Para"", ""Vivir"", ""Polos"", ""desarrollo"", ""pasos a desnivel"", ""movilidad urbana"", ""aerometro"", ""Transmetro"", ""metroriel"", ""Plan 2032"", ""transporte público"", ""reciclaje"", ""movilidad""]","[""Ricardo"", ""Quiñónez"", ""Administración"", ""Alcalde"", ""Alcaldía"", ""Alcaldías"", ""Municipalidad"", ""Municipal"", ""Muni"", ""Cumple"", ""Equipo"", ""Transparencia"", ""Servicios"", ""Servir"", ""Servidor"", ""Público"", ""Pasión"", ""Todos"", ""Somos"", ""La"", ""Ciudad"", ""Del"", ""Futuro"", ""Para"", ""Vivir"", ""Polos"", ""desarrollo"", ""pasos a desnivel"", ""movilidad urbana"", ""aerometro"", ""Transmetro"", ""metroriel"", ""Plan 2032"", ""transporte público"", ""reciclaje"", ""movilidad""]",La Municipalidad de Guatemala trabaja en el plan 2032 con proyectos para solventar los actuales y futuros desafíos de la Ciudad.,36,https://www.youtube.com/watch?v=lj983NWyAQY
n8iP75gIpmw,UgzaTUgOy4ekC0xQoFt4AaABAg,Qué rico come tu diputado,Quorum,UCE4rsXcgDb6e1-a9iTbWzfg,@ManuelEdran,UC5H8ASmMC9WrURmzeB4ySog,Es su obligacion trabajar...no se aproveche,@quorumgt/videos,channel,quorum_complete_comments.csv | youtube_guatemala_plus_comments.csv,/@ManuelEdran,hace 2 años,1,0,False,,@ManuelEdran,Quorum,Qué rico come tu diputado,@quorumgt/videos,channel,@ManuelEdran,@manueledran,1.0,False,1,0,False,False,hace 2 años,1 - 2 anos,730.5,Es su obligacion trabajar...no se aproveche,obligacion trabajar aproveche,obligacion trabajar aproveche,[],[],[],[],0,0,0,0,Es su obligacion trabajar...no se aproveche,43,29,6,3,True,False,Qué rico come tu diputado,UCE4rsXcgDb6e1-a9iTbWzfg,Quorum,/@quorumgt,/@quorumgt,News & Politics,Quorum GT,topic,11775,2024-08-27T14:09:51-07:00,2024-08-27 21:09:51+00:00,[],[],"En @ConCriteriogt hablaron hoy sobre nuestro reportaje ""Qué rico come tu diputado"", en el que contamos los almuerzos más caros pagados con fondos públicos entre enero y abril de este año.

Entrevistaron al diputado Nery Rodas, de CABAL, quien asegura que son problemas ""mínimos"".

Si no has leído el repor podés hacerlo acá https://quorum.gt/poder/comida_diputados/",0,https://www.youtube.com/watch?v=n8iP75gIpmw
ndAZjHqzzT8,UgzaWev1Ju6338Y7Ehl4AaABAg,Internet: escoger el menos malo,Quorum,UCE4rsXcgDb6e1-a9iTbWzfg,@allanreneramirezgonzalez534,UC5wuDq3U3vRAhOQI3D7gNdw,"Excelente informacion, me suscribí al canal por una publicacion en FB",@quorumgt/videos,channel,quorum_complete_comments.csv | youtube_guatemala_plus_comments.csv,/@allanreneramirezgonzalez534,hace 2 años,2,1,False,,@allanreneramirezgonzalez534,Quorum,Internet: escoger el menos malo,@quorumgt/videos,channel,@allanreneramirezgonzalez534,@allanreneramirezgonzalez534,2.0,False,2,1,False,False,hace 2 años,1 - 2 anos,730.5,"Excelente informacion, me suscribí al canal por una publicacion en FB",excelente informacion suscribi canal publicacion,excelente informacion suscribi canal publicacion,[],[],[],[],0,0,0,0,"Excelente informacion, me suscribí al canal por una publicacion en FB",69,48,11,5,True,False,Internet: escoger el menos malo,UCE4rsXcgDb6e1-a9iTbWzfg,Quorum,/@quorumgt,/@quorumgt,News & Politics,@quorumgt/videos,channel,717,2024-05-16T18:15:07-07:00,2024-05-17 01:15:07+00:00,"[""economía"", ""principiantes"", ""ley de competencia"", ""duopolios"", ""guatemala"", ""tigo"", ""claro"", ""internet"", ""telefonía""]","[""economía"", ""principiantes"", ""ley de competencia"", ""duopolios"", ""guatemala"", ""tigo"", ""claro"", ""internet"", ""telefonía""]","📱Cuando vas a elegir un plan de internet o de llamadas te toca preguntarte ¿Cuál será el menos malo? o bien conformarte con la única de las dos compañías que tenga cobertura en tu zona.

💸 Hablamos de #LasMañasDelNegocio de las telecomunicaciones. Merecemos un buen servicio.",9,https://www.youtube.com/watch?v=ndAZjHqzzT8
ndAZjHqzzT8,UgzaWev1Ju6338Y7Ehl4AaABAg.A3Wof66r37mA3WrEtkJyep,Internet: escoger el menos malo,Quorum,UCE4rsXcgDb6e1-a9iTbWzfg,@hashojea7348,UCvcu1kR8xMYy_I1Ty-2mV2Q,Me pasó,@quorumgt/videos,channel,quorum_complete_comments.csv | youtube_guatemala_plus_comments.csv,/@hashojea7348,hace 2 años, ,0,False,,@hashojea7348,Quorum,Internet: escoger el menos malo,@quorumgt/videos,channel,@hashojea7348,@hashojea7348,,True,0,0,False,False,hace 2 años,1 - 2 anos,730.5,Me pasó,paso,paso,[],[],[],[],0,0,0,0,Me pasó,7,4,2,1,True,False,Internet: escoger el menos malo,UCE4rsXcgDb6e1-a9iTbWzfg,Quorum,/@quorumgt,/@quorumgt,News & Politics,@quorumgt/videos,channel,717,2024-05-16T18:15:07-07:00,2024-05-17 01:15:07+00:00,"[""economía"", ""principiantes"", ""ley de competencia"", ""duopolios"", ""guatemala"", ""tigo"", ""claro"", ""internet"", ""telefonía""]","[""economía"", ""principiantes"", ""ley de competencia"", ""duopolios"", ""guatemala"", ""tigo"", ""claro"", ""internet"", ""telefonía""]","📱Cuando vas a elegir un plan de internet o de llamadas te toca preguntarte ¿Cuál será el menos malo? o bien conformarte con la única de las dos compañías que tenga cobertura en tu zona.

💸 Hablamos de #LasMañasDelNegocio de las telecomunicaciones. Merecemos un buen servicio.",9,https://www.youtube.com/watch?v=ndAZjHqzzT8
n8iP75gIpmw,Ugzb66mq9Rv0T7aalfJ4AaABAg,Qué rico come tu diputado,Quorum,UCE4rsXcgDb6e1-a9iTbWzfg,@MrDuenderojo,UCXXh7yg5KUFIWylTiKVEFKQ,El poeta de el diablo el portillo... y no que muy honesto el pastorcito  pues......,@quorumgt/videos,channel,quorum_complete_comments.csv | youtube_guatemala_plus_comments.csv,/@MrDuenderojo,hace 2 años,1,0,False,,@MrDuenderojo,Quorum,Qué rico come tu diputado,@quorumgt/videos,channel,@MrDuenderojo,@mrduenderojo,1.0,False,1,0,False,False,hace 2 años,1 - 2 anos,730.5,El poeta de el diablo el portillo... y no que muy honesto el pastorcito  pues......,poeta diablo portillo honesto pastorcito,poeta diablo portillo honesto pastorcito,[],[],[],[],0,0,0,0,El poeta de el diablo el portillo... y no que muy honesto el pastorcito pues...,83,40,15,5,True,False,Qué rico come tu diputado,UCE4rsXcgDb6e1-a9iTbWzfg,Quorum,/@quorumgt,/@quorumgt,News & Politics,Quorum GT,topic,11775,2024-08-27T14:09:51-07:00,2024-08-27 21:09:51+00:00,[],[],"En @ConCriteriogt hablaron hoy sobre nuestro reportaje ""Qué rico come tu diputado"", en el que contamos los almuerzos más caros pagados con fondos públicos entre enero y abril de este año.

Entrevistaron al diputado Nery Rodas, de CABAL, quien asegura que son problemas ""mínimos"".

Si no has leído el repor podés hacerlo acá https://quorum.gt/poder/comida_diputados/",0,https://www.youtube.com/watch?v=n8iP75gIpmw
n8iP75gIpmw,UgzcJTEHjaN8bEV8Hfd4AaABAg,Qué rico come tu diputado,Quorum,UCE4rsXcgDb6e1-a9iTbWzfg,@marioajset4283,UC3XTwHxygNCgjndsg-UiCQA,"Julio Héctor Estrada, que triste que inconsciencia.",@quorumgt/videos,channel,quorum_complete_comments.csv | youtube_guatemala_plus_comments.csv,/@marioajset4283,hace 2 años,1,0,False,,@marioajset4283,Quorum,Qué rico come tu diputado,@quorumgt/videos,channel,@marioajset4283,@marioajset4283,1.0,False,1,0,False,False,hace 2 años,1 - 2 anos,730.5,"Julio Héctor Estrada, que triste que inconsciencia.",julio hector estrado triste inconsciencia,julio hector estrada triste inconsciencia,[],[],[],[],0,0,0,0,"Julio Héctor Estrada, que triste que inconsciencia.",51,41,7,5,True,False,Qué rico come tu diputado,UCE4rsXcgDb6e1-a9iTbWzfg,Quorum,/@quorumgt,/@quorumgt,News & Politics,Quorum GT,topic,11775,2024-08-27T14:09:51-07:00,2024-08-27 21:09:51+00:00,[],[],"En @ConCriteriogt hablaron hoy sobre nuestro reportaje ""Qué rico come tu diputado"", en el que contamos los almuerzos más caros pagados con fondos públicos entre enero y abril de este año.

Entrevistaron al diputado Nery Rodas, de CABAL, quien asegura que son problemas ""mínimos"".

Si no has leído el repor podés hacerlo acá https://quorum.gt/poder/comida_diputados/",0,https://www.youtube.com/watch?v=n8iP75gIpmw
n8iP75gIpmw,UgzcVyiuFGJ0Yv0C4Zt4AaABAg,Qué rico come tu diputado,Quorum,UCE4rsXcgDb6e1-a9iTbWzfg,@nestorlorenzana1168,UCsJJAvrVGupdmhOqgtDp8dg,Mentiras los diputados no ganan Q25mil......Ellos ganan Q45mil....no sea mentiroso,@quorumgt/videos,channel,quorum_complete_comments.csv | youtube_guatemala_plus_comments.csv,/@nestorlorenzana1168,hace 2 años,1,0,False,,@nestorlorenzana1168,Quorum,Qué rico come tu diputado,@quorumgt/videos,channel,@nestorlorenzana1168,@nestorlorenzana1168,1.0,False,1,0,False,False,hace 2 años,1 - 2 anos,730.5,Mentiras los diputados no ganan Q25mil......Ellos ganan Q45mil....no sea mentiroso,mentira diputado ganar q25mil ganar q45mil mentiroso,mentiras diputados ganan q25mil ganan q45mil mentiroso,[],[],[],[],0,0,0,0,Mentiras los diputados no ganan Q25mil...Ellos ganan Q45mil...no sea mentiroso,82,52,10,7,True,False,Qué rico come tu diputado,UCE4rsXcgDb6e1-a9iTbWzfg,Quorum,/@quorumgt,/@quorumgt,News & Politics,Quorum GT,topic,11775,2024-08-27T14:09:51-07:00,2024-08-27 21:09:51+00:00,[],[],"En @ConCriteriogt hablaron hoy sobre nuestro reportaje ""Qué rico come tu diputado"", en el que contamos los almuerzos más caros pagados con fondos públicos entre enero y abril de este año.

Entrevistaron al diputado Nery Rodas, de CABAL, quien asegura que son problemas ""mínimos"".

Si no has leído el repor podés hacerlo acá https://quorum.gt/poder/comida_diputados/",0,https://www.youtube.com/watch?v=n8iP75gIpmw
n8iP75gIpmw,Ugzd2CVlJWOmHWBPSkN4AaABAg,Qué rico come tu diputado,Quorum,UCE4rsXcgDb6e1-a9iTbWzfg,@MegaKristenstewart,UCQ_-LPP8JAbfkc-b1Q6NvWw,Diputados ladrones sin verguenza por eso guate nunca va salir adelante que pena.,@quorumgt/videos,channel,quorum_complete_comments.csv | youtube_guatemala_plus_comments.csv,/@MegaKristenstewart,hace 2 años, ,0,False,,@MegaKristenstewart,Quorum,Qué rico come tu diputado,@quorumgt/videos,channel,@MegaKristenstewart,@megakristenstewart,,True,0,0,False,False,hace 2 años,1 - 2 anos,730.5,Diputados ladrones sin verguenza por eso guate nunca va salir adelante que pena.,diputado ladron verguenza guatar salir pena,diputados ladrones verguenza guate salir pena,[],[],[],[],0,0,0,0,Diputados ladrones sin verguenza por eso guate nunca va salir adelante que pena.,80,43,13,6,True,False,Qué rico come tu diputado,UCE4rsXcgDb6e1-a9iTbWzfg,Quorum,/@quorumgt,/@quorumgt,News & Politics,Quorum GT,topic,11775,2024-08-27T14:09:51-07:00,2024-08-27 21:09:51+00:00,[],[],"En @ConCriteriogt hablaron hoy sobre nuestro reportaje ""Qué rico come tu diputado"", en el que contamos los almuerzos más caros pagados con fondos públicos entre enero y abril de este año.

Entrevistaron al diputado Nery Rodas, de CABAL, quien asegura que son problemas ""mínimos"".

Si no has leído el repor podés hacerlo acá https://quorum.gt/poder/comida_diputados/",0,https://www.youtube.com/watch?v=n8iP75gIpmw
n8iP75gIpmw,UgzeCbhVJhOJATewi5J4AaABAg,Qué rico come tu diputado,Quorum,UCE4rsXcgDb6e1-a9iTbWzfg,@JosueRamirez-ey3ih,UCtNfIBnc5S5DbbQj_yxgJTw,Mantenidos,@quorumgt/videos,channel,quorum_complete_comments.csv | youtube_guatemala_plus_comments.csv,/@JosueRamirez-ey3ih,hace 2 años,1,0,False,,@JosueRamirez-ey3ih,Quorum,Qué rico come tu diputado,@quorumgt/videos,channel,@JosueRamirez-ey3ih,@josueramirez-ey3ih,1.0,False,1,0,False,False,hace 2 años,1 - 2 anos,730.5,Mantenidos,mantenido,mantenidos,[],[],[],[],0,0,0,0,Mantenidos,10,9,1,1,True,False,Qué rico come tu diputado,UCE4rsXcgDb6e1-a9iTbWzfg,Quorum,/@quorumgt,/@quorumgt,News & Politics,Quorum GT,topic,11775,2024-08-27T14:09:51-07:00,2024-08-27 21:09:51+00:00,[],[],"En @ConCriteriogt hablaron hoy sobre nuestro reportaje ""Qué rico come tu diputado"", en el que contamos los almuerzos más caros pagados con fondos públicos entre enero y abril de este año.

Entrevistaron al diputado Nery Rodas, de CABAL, quien asegura que son problemas ""mínimos"".

Si no has leído el repor podés hacerlo acá https://quorum.gt/poder/comida_diputados/",0,https://www.youtube.com/watch?v=n8iP75gIpmw
6W4u8sGEnGM,UgzfLTatI6lJD6Z_u_94AaABAg,Inician los trabajos de recuperación del Puente Belice II.,Gobierno de la República de Guatemala,UC-ZtFBHzgkYFh7whZkuR_Ag,@AlbertoMancilla-p9h,UC-Iul5tDYH_oiAMXQH-KaaQ,Wooooooooooooooooooooooooow calidad va llegará el tren asta izabal puerto Barrios el Atlántico y pacifico va ser súper lindo proyecto va ver mucho trabajo en el país saludos desde USA 🇺🇸 🎉,Gobierno de la República de Guatemala,topic,youtube_guatemala_plus_comments.csv | youtube_lab_targets_small_comments.csv,/@AlbertoMancilla-p9h,hace 6 días,1,0,False,,@AlbertoMancilla-p9h,Gobierno de la República de Guatemala,Inician los trabajos de recuperación del Puente Belice II.,Gobierno de la República de Guatemala,topic,@AlbertoMancilla-p9h,@albertomancilla-p9h,1.0,False,1,0,False,False,hace 6 días,<1 semana,6.0,Wooooooooooooooooooooooooow calidad va llegará el tren asta izabal puerto Barrios el Atlántico y pacifico va ser súper lindo proyecto va ver mucho trabajo en el país saludos desde USA 🇺🇸 🎉,woow calidad llegar tren asta izabal puerto barrio atlantico pacifico super lindo proyecto trabajo saludo,woow calidad llegara tren asta izabal puerto barrios atlantico pacifico super lindo proyecto trabajo saludos,[],[],[],"[""🇺🇸"", ""🎉""]",0,0,0,2,Wooow calidad va llegará el tren asta izabal puerto Barrios el Atlántico y pacifico va ser súper lindo proyecto va ver mucho trabajo en el país saludos desde USA emoji bandera estados unidos emoji emoji cañón de confeti emoji,188,105,31,15,True,False,Inician los trabajos de recuperación del Puente Belice II.,UC-ZtFBHzgkYFh7whZkuR_Ag,Gobierno de la República de Guatemala,/@GobiernodelaRepublicadeGuatema,/@GobiernodelaRepublicadeGuatema,Entertainment,Gobierno de la República de Guatemala,topic,11670,2026-08-26T21:00:47-07:00,2026-08-27 04:00:47+00:00,[],[],Inician los trabajos de recuperación del Puente Belice II.,0,https://www.youtube.com/watch?v=6W4u8sGEnGM
WIUZtitfLRw,UgzfXuFsM8L3Qt6qWJV4AaABAg,Caminar en una ciudad hecha para carros,Quorum,UCE4rsXcgDb6e1-a9iTbWzfg,@ZabalaXabier,UCyW68EGZey4ao_Vf2cR5Ztg,"Y los popos por las calles, humanos y de perros principalmente, nadie los limpia, un problema de seguridad vial y de salud pública. Hay que hacer algo más por los peatones.",@quorumgt/videos,channel,quorum_complete_comments.csv | youtube_guatemala_plus_comments.csv,/@ZabalaXabier,hace 1 año, ,0,False,,@ZabalaXabier,Quorum,Caminar en una ciudad hecha para carros,@quorumgt/videos,channel,@ZabalaXabier,@zabalaxabier,,True,0,0,False,False,hace 1 año,1 mes - 1 ano,365.25,"Y los popos por las calles, humanos y de perros principalmente, nadie los limpia, un problema de seguridad vial y de salud pública. Hay que hacer algo más por los peatones.",popo call humano perro principalmente limpio problema seguridad vial salud publicar peaton,popos calles humanos perros principalmente limpia problema seguridad vial salud publica peatones,[],[],[],[],0,0,0,0,"Y los popos por las calles, humanos y de perros principalmente, nadie los limpia, un problema de seguridad vial y de salud pública. Hay que hacer algo más por los peatones.",172,90,31,12,True,False,Caminar en una ciudad hecha para carros,UCE4rsXcgDb6e1-a9iTbWzfg,Quorum,/@quorumgt,/@quorumgt,News & Politics,@quorumgt/videos,channel,422,2024-11-20T17:15:06-08:00,2024-11-21 01:15:06+00:00,[],[],"🚗 Caminar por la #CiudaddeGuatemala es un reto de sobrevivencia. ¿Por qué? Porque la infraestructura prioriza a los #carros antes que a las personas.

🫱 Seguí en nuestras redes #ElAtasco, nuestra cobertura sobre #movilidad. Si aún no lo has hecho, entrale al test para ver qué tan caminable es tu barrio: https://ds8l19rhon2.typeform.com/elatasco

↗️ Identifiquemos y hablemos sobre los problemas para empezar a buscar soluciones.",0,https://www.youtube.com/watch?v=WIUZtitfLRw
OkXlHx0hx-8,Ugzfc9D5wlSKYgY5Jrh4AaABAg,EE.UU. envía a mexicanos deportados a Guatemala antes de su regreso a México | Noticias Telemundo,Noticias Telemundo,UCRwA1NUcUnwsly35ikGhp0A,@MariaNavarroYT,UCZjm6U576nX8WOiLhmMR3bw,Cuantas maldad😢😢😢,guatemala noticias,topic,youtube_guatemala_comments.csv | youtube_guatemala_plus_comments.csv,/@MariaNavarroYT,hace 1 día,3,1,False,,@MariaNavarroYT,Noticias Telemundo,EE.UU. envía a mexicanos deportados a Guatemala antes de su regreso a México | Noticias Telemundo,guatemala noticias,topic,@MariaNavarroYT,@marianavarroyt,3.0,False,3,1,False,False,hace 1 día,<1 semana,1.0,Cuantas maldad😢😢😢,maldad,maldad,[],[],[],"[""😢"", ""😢"", ""😢""]",0,0,0,3,Cuantas maldad emoji cara llorando emoji emoji cara llorando emoji emoji cara llorando emoji,17,6,2,1,True,False,EE.UU. envía a mexicanos deportados a Guatemala antes de su regreso a México | Noticias Telemundo,UCRwA1NUcUnwsly35ikGhp0A,Noticias Telemundo,/@noticias,/@noticias,News & Politics,guatemala noticias,topic,14200,2026-08-30T16:38:02-07:00,2026-08-30 23:38:02+00:00,"[""telemundo noticias"", ""noticias telemundo"", ""noticias telemundo de hoy"", ""noticias"", ""noticias en vivo"", ""telemundo"", ""noticias de ultima hora"", ""noticias de hoy"", ""ee uu deporta a miles de mexicanos a traves de guatemala"", ""mexico rechaza uso de guatemala como pais puente"", ""dhs acelera expulsiones de mexicanos por guatemala"", ""polemica por ruta de deportacion de ee uu a tapachula"", ""miles de deportados mexicanos quedan varados en guatemala""]","[""telemundo noticias"", ""noticias telemundo"", ""noticias telemundo de hoy"", ""noticias"", ""noticias en vivo"", ""telemundo"", ""noticias de ultima hora"", ""noticias de hoy"", ""ee uu deporta a miles de mexicanos a traves de guatemala"", ""mexico rechaza uso de guatemala como pais puente"", ""dhs acelera expulsiones de mexicanos por guatemala"", ""polemica por ruta de deportacion de ee uu a tapachula"", ""miles de deportados mexicanos quedan varados en guatemala""]","Video oficial de Noticias Telemundo. Desde abril, casi 2,300 mexicanos han sido enviados a Guatemala, según autoridades de ese país. Al llegar a Tapachula, muchos deben buscar cómo trasladarse a sus estados de origen. DHS justifica el uso de países “puente” para acelerar las expulsiones.

Descarga nuestra App:
https://telemundo.app.link/Mtq7sTKAUtb

SUSCRÍBETE: https://bit.ly/TLMDNoticiasYT

Noticias
Noticias Telemundo es un proveedor líder de noticias para los hispanos de EE.UU. Sus galardonados espacios de noticias, transmitidos desde Telemundo Center, incluyen los noticieros diarios ""Noticias Telemundo"" con Julio Vaqueiro; ""Noticias Telemundo Fin de Semana"", ""Noticias Telemundo Mediodía"" y ""Noticias Telemundo En La Noche"". El ""Equipo Digital de Noticias Telemundo"" ofrece contenido ininterrumpido para los hispanos de EE.UU. a través de sus crecientes plataformas móviles y en línea. ""Noticias Telemundo Investiga"" produce reportes investigativos y documentales en profundidad. ""Noticias Telemundo Planeta Tierra"" ofrece información relacionada con el medio ambiente y el cambio climático. Adicionalmente, ""Noticias Telemundo"" produce galardonados especiales de noticias, documentales y eventos noticiosos como debates políticos, asambleas ciudadanas y foros.

Telemundo
Es una empresa de medios de primera categoría, líder en la industria en la producción y distribución de contenido en español de alta calidad a través de múltiples plataformas para hispanos en los Estados Unidos y alrededor del mundo. La cadena ofrece producciones dramáticas originales de Telemundo Studios – el productor #1 de contenido en español de horario estelar – así como contenido alternativo, películas de cine, especiales, noticias y eventos deportivos de primer nivel, alcanzando el 94% de los televidentes hispanos en los Estados Unidos en 210 mercados a través de 17 estaciones propias y 57 afiliadas de TV abierta. Telemundo también es propietaria de WKAQ, una estación de televisión local que sirve Puerto Rico. Telemundo es parte de NBCUniversal Telemundo Enterprises, una división de NBCUniversal, una de las compañías líderes en el mundo de los medios y entretenimiento. NBCUniversal es una subsidiaria de Comcast Corporation.

SÍGUENOS EN X: https://twitter.com/telemundonews
DANOS ME GUSTA EN FACEBOOK: https://www.facebook.com/NoticiasTelemundo

#NoticiasTelemundo #Deportaciones #Frontera 

EE.UU. envía a mexicanos deportados a Guatemala antes de su regreso a México | Noticias Telemundo
https://www.youtube.com/noticias

Noticias, Telemundo, Noticias Telemundo de hoy, Telemundo Noticias, Noticias, Telemundo, Telemundo Noticias de hoy, Noticias Telemundo de hoy en vivo, Ultima hora, Noticias de hoy, Noticias de Ultima hora",13,https://www.youtube.com/watch?v=OkXlHx0hx-8
OkXlHx0hx-8,Ugzfc9D5wlSKYgY5Jrh4AaABAg.Aa9bbFyRF_AAaB_C3DtL_L,EE.UU. envía a mexicanos deportados a Guatemala antes de su regreso a México | Noticias Telemundo,Noticias Telemundo,UCRwA1NUcUnwsly35ikGhp0A,@eugeneramirez4405,UCi2KiZq63sRq8Mfbcp-MelQ,Mexico deports people all the time! So. Why is this different??,guatemala noticias,topic,youtube_guatemala_comments.csv | youtube_guatemala_plus_comments.csv,/@eugeneramirez4405,hace 20 horas,1,0,False,,@eugeneramirez4405,Noticias Telemundo,EE.UU. envía a mexicanos deportados a Guatemala antes de su regreso a México | Noticias Telemundo,guatemala noticias,topic,@eugeneramirez4405,@eugeneramirez4405,1.0,False,1,0,False,False,hace 20 horas,<1 semana,0.833,Mexico deports people all the time! So. Why is this different??,mexico deports peoplir all time why this different,mexico deports people all time why this different,[],[],[],[],0,0,0,0,Mexico deports people all the time! So. Why is this different??,63,50,11,8,True,False,EE.UU. envía a mexicanos deportados a Guatemala antes de su regreso a México | Noticias Telemundo,UCRwA1NUcUnwsly35ikGhp0A,Noticias Telemundo,/@noticias,/@noticias,News & Politics,guatemala noticias,topic,14200,2026-08-30T16:38:02-07:00,2026-08-30 23:38:02+00:00,"[""telemundo noticias"", ""noticias telemundo"", ""noticias telemundo de hoy"", ""noticias"", ""noticias en vivo"", ""telemundo"", ""noticias de ultima hora"", ""noticias de hoy"", ""ee uu deporta a miles de mexicanos a traves de guatemala"", ""mexico rechaza uso de guatemala como pais puente"", ""dhs acelera expulsiones de mexicanos por guatemala"", ""polemica por ruta de deportacion de ee uu a tapachula"", ""miles de deportados mexicanos quedan varados en guatemala""]","[""telemundo noticias"", ""noticias telemundo"", ""noticias telemundo de hoy"", ""noticias"", ""noticias en vivo"", ""telemundo"", ""noticias de ultima hora"", ""noticias de hoy"", ""ee uu deporta a miles de mexicanos a traves de guatemala"", ""mexico rechaza uso de guatemala como pais puente"", ""dhs acelera expulsiones de mexicanos por guatemala"", ""polemica por ruta de deportacion de ee uu a tapachula"", ""miles de deportados mexicanos quedan varados en guatemala""]","Video oficial de Noticias Telemundo. Desde abril, casi 2,300 mexicanos han sido enviados a Guatemala, según autoridades de ese país. Al llegar a Tapachula, muchos deben buscar cómo trasladarse a sus estados de origen. DHS justifica el uso de países “puente” para acelerar las expulsiones.

Descarga nuestra App:
https://telemundo.app.link/Mtq7sTKAUtb

SUSCRÍBETE: https://bit.ly/TLMDNoticiasYT

Noticias
Noticias Telemundo es un proveedor líder de noticias para los hispanos de EE.UU. Sus galardonados espacios de noticias, transmitidos desde Telemundo Center, incluyen los noticieros diarios ""Noticias Telemundo"" con Julio Vaqueiro; ""Noticias Telemundo Fin de Semana"", ""Noticias Telemundo Mediodía"" y ""Noticias Telemundo En La Noche"". El ""Equipo Digital de Noticias Telemundo"" ofrece contenido ininterrumpido para los hispanos de EE.UU. a través de sus crecientes plataformas móviles y en línea. ""Noticias Telemundo Investiga"" produce reportes investigativos y documentales en profundidad. ""Noticias Telemundo Planeta Tierra"" ofrece información relacionada con el medio ambiente y el cambio climático. Adicionalmente, ""Noticias Telemundo"" produce galardonados especiales de noticias, documentales y eventos noticiosos como debates políticos, asambleas ciudadanas y foros.

Telemundo
Es una empresa de medios de primera categoría, líder en la industria en la producción y distribución de contenido en español de alta calidad a través de múltiples plataformas para hispanos en los Estados Unidos y alrededor del mundo. La cadena ofrece producciones dramáticas originales de Telemundo Studios – el productor #1 de contenido en español de horario estelar – así como contenido alternativo, películas de cine, especiales, noticias y eventos deportivos de primer nivel, alcanzando el 94% de los televidentes hispanos en los Estados Unidos en 210 mercados a través de 17 estaciones propias y 57 afiliadas de TV abierta. Telemundo también es propietaria de WKAQ, una estación de televisión local que sirve Puerto Rico. Telemundo es parte de NBCUniversal Telemundo Enterprises, una división de NBCUniversal, una de las compañías líderes en el mundo de los medios y entretenimiento. NBCUniversal es una subsidiaria de Comcast Corporation.

SÍGUENOS EN X: https://twitter.com/telemundonews
DANOS ME GUSTA EN FACEBOOK: https://www.facebook.com/NoticiasTelemundo

#NoticiasTelemundo #Deportaciones #Frontera 

EE.UU. envía a mexicanos deportados a Guatemala antes de su regreso a México | Noticias Telemundo
https://www.youtube.com/noticias

Noticias, Telemundo, Noticias Telemundo de hoy, Telemundo Noticias, Noticias, Telemundo, Telemundo Noticias de hoy, Noticias Telemundo de hoy en vivo, Ultima hora, Noticias de hoy, Noticias de Ultima hora",13,https://www.youtube.com/watch?v=OkXlHx0hx-8
j43HgwYFKfk,Ugzhc5zg6rDOR3ltTAZ4AaABAg,La cooptación de Walter Mazariegos en la USAC,Quorum,UCE4rsXcgDb6e1-a9iTbWzfg,@javiercifuentesarchila6041,UC_LYoGs5C3mbZKZuKuqYCvw,Gracias por explicarlo!,@quorumgt,topic,j43HgwYFKfk_out_comments.csv | quorum_complete_comments.csv | youtube_guatemala_plus_comments.csv,/@javiercifuentesarchila6041,hace 1 año,7,0,False,,@javiercifuentesarchila6041,Quorum,La cooptación de Walter Mazariegos en la USAC,@quorumgt,topic,@javiercifuentesarchila6041,@javiercifuentesarchila6041,7.0,False,7,0,False,False,hace 1 año,1 mes - 1 ano,365.25,Gracias por explicarlo!,explicar el,explicarlo,[],[],[],[],0,0,0,0,Gracias por explicarlo!,23,11,3,2,True,False,La cooptación de Walter Mazariegos en la USAC,UCE4rsXcgDb6e1-a9iTbWzfg,Quorum,/@quorumgt,/@quorumgt,News & Politics,@quorumgt,topic,10156,2024-09-26T15:00:17-07:00,2024-09-26 22:00:17+00:00,"[""USAC"", ""Walter Mazariegos"", ""Mazariegos rector"", ""Fraude USAC"", ""Elecciones USAC"", ""Toma USAC"", ""CSU USAC"", ""Quorum GT"", ""Periodismo Guatemala"", ""Luis Cordón USAC""]","[""USAC"", ""Walter Mazariegos"", ""Mazariegos rector"", ""Fraude USAC"", ""Elecciones USAC"", ""Toma USAC"", ""CSU USAC"", ""Quorum GT"", ""Periodismo Guatemala"", ""Luis Cordón USAC""]","🚨El rector de facto de la #USAC, Walter Mazariegos, tiene una alianza que le permite controlar un presupuesto millonario, quitar a sus opositores del camino y colocar a sus allegados en puestos importantes. Más de la mitad de sus cómplices en el Consejo Superior Universitario (CSU) se han prolongado en el poder y no tienen la intención de soltarlo.

👁️ Aunque las cosas podrían cambiar…

Ayudanos compartiendo, comentando y dándole like a este video.

🔍 También podés leer el reportaje completo en este link👉🏻 https://quorum.gt/poder/captura/usac/mazariegos_csu/

📲 Seguí a Quorum en todas las redes para ver más contenido interesante de #Guatemala.

⚫️ X: https://twitter.com/QuorumGT
🟣 Instagram: https://www.instagram.com/holaquorum?igsh=a2l2MHp6dXA5aGg4
🟠 TikTok:https://www.tiktok.com/@quorumgt?_t=8q3C9YsmOiT&_r=1
🔵 Facebook: https://www.facebook.com/QuorumGT?mibextid=LQQJ4d
🟢 Canal de WhatsApp: https://whatsapp.com/channel/0029Va8IZV65PO0ul2cBdD0l",10,https://www.youtube.com/watch?v=j43HgwYFKfk
6W4u8sGEnGM,UgzhjFXjeUslGQMZ7KB4AaABAg,Inician los trabajos de recuperación del Puente Belice II.,Gobierno de la República de Guatemala,UC-ZtFBHzgkYFh7whZkuR_Ag,@BernerSoza-mg3vx,UCRfkkatKrNtAARnXMMYBGlA,Que se termine la corrupcion para construier obras como estas  correjir el pais mano dura,Gobierno de la República de Guatemala,topic,youtube_guatemala_plus_comments.csv | youtube_lab_targets_small_comments.csv,/@BernerSoza-mg3vx,hace 5 días, ,0,False,,@BernerSoza-mg3vx,Gobierno de la República de Guatemala,Inician los trabajos de recuperación del Puente Belice II.,Gobierno de la República de Guatemala,topic,@BernerSoza-mg3vx,@bernersoza-mg3vx,,True,0,0,False,False,hace 5 días,<1 semana,5.0,Que se termine la corrupcion para construier obras como estas  correjir el pais mano dura,terminar corrupcion construier obra correjir mano duro,termine corrupcion construier obras correjir mano dura,[],[],[],[],0,0,0,0,Que se termine la corrupcion para construier obras como estas correjir el pais mano dura,89,54,15,7,True,False,Inician los trabajos de recuperación del Puente Belice II.,UC-ZtFBHzgkYFh7whZkuR_Ag,Gobierno de la República de Guatemala,/@GobiernodelaRepublicadeGuatema,/@GobiernodelaRepublicadeGuatema,Entertainment,Gobierno de la República de Guatemala,topic,11670,2026-08-26T21:00:47-07:00,2026-08-27 04:00:47+00:00,[],[],Inician los trabajos de recuperación del Puente Belice II.,0,https://www.youtube.com/watch?v=6W4u8sGEnGM
n8iP75gIpmw,UgzhtSisQXcyX7bqkzB4AaABAg,Qué rico come tu diputado,Quorum,UCE4rsXcgDb6e1-a9iTbWzfg,@oswaldosolis8728,UCA93ym2TXs_Ibyxb4Vcn-6Q,"Tiene razón el diputado, le dan importancia a babosaditas",@quorumgt/videos,channel,quorum_complete_comments.csv | youtube_guatemala_plus_comments.csv,/@oswaldosolis8728,hace 2 años, ,0,False,,@oswaldosolis8728,Quorum,Qué rico come tu diputado,@quorumgt/videos,channel,@oswaldosolis8728,@oswaldosolis8728,,True,0,0,False,False,hace 2 años,1 - 2 anos,730.5,"Tiene razón el diputado, le dan importancia a babosaditas",razon diputado importancia babosadita,razon diputado importancia babosaditas,[],[],[],[],0,0,0,0,"Tiene razón el diputado, le dan importancia a babosaditas",57,37,9,4,True,False,Qué rico come tu diputado,UCE4rsXcgDb6e1-a9iTbWzfg,Quorum,/@quorumgt,/@quorumgt,News & Politics,Quorum GT,topic,11775,2024-08-27T14:09:51-07:00,2024-08-27 21:09:51+00:00,[],[],"En @ConCriteriogt hablaron hoy sobre nuestro reportaje ""Qué rico come tu diputado"", en el que contamos los almuerzos más caros pagados con fondos públicos entre enero y abril de este año.

Entrevistaron al diputado Nery Rodas, de CABAL, quien asegura que son problemas ""mínimos"".

Si no has leído el repor podés hacerlo acá https://quorum.gt/poder/comida_diputados/",0,https://www.youtube.com/watch?v=n8iP75gIpmw
n8iP75gIpmw,Ugzi82q6lRyjtKUL5lV4AaABAg,Qué rico come tu diputado,Quorum,UCE4rsXcgDb6e1-a9iTbWzfg,@Aura-vf6dm,UCAmtbUiIrUIhikru0ZoTFig,SON CÍNICOS,@quorumgt/videos,channel,quorum_complete_comments.csv | youtube_guatemala_plus_comments.csv,/@Aura-vf6dm,hace 2 años,7,0,False,,@Aura-vf6dm,Quorum,Qué rico come tu diputado,@quorumgt/videos,channel,@Aura-vf6dm,@aura-vf6dm,7.0,False,7,0,False,False,hace 2 años,1 - 2 anos,730.5,SON CÍNICOS,cinico,cinicos,[],[],[],[],0,0,0,0,SON CÍNICOS,11,6,2,1,True,False,Qué rico come tu diputado,UCE4rsXcgDb6e1-a9iTbWzfg,Quorum,/@quorumgt,/@quorumgt,News & Politics,Quorum GT,topic,11775,2024-08-27T14:09:51-07:00,2024-08-27 21:09:51+00:00,[],[],"En @ConCriteriogt hablaron hoy sobre nuestro reportaje ""Qué rico come tu diputado"", en el que contamos los almuerzos más caros pagados con fondos públicos entre enero y abril de este año.

Entrevistaron al diputado Nery Rodas, de CABAL, quien asegura que son problemas ""mínimos"".

Si no has leído el repor podés hacerlo acá https://quorum.gt/poder/comida_diputados/",0,https://www.youtube.com/watch?v=n8iP75gIpmw
n8iP75gIpmw,Ugzin8yr1Zz1k47GsSp4AaABAg,Qué rico come tu diputado,Quorum,UCE4rsXcgDb6e1-a9iTbWzfg,@domingopeneleu6457,UCr1emrogPKkKTs_WTtx71xg,Ay ricos shucos en la calle jajaja,@quorumgt/videos,channel,quorum_complete_comments.csv | youtube_guatemala_plus_comments.csv,/@domingopeneleu6457,hace 2 años, ,0,False,,@domingopeneleu6457,Quorum,Qué rico come tu diputado,@quorumgt/videos,channel,@domingopeneleu6457,@domingopeneleu6457,,True,0,0,False,False,hace 2 años,1 - 2 anos,730.5,Ay ricos shucos en la calle jajaja,rico shuco calle,ricos shucos calle,[],[],[],[],0,0,0,0,Ay ricos shucos en la calle jaja,34,16,7,3,True,False,Qué rico come tu diputado,UCE4rsXcgDb6e1-a9iTbWzfg,Quorum,/@quorumgt,/@quorumgt,News & Politics,Quorum GT,topic,11775,2024-08-27T14:09:51-07:00,2024-08-27 21:09:51+00:00,[],[],"En @ConCriteriogt hablaron hoy sobre nuestro reportaje ""Qué rico come tu diputado"", en el que contamos los almuerzos más caros pagados con fondos públicos entre enero y abril de este año.

Entrevistaron al diputado Nery Rodas, de CABAL, quien asegura que son problemas ""mínimos"".

Si no has leído el repor podés hacerlo acá https://quorum.gt/poder/comida_diputados/",0,https://www.youtube.com/watch?v=n8iP75gIpmw
lj983NWyAQY,UgzjFGboqNxQ7BcH0bZ4AaABAg,Plan 2032 Ciudad de Guatemala,Municipalidad de Guatemala,UCXa6LVjBzUtmcM3cwbd9e2w,@jimmygomez724,UCRznz9-N3Qc1w-qNdLSIY2Q,Hermosa cuidad de guatemala saludos desde el salvador,Municipalidad de Guatemala,topic,lj983NWyAQY_out_comments.csv | youtube_guatemala_plus_comments.csv,/@jimmygomez724,hace 6 años,14,0,False,,@jimmygomez724,Municipalidad de Guatemala,Plan 2032 Ciudad de Guatemala,Municipalidad de Guatemala,topic,@jimmygomez724,@jimmygomez724,14.0,False,14,0,False,False,hace 6 años,>2 anos,2191.5,Hermosa cuidad de guatemala saludos desde el salvador,hermoso cuidad guatemala saludos salvador,hermosa cuidad guatemala saludos salvador,[],[],[],[],0,0,0,0,Hermosa cuidad de guatemala saludos desde el salvador,53,41,8,5,True,False,Plan 2032 Ciudad de Guatemala,UCXa6LVjBzUtmcM3cwbd9e2w,Municipalidad de Guatemala,/@MunicipalidaddeGuatemala-1551,/@MunicipalidaddeGuatemala-1551,News & Politics,Municipalidad de Guatemala,topic,304089,2019-02-28T18:31:10-08:00,2019-03-01 02:31:10+00:00,"[""Ricardo"", ""Quiñónez"", ""Administración"", ""Alcalde"", ""Alcaldía"", ""Alcaldías"", ""Municipalidad"", ""Municipal"", ""Muni"", ""Cumple"", ""Equipo"", ""Transparencia"", ""Servicios"", ""Servir"", ""Servidor"", ""Público"", ""Pasión"", ""Todos"", ""Somos"", ""La"", ""Ciudad"", ""Del"", ""Futuro"", ""Para"", ""Vivir"", ""Polos"", ""desarrollo"", ""pasos a desnivel"", ""movilidad urbana"", ""aerometro"", ""Transmetro"", ""metroriel"", ""Plan 2032"", ""transporte público"", ""reciclaje"", ""movilidad""]","[""Ricardo"", ""Quiñónez"", ""Administración"", ""Alcalde"", ""Alcaldía"", ""Alcaldías"", ""Municipalidad"", ""Municipal"", ""Muni"", ""Cumple"", ""Equipo"", ""Transparencia"", ""Servicios"", ""Servir"", ""Servidor"", ""Público"", ""Pasión"", ""Todos"", ""Somos"", ""La"", ""Ciudad"", ""Del"", ""Futuro"", ""Para"", ""Vivir"", ""Polos"", ""desarrollo"", ""pasos a desnivel"", ""movilidad urbana"", ""aerometro"", ""Transmetro"", ""metroriel"", ""Plan 2032"", ""transporte público"", ""reciclaje"", ""movilidad""]",La Municipalidad de Guatemala trabaja en el plan 2032 con proyectos para solventar los actuales y futuros desafíos de la Ciudad.,36,https://www.youtube.com/watch?v=lj983NWyAQY
lj983NWyAQY,UgzjqVqTKYeOrM1kW0F4AaABAg,Plan 2032 Ciudad de Guatemala,Municipalidad de Guatemala,UCXa6LVjBzUtmcM3cwbd9e2w,@maynorcalel1442,UCY7Hq7F9Lnucf-Yr6JkHZNw,Primero Dios,Municipalidad de Guatemala,topic,lj983NWyAQY_out_comments.csv | youtube_guatemala_plus_comments.csv,/@maynorcalel1442,hace 7 años,79,0,False,,@maynorcalel1442,Municipalidad de Guatemala,Plan 2032 Ciudad de Guatemala,Municipalidad de Guatemala,topic,@maynorcalel1442,@maynorcalel1442,79.0,False,79,0,False,False,hace 7 años,>2 anos,2556.75,Primero Dios,,dios,[],[],[],[],0,0,0,0,Primero Dios,12,0,2,0,True,True,Plan 2032 Ciudad de Guatemala,UCXa6LVjBzUtmcM3cwbd9e2w,Municipalidad de Guatemala,/@MunicipalidaddeGuatemala-1551,/@MunicipalidaddeGuatemala-1551,News & Politics,Municipalidad de Guatemala,topic,304089,2019-02-28T18:31:10-08:00,2019-03-01 02:31:10+00:00,"[""Ricardo"", ""Quiñónez"", ""Administración"", ""Alcalde"", ""Alcaldía"", ""Alcaldías"", ""Municipalidad"", ""Municipal"", ""Muni"", ""Cumple"", ""Equipo"", ""Transparencia"", ""Servicios"", ""Servir"", ""Servidor"", ""Público"", ""Pasión"", ""Todos"", ""Somos"", ""La"", ""Ciudad"", ""Del"", ""Futuro"", ""Para"", ""Vivir"", ""Polos"", ""desarrollo"", ""pasos a desnivel"", ""movilidad urbana"", ""aerometro"", ""Transmetro"", ""metroriel"", ""Plan 2032"", ""transporte público"", ""reciclaje"", ""movilidad""]","[""Ricardo"", ""Quiñónez"", ""Administración"", ""Alcalde"", ""Alcaldía"", ""Alcaldías"", ""Municipalidad"", ""Municipal"", ""Muni"", ""Cumple"", ""Equipo"", ""Transparencia"", ""Servicios"", ""Servir"", ""Servidor"", ""Público"", ""Pasión"", ""Todos"", ""Somos"", ""La"", ""Ciudad"", ""Del"", ""Futuro"", ""Para"", ""Vivir"", ""Polos"", ""desarrollo"", ""pasos a desnivel"", ""movilidad urbana"", ""aerometro"", ""Transmetro"", ""metroriel"", ""Plan 2032"", ""transporte público"", ""reciclaje"", ""movilidad""]",La Municipalidad de Guatemala trabaja en el plan 2032 con proyectos para solventar los actuales y futuros desafíos de la Ciudad.,36,https://www.youtube.com/watch?v=lj983NWyAQY
OkXlHx0hx-8,Ugzk5XnOVKoVj8FiOCB4AaABAg,EE.UU. envía a mexicanos deportados a Guatemala antes de su regreso a México | Noticias Telemundo,Noticias Telemundo,UCRwA1NUcUnwsly35ikGhp0A,@mariaalexander427,UC-QOpE7GOxlXcHZ8b7HbQKA,Y??? Entraron ilegalmente a un pais AJENO!! No tenemos obligacion de dejarlos en las puertas de sus ranchos! Problema de otro gobierno!🇺🇸💪🗽⚖️✈️✈️✈️,guatemala noticias,topic,youtube_guatemala_comments.csv | youtube_guatemala_plus_comments.csv,/@mariaalexander427,hace 1 día, ,0,False,,@mariaalexander427,Noticias Telemundo,EE.UU. envía a mexicanos deportados a Guatemala antes de su regreso a México | Noticias Telemundo,guatemala noticias,topic,@mariaalexander427,@mariaalexander427,,True,0,0,False,False,hace 1 día,<1 semana,1.0,Y??? Entraron ilegalmente a un pais AJENO!! No tenemos obligacion de dejarlos en las puertas de sus ranchos! Problema de otro gobierno!🇺🇸💪🗽⚖️✈️✈️✈️,entrar ilegalmente ajeno obligacion dejar el puerta rancho problema gobierno,entraron ilegalmente ajeno obligacion dejarlos puertas ranchos problema gobierno,[],[],[],"[""🇺🇸"", ""💪"", ""🗽"", ""⚖️"", ""✈️"", ""✈️"", ""✈️""]",0,0,0,7,Y??? Entraron ilegalmente a un pais AJENO!! No tenemos obligacion de dejarlos en las puertas de sus ranchos! Problema de otro gobierno! emoji bandera estados unidos emoji emoji bíceps flexionado emoji emoji estatua de la libertad emoji emoji balanza emoji emoji avión emoji emoji avión emoji emoji avión emoji,147,76,22,10,True,False,EE.UU. envía a mexicanos deportados a Guatemala antes de su regreso a México | Noticias Telemundo,UCRwA1NUcUnwsly35ikGhp0A,Noticias Telemundo,/@noticias,/@noticias,News & Politics,guatemala noticias,topic,14200,2026-08-30T16:38:02-07:00,2026-08-30 23:38:02+00:00,"[""telemundo noticias"", ""noticias telemundo"", ""noticias telemundo de hoy"", ""noticias"", ""noticias en vivo"", ""telemundo"", ""noticias de ultima hora"", ""noticias de hoy"", ""ee uu deporta a miles de mexicanos a traves de guatemala"", ""mexico rechaza uso de guatemala como pais puente"", ""dhs acelera expulsiones de mexicanos por guatemala"", ""polemica por ruta de deportacion de ee uu a tapachula"", ""miles de deportados mexicanos quedan varados en guatemala""]","[""telemundo noticias"", ""noticias telemundo"", ""noticias telemundo de hoy"", ""noticias"", ""noticias en vivo"", ""telemundo"", ""noticias de ultima hora"", ""noticias de hoy"", ""ee uu deporta a miles de mexicanos a traves de guatemala"", ""mexico rechaza uso de guatemala como pais puente"", ""dhs acelera expulsiones de mexicanos por guatemala"", ""polemica por ruta de deportacion de ee uu a tapachula"", ""miles de deportados mexicanos quedan varados en guatemala""]","Video oficial de Noticias Telemundo. Desde abril, casi 2,300 mexicanos han sido enviados a Guatemala, según autoridades de ese país. Al llegar a Tapachula, muchos deben buscar cómo trasladarse a sus estados de origen. DHS justifica el uso de países “puente” para acelerar las expulsiones.

Descarga nuestra App:
https://telemundo.app.link/Mtq7sTKAUtb

SUSCRÍBETE: https://bit.ly/TLMDNoticiasYT

Noticias
Noticias Telemundo es un proveedor líder de noticias para los hispanos de EE.UU. Sus galardonados espacios de noticias, transmitidos desde Telemundo Center, incluyen los noticieros diarios ""Noticias Telemundo"" con Julio Vaqueiro; ""Noticias Telemundo Fin de Semana"", ""Noticias Telemundo Mediodía"" y ""Noticias Telemundo En La Noche"". El ""Equipo Digital de Noticias Telemundo"" ofrece contenido ininterrumpido para los hispanos de EE.UU. a través de sus crecientes plataformas móviles y en línea. ""Noticias Telemundo Investiga"" produce reportes investigativos y documentales en profundidad. ""Noticias Telemundo Planeta Tierra"" ofrece información relacionada con el medio ambiente y el cambio climático. Adicionalmente, ""Noticias Telemundo"" produce galardonados especiales de noticias, documentales y eventos noticiosos como debates políticos, asambleas ciudadanas y foros.

Telemundo
Es una empresa de medios de primera categoría, líder en la industria en la producción y distribución de contenido en español de alta calidad a través de múltiples plataformas para hispanos en los Estados Unidos y alrededor del mundo. La cadena ofrece producciones dramáticas originales de Telemundo Studios – el productor #1 de contenido en español de horario estelar – así como contenido alternativo, películas de cine, especiales, noticias y eventos deportivos de primer nivel, alcanzando el 94% de los televidentes hispanos en los Estados Unidos en 210 mercados a través de 17 estaciones propias y 57 afiliadas de TV abierta. Telemundo también es propietaria de WKAQ, una estación de televisión local que sirve Puerto Rico. Telemundo es parte de NBCUniversal Telemundo Enterprises, una división de NBCUniversal, una de las compañías líderes en el mundo de los medios y entretenimiento. NBCUniversal es una subsidiaria de Comcast Corporation.

SÍGUENOS EN X: https://twitter.com/telemundonews
DANOS ME GUSTA EN FACEBOOK: https://www.facebook.com/NoticiasTelemundo

#NoticiasTelemundo #Deportaciones #Frontera 

EE.UU. envía a mexicanos deportados a Guatemala antes de su regreso a México | Noticias Telemundo
https://www.youtube.com/noticias

Noticias, Telemundo, Noticias Telemundo de hoy, Telemundo Noticias, Noticias, Telemundo, Telemundo Noticias de hoy, Noticias Telemundo de hoy en vivo, Ultima hora, Noticias de hoy, Noticias de Ultima hora",13,https://www.youtube.com/watch?v=OkXlHx0hx-8
n8iP75gIpmw,UgzlqevYeQWpdUl_KON4AaABAg,Qué rico come tu diputado,Quorum,UCE4rsXcgDb6e1-a9iTbWzfg,@josehidalgo4875,UCjSKM9j0Q7HLDr1hD6D-TUw,Solo lo que sale a luz se da cuenta el pueblo de lo que hasen estos malvados y lo que hasen a escondidas quien les dise algo estos bien bien comidos y el pueblo que en eso yo mismo se los e dicho que el que sale beneficiado en todo es el político ustedes creen que se preocupan x el pueblo yo siempre les e dicho que solo las sobras le dejan al pueblo x que esta clase de gente solo tiene que ver primero sus intereses y lo demás les vale madre,@quorumgt/videos,channel,quorum_complete_comments.csv | youtube_guatemala_plus_comments.csv,/@josehidalgo4875,hace 2 años,2,0,False,,@josehidalgo4875,Quorum,Qué rico come tu diputado,@quorumgt/videos,channel,@josehidalgo4875,@josehidalgo4875,2.0,False,2,0,False,False,hace 2 años,1 - 2 anos,730.5,Solo lo que sale a luz se da cuenta el pueblo de lo que hasen estos malvados y lo que hasen a escondidas quien les dise algo estos bien bien comidos y el pueblo que en eso yo mismo se los e dicho que el que sale beneficiado en todo es el político ustedes creen que se preocupan x el pueblo yo siempre les e dicho que solo las sobras le dejan al pueblo x que esta clase de gente solo tiene que ver primero sus intereses y lo demás les vale madre,salir luz pueblo har malvado har escondido disar comido pueblo salir beneficiado politico creer preocupar pueblo sobra dejar pueblo clase interes valer madre,sale luz pueblo hasen malvados hasen escondidas dise comidos pueblo sale beneficiado politico creen preocupan pueblo sobras dejan pueblo clase intereses vale madre,[],[],[],[],0,0,0,0,Solo lo que sale a luz se da cuenta el pueblo de lo que hasen estos malvados y lo que hasen a escondidas quien les dise algo estos bien bien comidos y el pueblo que en eso yo mismo se los e dicho que el que sale beneficiado en todo es el político ustedes creen que se preocupan x el pueblo yo siempre les e dicho que solo las sobras le dejan al pueblo x que esta clase de gente solo tiene que ver primero sus intereses y lo demás les vale madre,444,157,93,23,True,False,Qué rico come tu diputado,UCE4rsXcgDb6e1-a9iTbWzfg,Quorum,/@quorumgt,/@quorumgt,News & Politics,Quorum GT,topic,11775,2024-08-27T14:09:51-07:00,2024-08-27 21:09:51+00:00,[],[],"En @ConCriteriogt hablaron hoy sobre nuestro reportaje ""Qué rico come tu diputado"", en el que contamos los almuerzos más caros pagados con fondos públicos entre enero y abril de este año.

Entrevistaron al diputado Nery Rodas, de CABAL, quien asegura que son problemas ""mínimos"".

Si no has leído el repor podés hacerlo acá https://quorum.gt/poder/comida_diputados/",0,https://www.youtube.com/watch?v=n8iP75gIpmw
06mFNPU0aB8,Ugzm7wFhhdctNQt_ubl4AaABAg,Capturan a presuntos delincuentes disfrazados de mujer señalados de cometer asalto,Noti7,UCVpSRoZgngfSL03Nlbjtq9A,@JessicaHuaz-96,UCwCfs-2zbD5k0lG-UVg_JBw,Al fin hicieron algo bueno los polis👏👏👏👏👏,guatemala noticias,topic,youtube_guatemala_comments.csv | youtube_guatemala_plus_comments.csv,/@JessicaHuaz-96,hace 2 semanas, ,0,False,,@JessicaHuaz-96,Noti7,Capturan a presuntos delincuentes disfrazados de mujer señalados de cometer asalto,guatemala noticias,topic,@JessicaHuaz-96,@jessicahuaz-96,,True,0,0,False,False,hace 2 semanas,1 sem - 1 mes,14.0,Al fin hicieron algo bueno los polis👏👏👏👏👏,poli,polis,[],[],[],"[""👏"", ""👏"", ""👏"", ""👏"", ""👏""]",0,0,0,5,Al fin hicieron algo bueno los polis emoji manos aplaudiendo emoji emoji manos aplaudiendo emoji emoji manos aplaudiendo emoji,41,4,7,1,True,False,Capturan a presuntos delincuentes disfrazados de mujer señalados de cometer asalto,UCVpSRoZgngfSL03Nlbjtq9A,Noti7,/@Noti7Guatemala,/@Noti7Guatemala,News & Politics,guatemala noticias,topic,6692,2026-08-13T22:00:12-07:00,2026-08-14 05:00:12+00:00,"[""Actualidad"", ""Asaltantes disfrazados"", ""Capturados Escuintla"", ""Guatemala"", ""Noti7"", ""Noticias"", ""PNC"", ""Televisiete"", ""información"", ""noticias"", ""capturas""]","[""Actualidad"", ""Asaltantes disfrazados"", ""Capturados Escuintla"", ""Guatemala"", ""Noti7"", ""Noticias"", ""PNC"", ""Televisiete"", ""información"", ""noticias"", ""capturas""]",La rápida acción policial frustró el plan de los sujetos que usaron minifaldas para huir.,11,https://www.youtube.com/watch?v=06mFNPU0aB8
n8iP75gIpmw,UgzmBKXDgncBFsDjRwd4AaABAg,Qué rico come tu diputado,Quorum,UCE4rsXcgDb6e1-a9iTbWzfg,@osmanmorales3012,UC72gBAtyb_VXQlYDcFrh6oQ,Siempre tienen excusa,@quorumgt/videos,channel,quorum_complete_comments.csv | youtube_guatemala_plus_comments.csv,/@osmanmorales3012,hace 2 años,1,0,False,,@osmanmorales3012,Quorum,Qué rico come tu diputado,@quorumgt/videos,channel,@osmanmorales3012,@osmanmorales3012,1.0,False,1,0,False,False,hace 2 años,1 - 2 anos,730.5,Siempre tienen excusa,excusa,excusa,[],[],[],[],0,0,0,0,Siempre tienen excusa,21,6,3,1,True,False,Qué rico come tu diputado,UCE4rsXcgDb6e1-a9iTbWzfg,Quorum,/@quorumgt,/@quorumgt,News & Politics,Quorum GT,topic,11775,2024-08-27T14:09:51-07:00,2024-08-27 21:09:51+00:00,[],[],"En @ConCriteriogt hablaron hoy sobre nuestro reportaje ""Qué rico come tu diputado"", en el que contamos los almuerzos más caros pagados con fondos públicos entre enero y abril de este año.

Entrevistaron al diputado Nery Rodas, de CABAL, quien asegura que son problemas ""mínimos"".

Si no has leído el repor podés hacerlo acá https://quorum.gt/poder/comida_diputados/",0,https://www.youtube.com/watch?v=n8iP75gIpmw
PjmxCj-a9Hg,UgzmBVMoFVO53-_ZZ-54AaABAg,Conferencia de Prensa del Gobierno de Guatemala. #LaRondaGt,Gobierno de la República de Guatemala,UC-ZtFBHzgkYFh7whZkuR_Ag,@NormaLópez-v7e,UC8xlJWNHz1V_W6q3fbuQH8g,Excelente señor ministro.,@GobiernodeGuatemala,topic,PjmxCj-a9Hg_out_comments.csv | youtube_guatemala_plus_comments.csv,/@NormaL%C3%B3pez-v7e,hace 1 año,1,0,False,,@NormaLópez-v7e,Gobierno de la República de Guatemala,Conferencia de Prensa del Gobierno de Guatemala. #LaRondaGt,@GobiernodeGuatemala,topic,@NormaLópez-v7e,@normalopez-v7e,1.0,False,1,0,False,False,hace 1 año,1 mes - 1 ano,365.25,Excelente señor ministro.,excelente senor ministro,excelente senor ministro,[],[],[],[],0,0,0,0,Excelente señor ministro.,25,24,3,3,True,False,Conferencia de Prensa del Gobierno de Guatemala. #LaRondaGt,UC-ZtFBHzgkYFh7whZkuR_Ag,Gobierno de la República de Guatemala,/@GobiernodelaRepublicadeGuatema,/@GobiernodelaRepublicadeGuatema,Entertainment,@GobiernodeGuatemala,topic,3628,2025-08-11T20:14:15-07:00,2025-08-12 03:14:15+00:00,[],[],Conferencia de Prensa del Gobierno de Guatemala. #LaRondaGt,0,https://www.youtube.com/watch?v=PjmxCj-a9Hg
6W4u8sGEnGM,UgzpHaLJJjoD9FnKO6p4AaABAg,Inician los trabajos de recuperación del Puente Belice II.,Gobierno de la República de Guatemala,UC-ZtFBHzgkYFh7whZkuR_Ag,@Murmullodelbarrio,UCyJhqmMbsvjpoarBBStA2kg,Viva nuestra Guatemala bendita y viva nuestro presidente Bernardo Arévalo,Gobierno de la República de Guatemala,topic,youtube_guatemala_plus_comments.csv | youtube_lab_targets_small_comments.csv,/@Murmullodelbarrio,hace 6 días,5,0,False,,@Murmullodelbarrio,Gobierno de la República de Guatemala,Inician los trabajos de recuperación del Puente Belice II.,Gobierno de la República de Guatemala,topic,@Murmullodelbarrio,@murmullodelbarrio,5.0,False,5,0,False,False,hace 6 días,<1 semana,6.0,Viva nuestra Guatemala bendita y viva nuestro presidente Bernardo Arévalo,vivo guatemala bendito vivo presidente bernardo arevalo,viva guatemala bendita viva presidente bernardo arevalo,[],[],[],[],0,0,0,0,Viva nuestra Guatemala bendita y viva nuestro presidente Bernardo Arévalo,73,55,10,7,True,False,Inician los trabajos de recuperación del Puente Belice II.,UC-ZtFBHzgkYFh7whZkuR_Ag,Gobierno de la República de Guatemala,/@GobiernodelaRepublicadeGuatema,/@GobiernodelaRepublicadeGuatema,Entertainment,Gobierno de la República de Guatemala,topic,11670,2026-08-26T21:00:47-07:00,2026-08-27 04:00:47+00:00,[],[],Inician los trabajos de recuperación del Puente Belice II.,0,https://www.youtube.com/watch?v=6W4u8sGEnGM
PjmxCj-a9Hg,UgzpdnDQDBV6UZ96GZh4AaABAg,Conferencia de Prensa del Gobierno de Guatemala. #LaRondaGt,Gobierno de la República de Guatemala,UC-ZtFBHzgkYFh7whZkuR_Ag,@srms70,UCgQJgI9vu1FI2dnC9mrFthw,NO QUEREMOS EL TREN MAYA EN GUATEMALA,@GobiernodeGuatemala,topic,PjmxCj-a9Hg_out_comments.csv | youtube_guatemala_plus_comments.csv,/@srms70,hace 1 año,2,0,False,,@srms70,Gobierno de la República de Guatemala,Conferencia de Prensa del Gobierno de Guatemala. #LaRondaGt,@GobiernodeGuatemala,topic,@srms70,@srms70,2.0,False,2,0,False,False,hace 1 año,1 mes - 1 ano,365.25,NO QUEREMOS EL TREN MAYA EN GUATEMALA,tren maya guatemala,tren maya guatemala,[],[],[],[],0,0,0,0,NO QUEREMOS EL TREN MAYA EN GUATEMALA,37,19,7,3,True,False,Conferencia de Prensa del Gobierno de Guatemala. #LaRondaGt,UC-ZtFBHzgkYFh7whZkuR_Ag,Gobierno de la República de Guatemala,/@GobiernodelaRepublicadeGuatema,/@GobiernodelaRepublicadeGuatema,Entertainment,@GobiernodeGuatemala,topic,3628,2025-08-11T20:14:15-07:00,2025-08-12 03:14:15+00:00,[],[],Conferencia de Prensa del Gobierno de Guatemala. #LaRondaGt,0,https://www.youtube.com/watch?v=PjmxCj-a9Hg
n8iP75gIpmw,UgzpzyaFY6F6IdFxzk14AaABAg,Qué rico come tu diputado,Quorum,UCE4rsXcgDb6e1-a9iTbWzfg,@kanterra4584,UCLFdHr9BEbXHkoJopbEPLZw,Por lo general es así cuando los sujetos provienen de bajos estratos de la sociedad y son tirados con honda.,@quorumgt/videos,channel,quorum_complete_comments.csv | youtube_guatemala_plus_comments.csv,/@kanterra4584,hace 2 años,11,0,False,,@kanterra4584,Quorum,Qué rico come tu diputado,@quorumgt/videos,channel,@kanterra4584,@kanterra4584,11.0,False,11,0,False,False,hace 2 años,1 - 2 anos,730.5,Por lo general es así cuando los sujetos provienen de bajos estratos de la sociedad y son tirados con honda.,general sujeto provenir estrato sociedad tirado hondir,general sujetos provienen bajos estratos sociedad tirados honda,[],[],[],[],0,0,0,0,Por lo general es así cuando los sujetos provienen de bajos estratos de la sociedad y son tirados con honda.,108,54,20,7,True,False,Qué rico come tu diputado,UCE4rsXcgDb6e1-a9iTbWzfg,Quorum,/@quorumgt,/@quorumgt,News & Politics,Quorum GT,topic,11775,2024-08-27T14:09:51-07:00,2024-08-27 21:09:51+00:00,[],[],"En @ConCriteriogt hablaron hoy sobre nuestro reportaje ""Qué rico come tu diputado"", en el que contamos los almuerzos más caros pagados con fondos públicos entre enero y abril de este año.

Entrevistaron al diputado Nery Rodas, de CABAL, quien asegura que son problemas ""mínimos"".

Si no has leído el repor podés hacerlo acá https://quorum.gt/poder/comida_diputados/",0,https://www.youtube.com/watch?v=n8iP75gIpmw
n8iP75gIpmw,UgzrrbkpudLqNqr7s6R4AaABAg,Qué rico come tu diputado,Quorum,UCE4rsXcgDb6e1-a9iTbWzfg,@Joseroland21,UCRETAiYdh2dL5ZxB0_N1zDA,"A todos no a unos si 😂
Mejor no hubiera se hubiera entrevistado. 😂

Un calcetín el
Señor. Abre la boca y meta la pata",@quorumgt/videos,channel,quorum_complete_comments.csv | youtube_guatemala_plus_comments.csv,/@Joseroland21,hace 2 años, ,0,False,,@Joseroland21,Quorum,Qué rico come tu diputado,@quorumgt/videos,channel,@Joseroland21,@joseroland21,,True,0,0,False,False,hace 2 años,1 - 2 anos,730.5,"A todos no a unos si 😂
Mejor no hubiera se hubiera entrevistado. 😂

Un calcetín el
Señor. Abre la boca y meta la pata",entrevistado calcetin senor abrir boca meta pato,entrevistado calcetin senor abre boca meta pata,[],[],[],"[""😂"", ""😂""]",0,0,0,2,A todos no a unos si emoji cara llorando de risa emoji Mejor no hubiera se hubiera entrevistado. emoji cara llorando de risa emoji Un calcetín el Señor. Abre la boca y meta la pata,117,48,25,7,True,False,Qué rico come tu diputado,UCE4rsXcgDb6e1-a9iTbWzfg,Quorum,/@quorumgt,/@quorumgt,News & Politics,Quorum GT,topic,11775,2024-08-27T14:09:51-07:00,2024-08-27 21:09:51+00:00,[],[],"En @ConCriteriogt hablaron hoy sobre nuestro reportaje ""Qué rico come tu diputado"", en el que contamos los almuerzos más caros pagados con fondos públicos entre enero y abril de este año.

Entrevistaron al diputado Nery Rodas, de CABAL, quien asegura que son problemas ""mínimos"".

Si no has leído el repor podés hacerlo acá https://quorum.gt/poder/comida_diputados/",0,https://www.youtube.com/watch?v=n8iP75gIpmw
lj983NWyAQY,Ugzs8eXa8mdQ8wlS4FZ4AaABAg,Plan 2032 Ciudad de Guatemala,Municipalidad de Guatemala,UCXa6LVjBzUtmcM3cwbd9e2w,@bryansicasales4280,UCi-vPdnpQreC7BkFs40mJGA,"Es un proyecto extraordinario , vamos adelante mi guate hermosa!",Municipalidad de Guatemala,topic,lj983NWyAQY_out_comments.csv | youtube_guatemala_plus_comments.csv,/@bryansicasales4280,hace 7 años,35,0,False,,@bryansicasales4280,Municipalidad de Guatemala,Plan 2032 Ciudad de Guatemala,Municipalidad de Guatemala,topic,@bryansicasales4280,@bryansicasales4280,35.0,False,35,0,False,False,hace 7 años,>2 anos,2556.75,"Es un proyecto extraordinario , vamos adelante mi guate hermosa!",proyecto extraordinario guate hermoso,proyecto extraordinario guate hermosa,[],[],[],[],0,0,0,0,"Es un proyecto extraordinario , vamos adelante mi guate hermosa!",64,37,10,4,True,False,Plan 2032 Ciudad de Guatemala,UCXa6LVjBzUtmcM3cwbd9e2w,Municipalidad de Guatemala,/@MunicipalidaddeGuatemala-1551,/@MunicipalidaddeGuatemala-1551,News & Politics,Municipalidad de Guatemala,topic,304089,2019-02-28T18:31:10-08:00,2019-03-01 02:31:10+00:00,"[""Ricardo"", ""Quiñónez"", ""Administración"", ""Alcalde"", ""Alcaldía"", ""Alcaldías"", ""Municipalidad"", ""Municipal"", ""Muni"", ""Cumple"", ""Equipo"", ""Transparencia"", ""Servicios"", ""Servir"", ""Servidor"", ""Público"", ""Pasión"", ""Todos"", ""Somos"", ""La"", ""Ciudad"", ""Del"", ""Futuro"", ""Para"", ""Vivir"", ""Polos"", ""desarrollo"", ""pasos a desnivel"", ""movilidad urbana"", ""aerometro"", ""Transmetro"", ""metroriel"", ""Plan 2032"", ""transporte público"", ""reciclaje"", ""movilidad""]","[""Ricardo"", ""Quiñónez"", ""Administración"", ""Alcalde"", ""Alcaldía"", ""Alcaldías"", ""Municipalidad"", ""Municipal"", ""Muni"", ""Cumple"", ""Equipo"", ""Transparencia"", ""Servicios"", ""Servir"", ""Servidor"", ""Público"", ""Pasión"", ""Todos"", ""Somos"", ""La"", ""Ciudad"", ""Del"", ""Futuro"", ""Para"", ""Vivir"", ""Polos"", ""desarrollo"", ""pasos a desnivel"", ""movilidad urbana"", ""aerometro"", ""Transmetro"", ""metroriel"", ""Plan 2032"", ""transporte público"", ""reciclaje"", ""movilidad""]",La Municipalidad de Guatemala trabaja en el plan 2032 con proyectos para solventar los actuales y futuros desafíos de la Ciudad.,36,https://www.youtube.com/watch?v=lj983NWyAQY
PjmxCj-a9Hg,UgztKpwRx20oET8wGLJ4AaABAg,Conferencia de Prensa del Gobierno de Guatemala. #LaRondaGt,Gobierno de la República de Guatemala,UC-ZtFBHzgkYFh7whZkuR_Ag,@virgiliogarcia3039,UCHTGCgY2l-DQJIvlA_cpa_Q,Con mucho Respeto  sen̈or presidente lo saludo y que Dios los vendiga lo unico que le pido que mencione y hagan algo por la seguridad del pais ya que siguen matando personas trabajadores y honrradas hagan algo con esos delincuentes .,@GobiernodeGuatemala,topic,PjmxCj-a9Hg_out_comments.csv | youtube_guatemala_plus_comments.csv,/@virgiliogarcia3039,hace 1 año,1,0,False,,@virgiliogarcia3039,Gobierno de la República de Guatemala,Conferencia de Prensa del Gobierno de Guatemala. #LaRondaGt,@GobiernodeGuatemala,topic,@virgiliogarcia3039,@virgiliogarcia3039,1.0,False,1,0,False,False,hace 1 año,1 mes - 1 ano,365.25,Con mucho Respeto  sen̈or presidente lo saludo y que Dios los vendiga lo unico que le pido que mencione y hagan algo por la seguridad del pais ya que siguen matando personas trabajadores y honrradas hagan algo con esos delincuentes .,respetar senor presidente saludo dios vendigar unico pedir mencione seguridad seguir matar persona trabajador honrrada delincuente,respeto senor presidente saludo dios vendiga unico pido mencione hagan seguridad siguen matando personas trabajadores honrradas hagan delincuentes,[],[],[],[],0,0,0,0,Con mucho Respeto sen̈or presidente lo saludo y que Dios los vendiga lo unico que le pido que mencione y hagan algo por la seguridad del pais ya que siguen matando personas trabajadores y honrradas hagan algo con esos delincuentes .,233,130,41,16,True,False,Conferencia de Prensa del Gobierno de Guatemala. #LaRondaGt,UC-ZtFBHzgkYFh7whZkuR_Ag,Gobierno de la República de Guatemala,/@GobiernodelaRepublicadeGuatema,/@GobiernodelaRepublicadeGuatema,Entertainment,@GobiernodeGuatemala,topic,3628,2025-08-11T20:14:15-07:00,2025-08-12 03:14:15+00:00,[],[],Conferencia de Prensa del Gobierno de Guatemala. #LaRondaGt,0,https://www.youtube.com/watch?v=PjmxCj-a9Hg
PjmxCj-a9Hg,UgzuugQO6qMSbkVsdGp4AaABAg,Conferencia de Prensa del Gobierno de Guatemala. #LaRondaGt,Gobierno de la República de Guatemala,UC-ZtFBHzgkYFh7whZkuR_Ag,@aureliomaldonado4793,UCtNyHmRZtvGF2hSvI2dUBWw,Pregúntenle si se acuerda de la marca del vino que se toma todos los días,@GobiernodeGuatemala,topic,PjmxCj-a9Hg_out_comments.csv | youtube_guatemala_plus_comments.csv,/@aureliomaldonado4793,hace 1 año,1,0,False,,@aureliomaldonado4793,Gobierno de la República de Guatemala,Conferencia de Prensa del Gobierno de Guatemala. #LaRondaGt,@GobiernodeGuatemala,topic,@aureliomaldonado4793,@aureliomaldonado4793,1.0,False,1,0,False,False,hace 1 año,1 mes - 1 ano,365.25,Pregúntenle si se acuerda de la marca del vino que se toma todos los días,preguntenle marca vino tomar,preguntenle acuerda marca vino toma,[],[],[],[],0,0,0,0,Pregúntenle si se acuerda de la marca del vino que se toma todos los días,73,28,15,4,True,False,Conferencia de Prensa del Gobierno de Guatemala. #LaRondaGt,UC-ZtFBHzgkYFh7whZkuR_Ag,Gobierno de la República de Guatemala,/@GobiernodelaRepublicadeGuatema,/@GobiernodelaRepublicadeGuatema,Entertainment,@GobiernodeGuatemala,topic,3628,2025-08-11T20:14:15-07:00,2025-08-12 03:14:15+00:00,[],[],Conferencia de Prensa del Gobierno de Guatemala. #LaRondaGt,0,https://www.youtube.com/watch?v=PjmxCj-a9Hg
n8iP75gIpmw,UgzvKLXKEkVzjn_XRHp4AaABAg,Qué rico come tu diputado,Quorum,UCE4rsXcgDb6e1-a9iTbWzfg,@alvaroesquivel563,UCsjs5Hp_r86x1xbK6FAeqaA,Eso es exactamente lo que significa la verdadera politica: dividirse la riqueza del país entre unos cuantos. Sólo se puede guardar por todos estos delincuentes políticos un sentimiento de vivisima repugnancia.-,@quorumgt/videos,channel,quorum_complete_comments.csv | youtube_guatemala_plus_comments.csv,/@alvaroesquivel563,hace 2 años,2,0,False,,@alvaroesquivel563,Quorum,Qué rico come tu diputado,@quorumgt/videos,channel,@alvaroesquivel563,@alvaroesquivel563,2.0,False,2,0,False,False,hace 2 años,1 - 2 anos,730.5,Eso es exactamente lo que significa la verdadera politica: dividirse la riqueza del país entre unos cuantos. Sólo se puede guardar por todos estos delincuentes políticos un sentimiento de vivisima repugnancia.-,exactamente significar politico dividir el riqueza guardar delincuente politico sentimiento vivisimar repugnancia,exactamente significa politica dividirse riqueza guardar delincuentes politicos sentimiento vivisima repugnancia,[],[],[],[],0,0,0,0,Eso es exactamente lo que significa la verdadera politica: dividirse la riqueza del país entre unos cuantos. Sólo se puede guardar por todos estos delincuentes políticos un sentimiento de vivisima repugnancia.-,210,113,31,12,True,False,Qué rico come tu diputado,UCE4rsXcgDb6e1-a9iTbWzfg,Quorum,/@quorumgt,/@quorumgt,News & Politics,Quorum GT,topic,11775,2024-08-27T14:09:51-07:00,2024-08-27 21:09:51+00:00,[],[],"En @ConCriteriogt hablaron hoy sobre nuestro reportaje ""Qué rico come tu diputado"", en el que contamos los almuerzos más caros pagados con fondos públicos entre enero y abril de este año.

Entrevistaron al diputado Nery Rodas, de CABAL, quien asegura que son problemas ""mínimos"".

Si no has leído el repor podés hacerlo acá https://quorum.gt/poder/comida_diputados/",0,https://www.youtube.com/watch?v=n8iP75gIpmw
lj983NWyAQY,UgzwvEpQc3M_AWvNDad4AaABAg,Plan 2032 Ciudad de Guatemala,Municipalidad de Guatemala,UCXa6LVjBzUtmcM3cwbd9e2w,@WalksandSuch,UCRcSR3Lvn9DZAmJpVPANfZQ,muy padre. saludos desde mexico.,Municipalidad de Guatemala,topic,lj983NWyAQY_out_comments.csv | youtube_guatemala_plus_comments.csv,/@WalksandSuch,hace 7 años,68,0,False,,@WalksandSuch,Municipalidad de Guatemala,Plan 2032 Ciudad de Guatemala,Municipalidad de Guatemala,topic,@WalksandSuch,@walksandsuch,68.0,False,68,0,False,False,hace 7 años,>2 anos,2556.75,muy padre. saludos desde mexico.,padre saludos mexico,padre saludos mexico,[],[],[],[],0,0,0,0,muy padre. saludos desde mexico.,32,20,5,3,True,False,Plan 2032 Ciudad de Guatemala,UCXa6LVjBzUtmcM3cwbd9e2w,Municipalidad de Guatemala,/@MunicipalidaddeGuatemala-1551,/@MunicipalidaddeGuatemala-1551,News & Politics,Municipalidad de Guatemala,topic,304089,2019-02-28T18:31:10-08:00,2019-03-01 02:31:10+00:00,"[""Ricardo"", ""Quiñónez"", ""Administración"", ""Alcalde"", ""Alcaldía"", ""Alcaldías"", ""Municipalidad"", ""Municipal"", ""Muni"", ""Cumple"", ""Equipo"", ""Transparencia"", ""Servicios"", ""Servir"", ""Servidor"", ""Público"", ""Pasión"", ""Todos"", ""Somos"", ""La"", ""Ciudad"", ""Del"", ""Futuro"", ""Para"", ""Vivir"", ""Polos"", ""desarrollo"", ""pasos a desnivel"", ""movilidad urbana"", ""aerometro"", ""Transmetro"", ""metroriel"", ""Plan 2032"", ""transporte público"", ""reciclaje"", ""movilidad""]","[""Ricardo"", ""Quiñónez"", ""Administración"", ""Alcalde"", ""Alcaldía"", ""Alcaldías"", ""Municipalidad"", ""Municipal"", ""Muni"", ""Cumple"", ""Equipo"", ""Transparencia"", ""Servicios"", ""Servir"", ""Servidor"", ""Público"", ""Pasión"", ""Todos"", ""Somos"", ""La"", ""Ciudad"", ""Del"", ""Futuro"", ""Para"", ""Vivir"", ""Polos"", ""desarrollo"", ""pasos a desnivel"", ""movilidad urbana"", ""aerometro"", ""Transmetro"", ""metroriel"", ""Plan 2032"", ""transporte público"", ""reciclaje"", ""movilidad""]",La Municipalidad de Guatemala trabaja en el plan 2032 con proyectos para solventar los actuales y futuros desafíos de la Ciudad.,36,https://www.youtube.com/watch?v=lj983NWyAQY
n8iP75gIpmw,Ugzx7TTfRu5S-pT0LuZ4AaABAg,Qué rico come tu diputado,Quorum,UCE4rsXcgDb6e1-a9iTbWzfg,@eusebiovasquez4385,UCz3gu01bmjNv0DpRq-K3XYg,Pero que estará aportando éste delincuente,@quorumgt/videos,channel,quorum_complete_comments.csv | youtube_guatemala_plus_comments.csv,/@eusebiovasquez4385,hace 2 años,1,0,False,,@eusebiovasquez4385,Quorum,Qué rico come tu diputado,@quorumgt/videos,channel,@eusebiovasquez4385,@eusebiovasquez4385,1.0,False,1,0,False,False,hace 2 años,1 - 2 anos,730.5,Pero que estará aportando éste delincuente,aportar delincuente,aportando delincuente,[],[],[],[],0,0,0,0,Pero que estará aportando éste delincuente,42,19,6,2,True,False,Qué rico come tu diputado,UCE4rsXcgDb6e1-a9iTbWzfg,Quorum,/@quorumgt,/@quorumgt,News & Politics,Quorum GT,topic,11775,2024-08-27T14:09:51-07:00,2024-08-27 21:09:51+00:00,[],[],"En @ConCriteriogt hablaron hoy sobre nuestro reportaje ""Qué rico come tu diputado"", en el que contamos los almuerzos más caros pagados con fondos públicos entre enero y abril de este año.

Entrevistaron al diputado Nery Rodas, de CABAL, quien asegura que son problemas ""mínimos"".

Si no has leído el repor podés hacerlo acá https://quorum.gt/poder/comida_diputados/",0,https://www.youtube.com/watch?v=n8iP75gIpmw
PjmxCj-a9Hg,UgzxhrnRAMNePfy6u7J4AaABAg,Conferencia de Prensa del Gobierno de Guatemala. #LaRondaGt,Gobierno de la República de Guatemala,UC-ZtFBHzgkYFh7whZkuR_Ag,@ronaldgarcia8522,UCGX_UbAQOXGZknv5iqklwTA,Este hombre esta loco,@GobiernodeGuatemala,topic,PjmxCj-a9Hg_out_comments.csv | youtube_guatemala_plus_comments.csv,/@ronaldgarcia8522,hace 1 año,1,0,False,,@ronaldgarcia8522,Gobierno de la República de Guatemala,Conferencia de Prensa del Gobierno de Guatemala. #LaRondaGt,@GobiernodeGuatemala,topic,@ronaldgarcia8522,@ronaldgarcia8522,1.0,False,1,0,False,False,hace 1 año,1 mes - 1 ano,365.25,Este hombre esta loco,hombre loco,hombre loco,[],[],[],[],0,0,0,0,Este hombre esta loco,21,11,4,2,True,False,Conferencia de Prensa del Gobierno de Guatemala. #LaRondaGt,UC-ZtFBHzgkYFh7whZkuR_Ag,Gobierno de la República de Guatemala,/@GobiernodelaRepublicadeGuatema,/@GobiernodelaRepublicadeGuatema,Entertainment,@GobiernodeGuatemala,topic,3628,2025-08-11T20:14:15-07:00,2025-08-12 03:14:15+00:00,[],[],Conferencia de Prensa del Gobierno de Guatemala. #LaRondaGt,0,https://www.youtube.com/watch?v=PjmxCj-a9Hg
n8iP75gIpmw,UgzzpE27HS1dmWfyATJ4AaABAg,Qué rico come tu diputado,Quorum,UCE4rsXcgDb6e1-a9iTbWzfg,@normaleticiaorozcojuarez2418,UC-hfX8J5JPJ-dfuakzegMLA,"Si son asesores los que participan en las mesas de trabajo, ellos también tienen buenos sueldos y pueden costear sus gastos personales, jamás con el sueldo de  los Diputados y menos con recursos del pueblo, hay que ser  verdaderamente CABAL. Con respecto a el trabajo que realizan , cualquier proyecto que sea  y en sus diferentes etapas, considero que lo hace porque le gusta  y se siente realizado, se le recuerda que no es gratis, reciben un sueldo y que los compromisos laborales no se resuelven en un restaurante,  para eso están oficinas, las reuniones  en estos lugares es más convivencia que trabajo.  Que Dios les ilumine.",@quorumgt/videos,channel,quorum_complete_comments.csv | youtube_guatemala_plus_comments.csv,/@normaleticiaorozcojuarez2418,hace 2 años (editado),6,0,False,,@normaleticiaorozcojuarez2418,Quorum,Qué rico come tu diputado,@quorumgt/videos,channel,@normaleticiaorozcojuarez2418,@normaleticiaorozcojuarez2418,6.0,False,6,0,False,True,hace 2 años,1 - 2 anos,730.5,"Si son asesores los que participan en las mesas de trabajo, ellos también tienen buenos sueldos y pueden costear sus gastos personales, jamás con el sueldo de  los Diputados y menos con recursos del pueblo, hay que ser  verdaderamente CABAL. Con respecto a el trabajo que realizan , cualquier proyecto que sea  y en sus diferentes etapas, considero que lo hace porque le gusta  y se siente realizado, se le recuerda que no es gratis, reciben un sueldo y que los compromisos laborales no se resuelven en un restaurante,  para eso están oficinas, las reuniones  en estos lugares es más convivencia que trabajo.  Que Dios les ilumine.",asesor participar mesa trabajo sueldo costear gasto personal jama sueldo diputado recurso pueblo verdaderamente cabal trabajo proyecto etapa gusta recordar gratis recibir sueldo compromiso laboral resolver restaurante oficina reunion lugar convivencia trabajo iluminir,asesores participan mesas trabajo sueldos costear gastos personales jamas sueldo diputados recursos pueblo verdaderamente cabal trabajo realizan proyecto etapas gusta recuerda gratis reciben sueldo compromisos laborales resuelven restaurante oficinas reuniones lugares convivencia trabajo dios ilumine,[],[],[],[],0,0,0,0,"Si son asesores los que participan en las mesas de trabajo, ellos también tienen buenos sueldos y pueden costear sus gastos personales, jamás con el sueldo de los Diputados y menos con recursos del pueblo, hay que ser verdaderamente CABAL. Con respecto a el trabajo que realizan , cualquier proyecto que sea y en sus diferentes etapas, considero que lo hace porque le gusta y se siente realizado, se le recuerda que no es gratis, reciben un sueldo y que los compromisos laborales no se resuelven en un restaurante, para eso están oficinas, las reuniones en estos lugares es más convivencia que trabajo. Que Dios les ilumine.",631,268,107,33,True,False,Qué rico come tu diputado,UCE4rsXcgDb6e1-a9iTbWzfg,Quorum,/@quorumgt,/@quorumgt,News & Politics,Quorum GT,topic,11775,2024-08-27T14:09:51-07:00,2024-08-27 21:09:51+00:00,[],[],"En @ConCriteriogt hablaron hoy sobre nuestro reportaje ""Qué rico come tu diputado"", en el que contamos los almuerzos más caros pagados con fondos públicos entre enero y abril de este año.

Entrevistaron al diputado Nery Rodas, de CABAL, quien asegura que son problemas ""mínimos"".

Si no has leído el repor podés hacerlo acá https://quorum.gt/poder/comida_diputados/",0,https://www.youtube.com/watch?v=n8iP75gIpmw
